"   ","INTEREST_MST_ID","OPERATION_BRANCH","GLCODE","NEW_AC_NUMBER","SUB_AC_NUMBER","TRANSACTION_DATE","INTEREST_FROM_DATE","INTEREST_UPTO_DATE","INTEREST_RATE","PRINCIPAL_PRODUCT","NO_OF_DAYS","NO_OF_MONTHS","INTEREST_AMOUNT","OVERDUE_PRODUCT","OVDNO_OF_DAYS","OVD_INT_RATE","PENAL_RATE","OVERDUE_INTEREST","TOTAL_INTEREST","CALC_USER_ID","PARTICULARS","POST_FLAG","POSTED_FLAG","INT_TRF_GLCODE","INT_TRF_NEWACNO","INT_TRF_SUBACNO","OVD_INT_FLAG","LIEN_GLCODE","LIEN_NEWACNO","LIEN_SUBACNO","INT_FROM_ACOPDT","INT_PAID","PRODUCT_FROM_DATE","PRODUCT_UPTO_DATE","BRANCH_MST_ID","INTEREST_PAID","ACTUAL_INTEREST","TDS_AMOUNT","INV_GOVT_TRAN_ID","TDS_EDU_CESS","TDS_SEC_HIGH_CESS","ACTUAL_PENAL_INT","PENAL_INT_PAID"
"1","91737","1","1050101","000104420000010","1","8/31/2026","8/31/2026","8/31/2026","26.800000","117332.83","0","0","117332.83","0","0","0.000000","0.000000","0.00","117332.83","55555","","Y","Y","1050101","000104420000010","1","","","","","0.00","","8/1/2026","8/31/2026","1","0.00","117332.83","","","","","",""
"2","91738","1","1050101","000104420000011","1","8/31/2026","8/31/2026","8/31/2026","32.300000","7744170.14","0","0","7744170.14","0","0","0.000000","0.000000","0.00","7744170.14","55555","","Y","Y","1050101","000104420000011","1","","","","","0.00","","8/1/2026","8/31/2026","1","0.00","7744170.14","","","","","",""
"3","91739","1","1050101","000104420000012","1","8/31/2026","8/31/2026","8/31/2026","26.500000","333961.45","0","0","333961.45","0","0","0.000000","0.000000","0.00","333961.45","55555","","Y","Y","1050101","000104420000012","1","","","","","0.00","","8/1/2026","8/31/2026","1","0.00","333961.45","","","","","",""
"4","91735","1","1050101","000104420000032","1","8/31/2026","8/31/2026","8/31/2026","28.800000","2272199.9","0","0","2272199.90","0","0","0.000000","0.000000","0.00","2272199.90","55555","","Y","Y","1050101","000104420000032","1","","","","","0.00","","8/1/2026","8/31/2026","1","0.00","2272199.90","","","","","",""
"5","91740","1","1050101","000104420000052","1","8/31/2026","8/31/2026","8/31/2026","28.800000","1409971.28","0","0","1409971.28","0","0","0.000000","0.000000","0.00","1409971.28","55555","","Y","Y","1050101","000104420000052","1","","","","","0.00","","8/1/2026","8/31/2026","1","0.00","1409971.28","","","","","",""
"6","91736","1","1050101","000104420000062","1","8/31/2026","8/31/2026","8/31/2026","28.800000","1103290.42","0","0","1103290.42","0","0","0.000000","0.000000","0.00","1103290.42","55555","","Y","Y","1050101","000104420000062","1","","","","","0.00","","8/1/2026","8/31/2026","1","0.00","1103290.42","","","","","",""
"7","91741","1","1050101","000104420000064","1","8/31/2026","8/31/2026","8/31/2026","28.800000","8080528.99","0","0","8080528.99","0","0","0.000000","0.000000","0.00","8080528.99","55555","","Y","Y","1050101","000104420000064","1","","","","","0.00","","8/1/2026","8/31/2026","1","0.00","8080528.99","","","","","",""
"8","91757","1","1050102","000104430000002","1","8/31/2026","8/31/2026","8/31/2026","31.090000","9482966.65","0","0","9482966.65","0","0","0.000000","0.000000","0.00","9482966.65","55555","","Y","Y","1050102","000104430000002","1","","","","","0.00","","8/1/2026","8/31/2026","1","0.00","9482966.65","","","","","",""
"9","91744","1","1050102","000104430000062","1","8/31/2026","8/31/2026","8/31/2026","28.800000","16351738.44","0","0","16351738.44","0","0","0.000000","0.000000","0.00","16351738.44","55555","","Y","Y","1050102","000104430000062","1","","","","","0.00","","8/1/2026","8/31/2026","1","0.00","16351738.44","","","","","",""
"10","91750","1","1050102","000104430000064","1","8/31/2026","8/31/2026","8/31/2026","28.500000","573928.05","0","0","573928.05","0","0","0.000000","0.000000","0.00","573928.05","55555","","Y","Y","1050102","000104430000064","1","","","","","0.00","","8/1/2026","8/31/2026","1","0.00","573928.05","","","","","",""
"11","91751","1","1050102","000104430000068","1","8/31/2026","8/31/2026","8/31/2026","28.800000","4250130.28","0","0","4250130.28","0","0","0.000000","0.000000","0.00","4250130.28","55555","","Y","Y","1050102","000104430000068","1","","","","","0.00","","8/1/2026","8/31/2026","1","0.00","4250130.28","","","","","",""
"12","91758","1","1050102","000104430000069","1","8/31/2026","8/31/2026","8/31/2026","25.300000","3210838.14","0","0","3210838.14","0","0","0.000000","0.000000","0.00","3210838.14","55555","","Y","Y","1050102","000104430000069","1","","","","","0.00","","8/1/2026","8/31/2026","1","0.00","3210838.14","","","","","",""
"13","91745","1","1050102","000104430000070","1","8/31/2026","8/31/2026","8/31/2026","26.800000","10048024.67","0","0","10048024.67","0","0","0.000000","0.000000","0.00","10048024.67","55555","","Y","Y","1050102","000104430000070","1","","","","","0.00","","8/1/2026","8/31/2026","1","0.00","10048024.67","","","","","",""
"14","91746","1","1050102","000104430000071","1","8/31/2026","8/31/2026","8/31/2026","25.700000","20300177.53","0","0","20300177.53","0","0","0.000000","0.000000","0.00","20300177.53","55555","","Y","Y","1050102","000104430000071","1","","","","","0.00","","8/1/2026","8/31/2026","1","0.00","20300177.53","","","","","",""
"15","91747","1","1050102","000104430000073","1","8/31/2026","8/31/2026","8/31/2026","25.800000","5445902.9","0","0","5445902.90","0","0","0.000000","0.000000","0.00","5445902.90","55555","","Y","Y","1050102","000104430000073","1","","","","","0.00","","8/1/2026","8/31/2026","1","0.00","5445902.90","","","","","",""
"16","91759","1","1050102","000104430000074","1","8/31/2026","8/31/2026","8/31/2026","25.700000","2783223.32","0","0","2783223.32","0","0","0.000000","0.000000","0.00","2783223.32","55555","","Y","Y","1050102","000104430000074","1","","","","","0.00","","8/1/2026","8/31/2026","1","0.00","2783223.32","","","","","",""
"17","91742","1","1050102","000104430000075","1","8/31/2026","8/31/2026","8/31/2026","27.800000","2321026.11","0","0","2321026.11","0","0","0.000000","0.000000","0.00","2321026.11","55555","","Y","Y","1050102","000104430000075","1","","","","","0.00","","8/1/2026","8/31/2026","1","0.00","2321026.11","","","","","",""
"18","91752","1","1050102","000104430000076","1","8/31/2026","8/31/2026","8/31/2026","28.800000","5176430.28","0","0","5176430.28","0","0","0.000000","0.000000","0.00","5176430.28","55555","","Y","Y","1050102","000104430000076","1","","","","","0.00","","8/1/2026","8/31/2026","1","0.00","5176430.28","","","","","",""
"19","91748","1","1050102","000104430000077","1","8/31/2026","8/31/2026","8/31/2026","25.800000","77265.15","0","0","77265.15","0","0","0.000000","0.000000","0.00","77265.15","55555","","Y","Y","1050102","000104430000077","1","","","","","0.00","","8/1/2026","8/31/2026","1","0.00","77265.15","","","","","",""
"20","91743","1","1050102","000104430000079","1","8/31/2026","8/31/2026","8/31/2026","27.800000","1405349.88","0","0","1405349.88","0","0","0.000000","0.000000","0.00","1405349.88","55555","","Y","Y","1050102","000104430000079","1","","","","","0.00","","8/1/2026","8/31/2026","1","0.00","1405349.88","","","","","",""
"21","91753","1","1050102","000104430000082","1","8/31/2026","8/31/2026","8/31/2026","26.700000","13211539.96","0","0","13211539.96","0","0","0.000000","0.000000","0.00","13211539.96","55555","","Y","Y","1050102","000104430000082","1","","","","","0.00","","8/1/2026","8/31/2026","1","0.00","13211539.96","","","","","",""
"22","91756","1","1050102","000104430000084","1","8/31/2026","8/31/2026","8/31/2026","26.700000","6159493.73","0","0","6159493.73","0","0","0.000000","0.000000","0.00","6159493.73","55555","","Y","Y","1050102","000104430000084","1","","","","","0.00","","8/1/2026","8/31/2026","1","0.00","6159493.73","","","","","",""
"23","91749","1","1050102","000104430000085","1","8/31/2026","8/31/2026","8/31/2026","28.600000","3163291.79","0","0","3163291.79","0","0","0.000000","0.000000","0.00","3163291.79","55555","","Y","Y","1050102","000104430000085","1","","","","","0.00","","8/1/2026","8/31/2026","1","0.00","3163291.79","","","","","",""
"24","91754","1","1050102","000104430000086","1","8/31/2026","8/31/2026","8/31/2026","26.800000","5982929.7","0","0","5982929.70","0","0","0.000000","0.000000","0.00","5982929.70","55555","","Y","Y","1050102","000104430000086","1","","","","","0.00","","8/1/2026","8/31/2026","1","0.00","5982929.70","","","","","",""
"25","91755","1","1050102","000104430000087","1","8/31/2026","8/31/2026","8/31/2026","28.800000","5677751.85","0","0","5677751.85","0","0","0.000000","0.000000","0.00","5677751.85","55555","","Y","Y","1050102","000104430000087","1","","","","","0.00","","8/1/2026","8/31/2026","1","0.00","5677751.85","","","","","",""
"26","91760","1","1050102","000104430000089","1","8/31/2026","8/31/2026","8/31/2026","27.800000","8139539.27","0","0","8139539.27","0","0","0.000000","0.000000","0.00","8139539.27","55555","","Y","Y","1050102","000104430000089","1","","","","","0.00","","8/1/2026","8/31/2026","1","0.00","8139539.27","","","","","",""
"27","91766","1","1050201","000104450000038","1","8/31/2026","8/31/2026","8/31/2026","10.000000","319.3","0","0","319.30","0","0","0.000000","0.000000","0.00","319.30","55555","","Y","Y","1050201","000104450000038","1","","","","","0.00","","8/1/2026","8/31/2026","1","0.00","319.30","","","","","",""
"28","91770","1","1050201","000104450000049","1","8/31/2026","8/31/2026","8/31/2026","10.000000","269.7","0","0","269.70","0","0","0.000000","0.000000","0.00","269.70","55555","","Y","Y","1050201","000104450000049","1","","","","","0.00","","8/1/2026","8/31/2026","1","0.00","269.70","","","","","",""
"29","91763","1","1050201","000104450000056","1","8/31/2026","8/31/2026","8/31/2026","10.000000","613936.54","0","0","613936.54","0","0","0.000000","0.000000","0.00","613936.54","55555","","Y","Y","1050201","000104450000056","1","","","","","0.00","","8/1/2026","8/31/2026","1","0.00","613936.54","","","","","",""
"30","91771","1","1050201","000104450000063","1","8/31/2026","8/31/2026","8/31/2026","10.000000","662607.36","0","0","662607.36","0","0","0.000000","0.000000","0.00","662607.36","55555","","Y","Y","1050201","000104450000063","1","","","","","0.00","","8/1/2026","8/31/2026","1","0.00","662607.36","","","","","",""
"31","91767","1","1050201","000104450000076","1","8/31/2026","8/31/2026","8/31/2026","10.000000","46800.08","0","0","46800.08","0","0","0.000000","0.000000","0.00","46800.08","55555","","Y","Y","1050201","000104450000076","1","","","","","0.00","","8/1/2026","8/31/2026","1","0.00","46800.08","","","","","",""
"32","91768","1","1050201","000104450000077","1","8/31/2026","8/31/2026","8/31/2026","10.000000","570467.76","0","0","570467.76","0","0","0.000000","0.000000","0.00","570467.76","55555","","Y","Y","1050201","000104450000077","1","","","","","0.00","","8/1/2026","8/31/2026","1","0.00","570467.76","","","","","",""
"33","91764","1","1050201","000104450000084","1","8/31/2026","8/31/2026","8/31/2026","10.000000","59829.07","0","0","59829.07","0","0","0.000000","0.000000","0.00","59829.07","55555","","Y","Y","1050201","000104450000084","1","","","","","0.00","","8/1/2026","8/31/2026","1","0.00","59829.07","","","","","",""
"34","91761","1","1050201","000104450000085","1","8/31/2026","8/31/2026","8/31/2026","10.000000","1576590.25","0","0","1576590.25","0","0","0.000000","0.000000","0.00","1576590.25","55555","","Y","Y","1050201","000104450000085","1","","","","","0.00","","8/1/2026","8/31/2026","1","0.00","1576590.25","","","","","",""
"35","91769","1","1050201","000104450000086","1","8/31/2026","8/31/2026","8/31/2026","10.000000","2194528.79","0","0","2194528.79","0","0","0.000000","0.000000","0.00","2194528.79","55555","","Y","Y","1050201","000104450000086","1","","","","","0.00","","8/1/2026","8/31/2026","1","0.00","2194528.79","","","","","",""
"36","91762","1","1050201","000104450000090","1","8/31/2026","8/31/2026","8/31/2026","10.000000","672601.73","0","0","672601.73","0","0","0.000000","0.000000","0.00","672601.73","55555","","Y","Y","1050201","000104450000090","1","","","","","0.00","","8/1/2026","8/31/2026","1","0.00","672601.73","","","","","",""
"37","91765","1","1050201","000104450000098","1","8/31/2026","8/31/2026","8/31/2026","10.000000","632876.72","0","0","632876.72","0","0","0.000000","0.000000","0.00","632876.72","55555","","Y","Y","1050201","000104450000098","1","","","","","0.00","","8/25/2026","8/31/2026","1","0.00","632876.72","","","","","",""
"38","91775","1","1050202","000104460000055","1","8/31/2026","8/31/2026","8/31/2026","10.000000","30849.34","0","0","30849.34","0","0","0.000000","0.000000","0.00","30849.34","55555","","Y","Y","1050202","000104460000055","1","","","","","0.00","","8/1/2026","8/31/2026","1","0.00","30849.34","","","","","",""
"39","91779","1","1050202","000104460000059","1","8/31/2026","8/31/2026","8/31/2026","10.000000","282880.27","0","0","282880.27","0","0","0.000000","0.000000","0.00","282880.27","55555","","Y","Y","1050202","000104460000059","1","","","","","0.00","","8/1/2026","8/31/2026","1","0.00","282880.27","","","","","",""
"40","91772","1","1050202","000104460000065","1","8/31/2026","8/31/2026","8/31/2026","10.000000","131039.59","0","0","131039.59","0","0","0.000000","0.000000","0.00","131039.59","55555","","Y","Y","1050202","000104460000065","1","","","","","0.00","","8/1/2026","8/31/2026","1","0.00","131039.59","","","","","",""
"41","91783","1","1050202","000104460000071","1","8/31/2026","8/31/2026","8/31/2026","10.000000","662829.27","0","0","662829.27","0","0","0.000000","0.000000","0.00","662829.27","55555","","Y","Y","1050202","000104460000071","1","","","","","0.00","","8/1/2026","8/31/2026","1","0.00","662829.27","","","","","",""
"42","91785","1","1050202","000104460000075","1","8/31/2026","8/31/2026","8/31/2026","10.000000","1109744.2","0","0","1109744.20","0","0","0.000000","0.000000","0.00","1109744.20","55555","","Y","Y","1050202","000104460000075","1","","","","","0.00","","8/1/2026","8/31/2026","1","0.00","1109744.20","","","","","",""
"43","91780","1","1050202","000104460000079","1","8/31/2026","8/31/2026","8/31/2026","10.000000","435913.94","0","0","435913.94","0","0","0.000000","0.000000","0.00","435913.94","55555","","Y","Y","1050202","000104460000079","1","","","","","0.00","","8/1/2026","8/31/2026","1","0.00","435913.94","","","","","",""
"44","91796","1","1050202","000104460000080","1","8/31/2026","8/31/2026","8/31/2026","10.000000","417049.82","0","0","417049.82","0","0","0.000000","0.000000","0.00","417049.82","55555","","Y","Y","1050202","000104460000080","1","","","","","0.00","","8/1/2026","8/31/2026","1","0.00","417049.82","","","","","",""
"45","91797","1","1050202","000104460000081","1","8/31/2026","8/31/2026","8/31/2026","10.000000","259055.53","0","0","259055.53","0","0","0.000000","0.000000","0.00","259055.53","55555","","Y","Y","1050202","000104460000081","1","","","","","0.00","","8/1/2026","8/31/2026","1","0.00","259055.53","","","","","",""
"46","91786","1","1050202","000104460000083","1","8/31/2026","8/31/2026","8/31/2026","10.000000","492803.59","0","0","492803.59","0","0","0.000000","0.000000","0.00","492803.59","55555","","Y","Y","1050202","000104460000083","1","","","","","0.00","","8/1/2026","8/31/2026","1","0.00","492803.59","","","","","",""
"47","91790","1","1050202","000104460000087","1","8/31/2026","8/31/2026","8/31/2026","10.000000","910812.24","0","0","910812.24","0","0","0.000000","0.000000","0.00","910812.24","55555","","Y","Y","1050202","000104460000087","1","","","","","0.00","","8/1/2026","8/31/2026","1","0.00","910812.24","","","","","",""
"48","91798","1","1050202","000104460000088","1","8/31/2026","8/31/2026","8/31/2026","10.000000","92925.6","0","0","92925.60","0","0","0.000000","0.000000","0.00","92925.60","55555","","Y","Y","1050202","000104460000088","1","","","","","0.00","","8/1/2026","8/31/2026","1","0.00","92925.60","","","","","",""
"49","91781","1","1050202","000104460000089","1","8/31/2026","8/31/2026","8/31/2026","10.000000","748930.68","0","0","748930.68","0","0","0.000000","0.000000","0.00","748930.68","55555","","Y","Y","1050202","000104460000089","1","","","","","0.00","","8/1/2026","8/31/2026","1","0.00","748930.68","","","","","",""
"50","91776","1","1050202","000104460000092","1","8/31/2026","8/31/2026","8/31/2026","10.000000","182.28","0","0","182.28","0","0","0.000000","0.000000","0.00","182.28","55555","","Y","Y","1050202","000104460000092","1","","","","","0.00","","8/1/2026","8/31/2026","1","0.00","182.28","","","","","",""
"51","91787","1","1050202","000104460000093","1","8/31/2026","8/31/2026","8/31/2026","10.000000","267210.02","0","0","267210.02","0","0","0.000000","0.000000","0.00","267210.02","55555","","Y","Y","1050202","000104460000093","1","","","","","0.00","","8/1/2026","8/31/2026","1","0.00","267210.02","","","","","",""
"52","91791","1","1050202","000104460000096","1","8/31/2026","8/31/2026","8/31/2026","10.000000","385237.93","0","0","385237.93","0","0","0.000000","0.000000","0.00","385237.93","55555","","Y","Y","1050202","000104460000096","1","","","","","0.00","","8/1/2026","8/31/2026","1","0.00","385237.93","","","","","",""
"53","91799","1","1050202","000104460000098","1","8/31/2026","8/31/2026","8/31/2026","10.000000","2817530.48","0","0","2817530.48","0","0","0.000000","0.000000","0.00","2817530.48","55555","","Y","Y","1050202","000104460000098","1","","","","","0.00","","8/1/2026","8/31/2026","1","0.00","2817530.48","","","","","",""
"54","91792","1","1050202","000104460000104","1","8/31/2026","8/31/2026","8/31/2026","10.000000","3790427.31","0","0","3790427.31","0","0","0.000000","0.000000","0.00","3790427.31","55555","","Y","Y","1050202","000104460000104","1","","","","","0.00","","8/1/2026","8/31/2026","1","0.00","3790427.31","","","","","",""
"55","91784","1","1050202","000104460000105","1","8/31/2026","8/31/2026","8/31/2026","10.000000","602522.16","0","0","602522.16","0","0","0.000000","0.000000","0.00","602522.16","55555","","Y","Y","1050202","000104460000105","1","","","","","0.00","","8/1/2026","8/31/2026","1","0.00","602522.16","","","","","",""
"56","91777","1","1050202","000104460000107","1","8/31/2026","8/31/2026","8/31/2026","10.000000","540177.79","0","0","540177.79","0","0","0.000000","0.000000","0.00","540177.79","55555","","Y","Y","1050202","000104460000107","1","","","","","0.00","","8/1/2026","8/31/2026","1","0.00","540177.79","","","","","",""
"57","91782","1","1050202","000104460000108","1","8/31/2026","8/31/2026","8/31/2026","10.000000","270271.64","0","0","270271.64","0","0","0.000000","0.000000","0.00","270271.64","55555","","Y","Y","1050202","000104460000108","1","","","","","0.00","","8/1/2026","8/31/2026","1","0.00","270271.64","","","","","",""
"58","91778","1","1050202","000104460000110","1","8/31/2026","8/31/2026","8/31/2026","10.000000","1879290.99","0","0","1879290.99","0","0","0.000000","0.000000","0.00","1879290.99","55555","","Y","Y","1050202","000104460000110","1","","","","","0.00","","8/1/2026","8/31/2026","1","0.00","1879290.99","","","","","",""
"59","91793","1","1050202","000104460000112","1","8/31/2026","8/31/2026","8/31/2026","10.000000","438886.84","0","0","438886.84","0","0","0.000000","0.000000","0.00","438886.84","55555","","Y","Y","1050202","000104460000112","1","","","","","0.00","","8/1/2026","8/31/2026","1","0.00","438886.84","","","","","",""
"60","91794","1","1050202","000104460000113","1","8/31/2026","8/31/2026","8/31/2026","10.000000","1358710.47","0","0","1358710.47","0","0","0.000000","0.000000","0.00","1358710.47","55555","","Y","Y","1050202","000104460000113","1","","","","","0.00","","8/1/2026","8/31/2026","1","0.00","1358710.47","","","","","",""
"61","91795","1","1050202","000104460000114","1","8/31/2026","8/31/2026","8/31/2026","10.000000","1930228.02","0","0","1930228.02","0","0","0.000000","0.000000","0.00","1930228.02","55555","","Y","Y","1050202","000104460000114","1","","","","","0.00","","8/1/2026","8/31/2026","1","0.00","1930228.02","","","","","",""
"62","91800","1","1050202","000104460000115","1","8/31/2026","8/31/2026","8/31/2026","10.000000","1051035.6","0","0","1051035.60","0","0","0.000000","0.000000","0.00","1051035.60","55555","","Y","Y","1050202","000104460000115","1","","","","","0.00","","8/1/2026","8/31/2026","1","0.00","1051035.60","","","","","",""
"63","91773","1","1050202","000104460000116","1","8/31/2026","8/31/2026","8/31/2026","10.000000","3613366.51","0","0","3613366.51","0","0","0.000000","0.000000","0.00","3613366.51","55555","","Y","Y","1050202","000104460000116","1","","","","","0.00","","8/1/2026","8/31/2026","1","0.00","3613366.51","","","","","",""
"64","91788","1","1050202","000104460000117","1","8/31/2026","8/31/2026","8/31/2026","10.000000","1331750.81","0","0","1331750.81","0","0","0.000000","0.000000","0.00","1331750.81","55555","","Y","Y","1050202","000104460000117","1","","","","","0.00","","8/1/2026","8/31/2026","1","0.00","1331750.81","","","","","",""
"65","91789","1","1050202","000104460000118","1","8/31/2026","8/31/2026","8/31/2026","10.000000","424534.46","0","0","424534.46","0","0","0.000000","0.000000","0.00","424534.46","55555","","Y","Y","1050202","000104460000118","1","","","","","0.00","","8/1/2026","8/31/2026","1","0.00","424534.46","","","","","",""
"66","91801","1","1050202","000104460000119","1","8/31/2026","8/31/2026","8/31/2026","10.000000","363097.85","0","0","363097.85","0","0","0.000000","0.000000","0.00","363097.85","55555","","Y","Y","1050202","000104460000119","1","","","","","0.00","","8/1/2026","8/31/2026","1","0.00","363097.85","","","","","",""
"67","91774","1","1050202","000104460000120","1","8/31/2026","8/31/2026","8/31/2026","10.000000","5013416.1","0","0","5013416.10","0","0","0.000000","0.000000","0.00","5013416.10","55555","","Y","Y","1050202","000104460000120","1","","","","","0.00","","8/1/2026","8/31/2026","1","0.00","5013416.10","","","","","",""
"68","95121","1","1050401","000106050000001","1","8/31/2026","8/31/2026","8/31/2026","34.450000","11889542.57","0","0","11889542.57","0","0","0.000000","0.000000","0.00","11889542.57","55555","","Y","Y","1050401","000106050000001","1","","","","","0.00","","8/1/2026","8/31/2026","1","0.00","11889542.57","","","","","",""
"69","95112","1","1050401","000106050000002","1","8/31/2026","8/31/2026","8/31/2026","34.950000","4449764.8","0","0","4449764.80","0","0","0.000000","0.000000","0.00","4449764.80","55555","","Y","Y","1050401","000106050000002","1","","","","","0.00","","8/1/2026","8/31/2026","1","0.00","4449764.80","","","","","",""
"70","95122","1","1050401","000106050000003","1","8/31/2026","8/31/2026","8/31/2026","35.000000","25501928.05","0","0","25501928.05","0","0","0.000000","0.000000","0.00","25501928.05","55555","","Y","Y","1050401","000106050000003","1","","","","","0.00","","8/1/2026","8/31/2026","1","0.00","25501928.05","","","","","",""
"71","95114","1","1050401","000106050000004","1","8/31/2026","8/31/2026","8/31/2026","34.450000","13381947.75","0","0","13381947.75","0","0","0.000000","0.000000","0.00","13381947.75","55555","","Y","Y","1050401","000106050000004","1","","","","","0.00","","8/1/2026","8/31/2026","1","0.00","13381947.75","","","","","",""
"72","95115","1","1050401","000106050000005","1","8/31/2026","8/31/2026","8/31/2026","35.050000","10996060.53","0","0","10996060.53","0","0","0.000000","0.000000","0.00","10996060.53","55555","","Y","Y","1050401","000106050000005","1","","","","","0.00","","8/1/2026","8/31/2026","1","0.00","10996060.53","","","","","",""
"73","95111","1","1050401","000106050000006","1","8/31/2026","8/31/2026","8/31/2026","34.750000","87557344.57","0","0","87557344.57","0","0","0.000000","0.000000","0.00","87557344.57","55555","","Y","Y","1050401","000106050000006","1","","","","","0.00","","8/1/2026","8/31/2026","1","0.00","87557344.57","","","","","",""
"74","95116","1","1050401","000106050000007","1","8/31/2026","8/31/2026","8/31/2026","34.750000","12916020.42","0","0","12916020.42","0","0","0.000000","0.000000","0.00","12916020.42","55555","","Y","Y","1050401","000106050000007","1","","","","","0.00","","8/1/2026","8/31/2026","1","0.00","12916020.42","","","","","",""
"75","95117","1","1050401","000106050000008","1","8/31/2026","8/31/2026","8/31/2026","34.500000","20210772.71","0","0","20210772.71","0","0","0.000000","0.000000","0.00","20210772.71","55555","","Y","Y","1050401","000106050000008","1","","","","","0.00","","8/1/2026","8/31/2026","1","0.00","20210772.71","","","","","",""
"76","95124","1","1050401","000106050000009","1","8/31/2026","8/31/2026","8/31/2026","34.750000","9588485.38","0","0","9588485.38","0","0","0.000000","0.000000","0.00","9588485.38","55555","","Y","Y","1050401","000106050000009","1","","","","","0.00","","8/1/2026","8/31/2026","1","0.00","9588485.38","","","","","",""
"77","95125","1","1050401","000106050000010","1","8/31/2026","8/31/2026","8/31/2026","35.500000","48226339.16","0","0","48226339.16","0","0","0.000000","0.000000","0.00","48226339.16","55555","","Y","Y","1050401","000106050000010","1","","","","","0.00","","8/1/2026","8/31/2026","1","0.00","48226339.16","","","","","",""
"78","95120","1","1050401","000106050000011","1","8/31/2026","8/31/2026","8/31/2026","34.500000","17042659.2","0","0","17042659.20","0","0","0.000000","0.000000","0.00","17042659.20","55555","","Y","Y","1050401","000106050000011","1","","","","","0.00","","8/1/2026","8/31/2026","1","0.00","17042659.20","","","","","",""
"79","95123","1","1050401","000106050000012","1","8/31/2026","8/31/2026","8/31/2026","34.500000","220766.81","0","0","220766.81","0","0","0.000000","0.000000","0.00","220766.81","55555","","Y","Y","1050401","000106050000012","1","","","","","0.00","","8/1/2026","8/31/2026","1","0.00","220766.81","","","","","",""
"80","95118","1","1050401","000106050000013","1","8/31/2026","8/31/2026","8/31/2026","34.950000","26102232.81","0","0","26102232.81","0","0","0.000000","0.000000","0.00","26102232.81","55555","","Y","Y","1050401","000106050000013","1","","","","","0.00","","8/1/2026","8/31/2026","1","0.00","26102232.81","","","","","",""
"81","95113","1","1050401","000106050000014","1","8/31/2026","8/31/2026","8/31/2026","30.000000","3489041.1","0","0","3489041.10","0","0","0.000000","0.000000","0.00","3489041.10","55555","","Y","Y","1050401","000106050000014","1","","","","","0.00","","8/17/2026","8/31/2026","1","0.00","3489041.10","","","","","",""
"82","95119","1","1050401","000106050000015","1","8/31/2026","8/31/2026","8/31/2026","33.000000","904109.59","0","0","904109.59","0","0","0.000000","0.000000","0.00","904109.59","55555","","Y","Y","1050401","000106050000015","1","","","","","0.00","","","8/31/2026","1","0.00","904109.59","","","","","",""
