"   ","TABLE_NAME","COLUMN_NAME","DATA_TYPE","DATA_LENGTH","NUM_ROWS"
"1","CUMOVUCH_OLD","AC_GLCODE","VARCHAR2","10","13359"
"2","CUMVOUCH","AC_GLCODE","VARCHAR2","10","395162"
"3","CUMVOUCH_310724","AC_GLCODE","VARCHAR2","10","81"
"4","CUMVOUCH_3110","AC_GLCODE","VARCHAR2","10","742"
"5","CUMVOUCH_BAK","AC_GLCODE","VARCHAR2","10","19780"
"6","CUMVOUCH_BK240824","AC_GLCODE","VARCHAR2","10","12464"
"7","CUMVOUCH_CHET13062025","AC_GLCODE","VARCHAR2","10","71311"
"8","CUMVOUCH_MW","AC_GLCODE","VARCHAR2","10","58"
"9","CUMVOUCH_NF","AC_GLCODE","VARCHAR2","10","3217"
"10","CUMVOUCH_STCK","AC_GLCODE","VARCHAR2","10","0"
"11","DELETE_CUMVOUCH","AC_GLCODE","VARCHAR2","10","0"
"12","G_CUMVOUCH","AC_GLCODE","VARCHAR2","10",""
"13","INET_CUMVOUCH","AC_GLCODE","VARCHAR2","10","0"
"14","PARAG_BK","AC_GLCODE","VARCHAR2","10","1161"
"15","GLMASTER","CBS_GLCODE","VARCHAR2","10","533"
"16","GLMASTER_MW","CBS_GLCODE","VARCHAR2","10","173"
"17","GLMASTER_OLDDCB","CBS_GLCODE","VARCHAR2","10","1320"
"18","GLMASTER_REX","CBS_GLCODE","VARCHAR2","10","0"
"19","G_GLMASTER","CBS_GLCODE","VARCHAR2","10",""
"20","ACMASTER","CUSTOMER_ID","NUMBER","22","10862"
"21","ACMASTER_MW","CUSTOMER_ID","NUMBER","22","191"
"22","ACMASTER_NF","CUSTOMER_ID","NUMBER","22","0"
"23","ADDRESS_DETAILS","CUSTOMER_ID","NUMBER","22","4877"
"24","AGENT_MASTER","CUSTOMER_ID","NUMBER","22","2"
"25","CLOSE_MARK_SB_ACS","CUSTOMER_ID","NUMBER","22","0"
"26","CUSTOMER_LINKING","CUSTOMER_ID","NUMBER","22","0"
"27","CUSTOMER_MAST","CUSTOMER_ID","NUMBER","22","4885"
"28","CUST_APPRAISAL_DETAILS","CUSTOMER_ID","NUMBER","22","0"
"29","CUST_CIBIL_DETAILS","CUSTOMER_ID","NUMBER","22","0"
"30","CUST_FAMILY_DETAILS","CUSTOMER_ID","NUMBER","22","0"
"31","CUST_ORG_AUDITOR_INFO","CUSTOMER_ID","NUMBER","22","105"
"32","CUST_ORG_DIR_PROMO_INFO","CUSTOMER_ID","NUMBER","22","0"
"33","CUST_ORG_FIN_DETAILS","CUSTOMER_ID","NUMBER","22","0"
"34","CUST_OTH_INFO","CUSTOMER_ID","NUMBER","22","3542"
"35","CUST_OTH_INVESTMENT","CUSTOMER_ID","NUMBER","22","18"
"36","CUST_OTH_LOAN_DETAILS","CUSTOMER_ID","NUMBER","22","171"
"37","CUST_PHOTO_MAST","CUSTOMER_ID","NUMBER","22","0"
"38","CUST_PROMO_CASE_INFO","CUSTOMER_ID","NUMBER","22","19"
"39","CUST_SECURITY_DETAILS","CUSTOMER_ID","NUMBER","22","1197"
"40","CUST_SIGN_MAST","CUSTOMER_ID","NUMBER","22","0"
"41","CUST_SURETY_DETAILS","CUSTOMER_ID","NUMBER","22","17"
"42","CUST_THUMB_MAST","CUSTOMER_ID","NUMBER","22","0"
"43","DECEASE_CASE_DETAILS","CUSTOMER_ID","NUMBER","22","0"
"44","DOCUMENT_DETAIL","CUSTOMER_ID","NUMBER","22","0"
"45","EMAIL_SENT_DETAILS","CUSTOMER_ID","NUMBER","22","1"
"46","FILE_OPERATOR_DETAILS","CUSTOMER_ID","NUMBER","22","0"
"47","FILE_PARTY_MASTER","CUSTOMER_ID","NUMBER","22","0"
"48","F_FILER_DETAILS","CUSTOMER_ID","NUMBER","22","0"
"49","GROUP_MEMBER_MASTER","CUSTOMER_ID","NUMBER","22","0"
"50","GUARANTER_MASTER","CUSTOMER_ID","NUMBER","22","3368"
"51","G_ACMASTER","CUSTOMER_ID","NUMBER","22",""
"52","G_ADDRESS_DETAILS","CUSTOMER_ID","NUMBER","22",""
"53","G_AGENT_MASTER","CUSTOMER_ID","NUMBER","22",""
"54","G_CUSTOMER_MAST","CUSTOMER_ID","NUMBER","22",""
"55","G_CUST_APPRAISAL_DETAILS","CUSTOMER_ID","NUMBER","22",""
"56","G_CUST_CIBIL_DETAILS","CUSTOMER_ID","NUMBER","22",""
"57","G_CUST_ORG_AUDITOR_INFO","CUSTOMER_ID","NUMBER","22",""
"58","G_CUST_ORG_DIR_PROMO_INFO","CUSTOMER_ID","NUMBER","22",""
"59","G_CUST_ORG_FIN_DETAILS","CUSTOMER_ID","NUMBER","22",""
"60","G_CUST_OTH_INFO","CUSTOMER_ID","NUMBER","22",""
"61","G_CUST_OTH_INVESTMENT","CUSTOMER_ID","NUMBER","22",""
"62","G_CUST_OTH_LOAN_DETAILS","CUSTOMER_ID","NUMBER","22",""
"63","G_CUST_PHOTO_MAST","CUSTOMER_ID","NUMBER","22",""
"64","G_CUST_PROMO_CASE_INFO","CUSTOMER_ID","NUMBER","22",""
"65","G_CUST_SURETY_DETAILS","CUSTOMER_ID","NUMBER","22",""
"66","G_CUST_THUMB_MAST","CUSTOMER_ID","NUMBER","22",""
"67","G_DECEASE_CASE_DETAILS","CUSTOMER_ID","NUMBER","22",""
"68","G_DOCUMENT_DETAIL","CUSTOMER_ID","NUMBER","22",""
"69","G_FILE_OPERATOR_DETAILS","CUSTOMER_ID","NUMBER","22",""
"70","G_FILE_PARTY_MASTER","CUSTOMER_ID","NUMBER","22",""
"71","G_GET_BALANCING","CUSTOMER_ID","NUMBER","22",""
"72","G_GUARANTER_MASTER","CUSTOMER_ID","NUMBER","22",""
"73","G_INET_USER_DETAILS","CUSTOMER_ID","NUMBER","22",""
"74","G_LEASE_SUPPLIER_OPERATOR","CUSTOMER_ID","NUMBER","22",""
"75","G_NOMINEE_DETAILS","CUSTOMER_ID","NUMBER","22",""
"76","G_OPERATOR_DETAILS","CUSTOMER_ID","NUMBER","22",""
"77","G_PAC_SOCIETY_MAST","CUSTOMER_ID","NUMBER","22",""
"78","G_RECOVERY_AGENT_MASTER","CUSTOMER_ID","NUMBER","22",""
"79","G_SIGNATURE_MASTER","CUSTOMER_ID","NUMBER","22",""
"80","G_SUPPLIER_MASTER","CUSTOMER_ID","NUMBER","22",""
"81","INET_BANK_LOGIN","CUSTOMER_ID","NUMBER","22","0"
"82","INET_BANK_REGISTER","CUSTOMER_ID","NUMBER","22","0"
"83","INET_LOAN_REQUEST","CUSTOMER_ID","NUMBER","22","0"
"84","INET_NOTIFICATION_DETAILS","CUSTOMER_ID","NUMBER","22","0"
"85","INET_USER_DETAILS","CUSTOMER_ID","NUMBER","22","0"
"86","LEASE_SUPPLIER_MASTER","CUSTOMER_ID","NUMBER","22","2"
"87","LEASE_SUPPLIER_OPERATOR","CUSTOMER_ID","NUMBER","22","1"
"88","LOAN_APPR_TRANS_DETAILS","CUSTOMER_ID","NUMBER","22","0"
"89","LOAN_BOOK_DETAILS","CUSTOMER_ID","NUMBER","22","0"
"90","LOAN_BOOK_DETAILS_ALL","CUSTOMER_ID","NUMBER","22","725460"
"91","LOCKER_WAITING_REGISTER","CUSTOMER_ID","NUMBER","22","0"
"92","MAIIC_CASHFLOW_REGISTER","CUSTOMER_ID","NUMBER","22","2478"
"93","MAIIC_FACILITY_REGISTER","CUSTOMER_ID","NUMBER","22","362"
"94","MAIIC_GL_INTEREST_RECOGNIZED","CUSTOMER_ID","NUMBER","22","3996"
"95","NOMINEE_DETAILS","CUSTOMER_ID","NUMBER","22","0"
"96","OPERATOR_DETAILS","CUSTOMER_ID","NUMBER","22","7686"
"97","PAC_SOCIETY_MAST","CUSTOMER_ID","NUMBER","22","0"
"98","PD_SETTING_MASTER","CUSTOMER_ID","VARCHAR2","30","0"
"99","RECOVERY_AGENT_MASTER","CUSTOMER_ID","NUMBER","22","0"
"100","REPORT_FORMAT","CUSTOMER_ID","NUMBER","22","500"
"101","REPORT_FORMAT_NEW","CUSTOMER_ID","NUMBER","22","1070"
"102","SIGNATURE_MASTER","CUSTOMER_ID","NUMBER","22","4"
"103","SIGNATURE_MASTERVGCBS","CUSTOMER_ID","NUMBER","22","0"
"104","SIGNATURE_SCAN_DETAILS","CUSTOMER_ID","NUMBER","22","0"
"105","SMS_SENT_DETAILS","CUSTOMER_ID","NUMBER","22","1675"
"106","SUPPLIER_MASTER","CUSTOMER_ID","NUMBER","22","363"
"107","TAB_APP_SMS_SENT_DETAILS","CUSTOMER_ID","NUMBER","22","0"
"108","TAX_RTN_FILE_DETAILS","CUSTOMER_ID","NUMBER","22","0"
"109","TDS_ACCOUNT_DETAILS","CUSTOMER_ID","NUMBER","22","0"
"110","TDS_EXEMPTED_CUST_RATES","CUSTOMER_ID","NUMBER","22","0"
"111","TDS_EXEMPTION_DETAILS","CUSTOMER_ID","NUMBER","22","0"
"112","TDS_SPECIFIED_CUST","CUSTOMER_ID","NUMBER","22","0"
"113","TEMP_MASTER","CUSTOMER_ID","NUMBER","22","122"
"114","ACMASTER","FLOATING_FLAG","VARCHAR2","1","10862"
"115","ACMASTER_MW","FLOATING_FLAG","VARCHAR2","1","191"
"116","ACMASTER_NF","FLOATING_FLAG","VARCHAR2","1","0"
"117","G_ACMASTER","FLOATING_FLAG","VARCHAR2","1",""
"118","G_SCHEME_MASTER","FLOATING_FLAG","VARCHAR2","1",""
"119","SCHEME_MASTER","FLOATING_FLAG","VARCHAR2","1","114"
"120","SCHEME_MASTER_REX","FLOATING_FLAG","VARCHAR2","1","0"
"121","ABB_PARAMETER","GLCODE","VARCHAR2","10","0"
"122","ACCOUNT_BALANCE","GLCODE","VARCHAR2","10","75607"
"123","ACCOUNT_BALANCE_HISTORY","GLCODE","VARCHAR2","6","0"
"124","ACCOUNT_NO_GEN_MASTER","GLCODE","VARCHAR2","10","16"
"125","ACCOUNT_NO_MAPP","GLCODE","VARCHAR2","8","0"
"126","ACCOUNT_PAGE_DETAILS","GLCODE","VARCHAR2","10","639"
"127","ACMASTER","GLCODE","VARCHAR2","10","10862"
"128","ACMASTER_MW","GLCODE","VARCHAR2","10","191"
"129","ACMASTER_NF","GLCODE","VARCHAR2","10","0"
"130","AC_DEFAULT_DATE_DETAILS","GLCODE","VARCHAR2","10","7754904"
"131","AC_STATEMENT_LOG","GLCODE","VARCHAR2","10","0"
"132","AGENT_COMMISSION_DETAILS","GLCODE","VARCHAR2","10","0"
"133","ALLTRAN","GLCODE","VARCHAR2","10","13356"
"134","AML_NODE_TRANS","GLCODE","VARCHAR2","10","0"
"135","ATM_LOAN_CONFIG","GLCODE","VARCHAR2","50","0"
"136","ATM_PARAMETERS","GLCODE","VARCHAR2","10","0"
"137","AUTO_CHARGES_MASTER","GLCODE","VARCHAR2","10","1"
"138","AUTO_PROCESS_DETAILS","GLCODE","VARCHAR2","10","21"
"139","AUTO_PROC_EXEC_HIST","GLCODE","VARCHAR2","10","21119"
"140","BANK_BUDGET_MASTER","GLCODE","VARCHAR2","10","0"
"141","BANK_DEMAND_DRAFT","GLCODE","VARCHAR2","10","0"
"142","BANK_TARGET_DETAILS","GLCODE","VARCHAR2","10","0"
"143","CASE_RECOVERY_DETAILS","GLCODE","VARCHAR2","10","0"
"144","CASHSCROLL","GLCODE","VARCHAR2","10","0"
"145","CASH_BOOK","GLCODE","VARCHAR2","10","5731"
"146","CASH_BOOK_BK","GLCODE","VARCHAR2","10","4082"
"147","CHARGES_POSTING_HISALL","GLCODE","VARCHAR2","10","0"
"148","CHARGES_POSTING_HISTORY","GLCODE","VARCHAR2","10","0"
"149","CHEQUE_BOOK_REQUEST","GLCODE","VARCHAR2","10","0"
"150","CHEQUE_LEAVES_DETAIL","GLCODE","VARCHAR2","10","0"
"151","CLOSE_MARK_ACS","GLCODE","VARCHAR2","10","0"
"152","CLOSE_MARK_SB_ACS","GLCODE","VARCHAR2","10","0"
"153","COURT_CASE_MASTER","GLCODE","VARCHAR2","10","0"
"154","COURT_PARTY_LOAN_DETAILS","GLCODE","VARCHAR2","10","0"
"155","COURT_PARTY_MASTER","GLCODE","VARCHAR2","10","0"
"156","CREDIT_BALANCE","GLCODE","VARCHAR2","10","0"
"157","DAILY_INTEREST_ACCRUAL","GLCODE","VARCHAR2","10","54604"
"158","DAILY_INTEREST_ACCRUAL_DEPOSIT","GLCODE","VARCHAR2","10","0"
"159","DAILY_INT_ACCRUAL_LOANS","GLCODE","VARCHAR2","10","0"
"160","DCB_LOAN_ADJUSTMENTS","GLCODE","VARCHAR2","10","0"
"161","DIFF_INTEREST_PRODUCT","GLCODE","VARCHAR2","10","7521"
"162","DIFF_INTEREST_SUMMARY","GLCODE","VARCHAR2","10","29"
"163","DORMANT_SHIFT_SETTING","GLCODE","VARCHAR2","10","0"
"164","EMAIL_SENT_DETAILS","GLCODE","VARCHAR2","10","1"
"165","EXCEL_GLAPRIL","GLCODE","VARCHAR2","10","925"
"166","EXCEL_GLJULY","GLCODE","VARCHAR2","10","481"
"167","EXCEL_GLMARCH","GLCODE","VARCHAR2","10","1240"
"168","EXCEL_GLMARCH_140424","GLCODE","VARCHAR2","10","344"
"169","EXCEL_GLMARCH_NEW","GLCODE","VARCHAR2","10","2660"
"170","EXCEL_GLMARCH_NEW_BK","GLCODE","VARCHAR2","10","2660"
"171","EXCEL_GLMARCH_SUNDRY","GLCODE","VARCHAR2","10","3575"
"172","EXCEL_GLMARCH_TERM","GLCODE","VARCHAR2","10","2028"
"173","EXCEL_GLMAY","GLCODE","VARCHAR2","10","368"
"174","EXCEL_GLOCT","GLCODE","VARCHAR2","10","368"
"175","EXCEL_GLOCTOBER","GLCODE","VARCHAR2","10","1259"
"176","EXCEL_GLOCT_24","GLCODE","VARCHAR2","10","621"
"177","EXCEL_GLOCT_31","GLCODE","VARCHAR2","10","108"
"178","EXCEL_GLOCT_NEW","GLCODE","VARCHAR2","10","641"
"179","EXCEL_GLSEP","GLCODE","VARCHAR2","10","1078"
"180","EXCESS_INTEREST","GLCODE","VARCHAR2","10","0"
"181","FILE_LOAN_MASTER","GLCODE","VARCHAR2","10","0"
"182","FILE_NOT_IMPORTED","GLCODE","VARCHAR2","10","0"
"183","FILE_OTHER_AC_DETAILS","GLCODE","VARCHAR2","10","0"
"184","FILE_TEMPLATE_TRANSACTION","GLCODE","VARCHAR2","10","0"
"185","FIXLOAN_OVERDUE_DETAILS","GLCODE","VARCHAR2","10","81829"
"186","F_FILER_DETAILS","GLCODE","VARCHAR2","10","0"
"187","GLJULY","GLCODE","VARCHAR2","10","265"
"188","GL_CODE_DETAILS","GLCODE","VARCHAR2","10","0"
"189","GL_MAPPING_MASTER","GLCODE","VARCHAR2","10","0"
"190","GL_OPENING_BALANCE","GLCODE","VARCHAR2","10","598"
"191","GL_OPENING_BALANCE_02OCT24","GLCODE","VARCHAR2","10","357"
"192","GL_OPENING_BALANCE_120423","GLCODE","VARCHAR2","10","331"
"193","GL_OPENING_BALANCE_BK240824","GLCODE","VARCHAR2","10","331"
"194","GL_OPENING_BALANCE_OLD","GLCODE","VARCHAR2","10","0"
"195","GROUP_LN_BALANCE","GLCODE","VARCHAR2","15","0"
"196","G_ACMASTER","GLCODE","VARCHAR2","10",""
"197","G_BANK_DEMAND_DRAFT","GLCODE","VARCHAR2","10",""
"198","G_CHEQUE_BOOK_REQUEST","GLCODE","VARCHAR2","10",""
"199","G_COURT_CASE_MASTER","GLCODE","VARCHAR2","10",""
"200","G_COURT_PARTY_LOAN_DETAILS","GLCODE","VARCHAR2","10",""
"201","G_COURT_PARTY_MASTER","GLCODE","VARCHAR2","10",""
"202","G_FILE_LOAN_MASTER","GLCODE","VARCHAR2","10",""
"203","G_FILE_OTHER_AC_DETAILS","GLCODE","VARCHAR2","10",""
"204","G_GETUNPASSENTRY","GLCODE","VARCHAR2","10",""
"205","G_GET_BALANCING","GLCODE","VARCHAR2","200",""
"206","G_GL_OPENING_BALANCE","GLCODE","VARCHAR2","10",""
"207","G_LOAN_INT_SUBVEN_SETTING","GLCODE","VARCHAR2","10",""
"208","G_LOAN_SHARE_LINK_CONFIG","GLCODE","VARCHAR2","10",""
"209","G_NPA_CLASS_PARAMETERS","GLCODE","VARCHAR2","10",""
"210","G_PAC_MEM_AC_DETAILS","GLCODE","VARCHAR2","10",""
"211","G_RECON_BANK_ENTRIES","GLCODE","VARCHAR2","6",""
"212","G_RECON_BRANCH_ENTRIES","GLCODE","VARCHAR2","6",""
"213","G_SHARE_CERTIFICATE_DETAIL","GLCODE","VARCHAR2","10",""
"214","G_TOD_DETAILS","GLCODE","VARCHAR2","10",""
"215","HIDE_ACS_FM_USERLVL","GLCODE","VARCHAR2","10","0"
"216","INC_RPT_ROI_UPD","GLCODE","VARCHAR2","10","0"
"217","INET_ACOPEN_REQUEST","GLCODE","VARCHAR2","10","0"
"218","INTEREST_POSTING_HISTORY","GLCODE","VARCHAR2","10","0"
"219","INTEREST_PRODUCT","GLCODE","VARCHAR2","10","9319"
"220","INTEREST_PRODUCT_TEMP","GLCODE","VARCHAR2","10","0"
"221","INTEREST_SUMMARY","GLCODE","VARCHAR2","10","3391"
"222","INTEREST_SUMMARYFLAGN","GLCODE","VARCHAR2","10","0"
"223","INTEREST_SUMMARY_TEMP","GLCODE","VARCHAR2","10","0"
"224","INT_REVERSE_ACC","GLCODE","VARCHAR2","10","0"
"225","LOANACCOUNT","GLCODE","VARCHAR2","10","593"
"226","LOANACCOUNT_MEGA_SEED","GLCODE","VARCHAR2","10","95"
"227","LOANACCOUNT_MEGA_WORKING","GLCODE","VARCHAR2","10","116"
"228","LOAN_BOOK_DETAILS","GLCODE","VARCHAR2","10","0"
"229","LOAN_BOOK_DETAILS_ALL","GLCODE","VARCHAR2","10","725460"
"230","LOAN_INT_SUBVEN_DETAILS","GLCODE","VARCHAR2","20","70331"
"231","LOAN_INT_SUBVEN_DETAILS_CHET13062025","GLCODE","VARCHAR2","20","8350"
"232","LOAN_INT_SUBVEN_SETTING","GLCODE","VARCHAR2","10","12"
"233","LOAN_SANCTION_FORWARD","GLCODE","VARCHAR2","10","6192"
"234","LOAN_SHARE_LINK_CONFIG","GLCODE","VARCHAR2","10","0"
"235","MANUAL_CHARGES_MASTER","GLCODE","VARCHAR2","10","0"
"236","MFL_EXL","GLCODE","VARCHAR2","20","3164"
"237","MICR_IMPORT_DETAIL","GLCODE","VARCHAR2","6","0"
"238","MIG_PURGING_PROC","GLCODE","VARCHAR2","20","0"
"239","MISC_RECEIVABLE","GLCODE","VARCHAR2","10","0"
"240","MISC_RECEIVABLE_BACKUP","GLCODE","VARCHAR2","10","0"
"241","NPA_CLASS_PARAMETERS","GLCODE","VARCHAR2","10","10"
"242","NPA_DETAILS","GLCODE","VARCHAR2","10","1999843"
"243","NPA_LOSS_ASSET","GLCODE","VARCHAR2","10","0"
"244","OPENING_BAL","GLCODE","VARCHAR2","10","95"
"245","OPERATION_DETAILS","GLCODE","VARCHAR2","10","5361"
"246","OPERATOR_EXCEL","GLCODE","VARCHAR2","20","94"
"247","OVERDUE_DETAILS","GLCODE","VARCHAR2","10","1649269"
"248","PAC_MEM_AC_DETAILS","GLCODE","VARCHAR2","10","0"
"249","PAC_MEM_INTEREST_PRODUCT","GLCODE","VARCHAR2","10","0"
"250","PD_SETTING_MASTER","GLCODE","VARCHAR2","10","0"
"251","PEN_INTEREST_INACMASTER","GLCODE","VARCHAR2","20","0"
"252","PIGMY_FILE_TEMP_DATA","GLCODE","VARCHAR2","10","0"
"253","PIGMY_TRANSFER_DETAILS","GLCODE","VARCHAR2","10","0"
"254","PIGMY_TRF_AC_SETTING","GLCODE","VARCHAR2","10","0"
"255","PROBABLE_BS_SETTING","GLCODE","VARCHAR2","10","37"
"256","PROBABLE_TRIAL_BALANCE","GLCODE","VARCHAR2","10","2760"
"257","PROMO_CHARGES_MASTER","GLCODE","VARCHAR2","10","0"
"258","P_SALARY_POSTING_MASTER","GLCODE","VARCHAR2","10","8"
"259","P_SALARY_POSTING_VOUCHER","GLCODE","VARCHAR2","10","0"
"260","RECEIVABLE_UPDATE","GLCODE","VARCHAR2","20","0"
"261","RECON_BANK_ENTRIES","GLCODE","VARCHAR2","10","87"
"262","RECON_BRANCH_ENTRIES","GLCODE","VARCHAR2","10","59"
"263","RECON_NOT_IMPORTED","GLCODE","VARCHAR2","10","0"
"264","RECON_OPENING_BALANCE","GLCODE","VARCHAR2","10","16"
"265","RECON_OTH_SLAB_DETAIL","GLCODE","VARCHAR2","10","8"
"266","RECON_SLAB_DETAILS","GLCODE","VARCHAR2","10","2"
"267","RECON_TEMPLATE_MASTER","GLCODE","VARCHAR2","10","79"
"268","RECOVERY_MISMATCH","GLCODE","VARCHAR2","15","0"
"269","REC_CR_MAGOMENI","GLCODE","VARCHAR2","10","0"
"270","REC_CR_TEMEKE","GLCODE","VARCHAR2","10","0"
"271","REPORT_FORMAT","GLCODE","VARCHAR2","10","500"
"272","REPORT_FORMAT_NEW","GLCODE","VARCHAR2","10","1070"
"273","REPORT_FORMAT_OVERDUE","GLCODE","VARCHAR2","10","5"
"274","REPORT_GL_SELECTION","GLCODE","VARCHAR2","10","0"
"275","SAVING_ACT_PRODUCT","GLCODE","VARCHAR2","10","0"
"276","SAVING_ACT_SUMMARY","GLCODE","VARCHAR2","10","0"
"277","SB","GLCODE","VARCHAR2","10","126"
"278","SB_INT_PRODUCT_TEMP","GLCODE","VARCHAR2","10","0"
"279","SHARE_CERTIFICATE_DETAIL","GLCODE","VARCHAR2","10","0"
"280","SMS_SENT_DETAILS","GLCODE","VARCHAR2","10","1675"
"281","STAX_CALC_CONFIG","GLCODE","VARCHAR2","10","0"
"282","STAX_CALC_DETAILS","GLCODE","VARCHAR2","10","0"
"283","TAB_APP_SMS_SENT_DETAILS","GLCODE","VARCHAR2","10","0"
"284","TAX_TRF_SETTING","GLCODE","VARCHAR2","10","0"
"285","TEMP_MASTER","GLCODE","VARCHAR2","10","122"
"286","TEMP_TABLE","GLCODE","VARCHAR2","10","0"
"287","TOD_DETAILS","GLCODE","VARCHAR2","10","0"
"288","TOD_INTEREST_PRODUCT","GLCODE","VARCHAR2","10","0"
"289","TOD_INTEREST_PRODUCT_310319","GLCODE","VARCHAR2","10","0"
"290","TOD_INTEREST_SUMMARY","GLCODE","VARCHAR2","10","0"
"291","TOD_INTEREST_SUMMARY_310319","GLCODE","VARCHAR2","10","0"
"292","TRA_DETAILS","GLCODE","VARCHAR2","10","0"
"293","TRIAL_BALANCE","GLCODE","VARCHAR2","10","1560"
"294","TRIAL_BALANCE_ALL","GLCODE","VARCHAR2","10","5224"
"295","TRIAL_BALANCE_HISTORY","GLCODE","VARCHAR2","10","346261"
"296","USER_ACOPEN_RIGHTS","GLCODE","VARCHAR2","10","12064"
"297","AADHAR_INWARD_DETAILS","NEW_AC_NUMBER","VARCHAR2","20","0"
"298","ACCOUNT_BALANCE","NEW_AC_NUMBER","VARCHAR2","18","75607"
"299","ACCOUNT_BALANCE_HISTORY","NEW_AC_NUMBER","VARCHAR2","18","0"
"300","ACCOUNT_CLOSER_HISTORY","NEW_AC_NUMBER","VARCHAR2","18","21"
"301","ACCOUNT_CODE_DETAILS","NEW_AC_NUMBER","VARCHAR2","18","3469"
"302","ACCOUNT_LOCK_DETAILS","NEW_AC_NUMBER","VARCHAR2","18","0"
"303","ACCOUNT_NO_MAPP","NEW_AC_NUMBER","VARCHAR2","15","0"
"304","ACCOUNT_PASSBOOK_DETAILS","NEW_AC_NUMBER","VARCHAR2","18","0"
"305","ACCOUNT_STATUS_HISTORY","NEW_AC_NUMBER","VARCHAR2","18","10482"
"306","ACCOUNT_TRF_DETAILS","NEW_AC_NUMBER","VARCHAR2","18","0"
"307","ACC_AGENT_LINK_MASTER","NEW_AC_NUMBER","VARCHAR2","18","0"
"308","ACDEPOMASTER","NEW_AC_NUMBER","VARCHAR2","18","0"
"309","ACINFO","NEW_AC_NUMBER","VARCHAR2","18","0"
"310","ACLOANMASTER","NEW_AC_NUMBER","VARCHAR2","18","7154"
"311","ACMASTER","NEW_AC_NUMBER","VARCHAR2","18","10862"
"312","ACMASTER_MW","NEW_AC_NUMBER","VARCHAR2","18","191"
"313","ACMASTER_NF","NEW_AC_NUMBER","VARCHAR2","18","0"
"314","AC_CONTACT_PERSON","NEW_AC_NUMBER","VARCHAR2","18","347"
"315","AC_CREDIT_RATING_DETAILS","NEW_AC_NUMBER","VARCHAR2","18","0"
"316","AC_DEFAULT_DATE_DETAILS","NEW_AC_NUMBER","VARCHAR2","18","7754904"
"317","AC_FORWARD_CONTRACT","NEW_AC_NUMBER","VARCHAR2","18","0"
"318","AC_FORW_CONTR_TRAN","NEW_AC_NUMBER","VARCHAR2","18","0"
"319","AC_MIN_BALANCE","NEW_AC_NUMBER","VARCHAR2","18","2268"
"320","AC_MIN_BALANCE_SEP20","NEW_AC_NUMBER","VARCHAR2","18","0"
"321","AC_STATEMENT_LOG","NEW_AC_NUMBER","VARCHAR2","18","0"
"322","AC_TRAN_INTIMATE","NEW_AC_NUMBER","VARCHAR2","18","0"
"323","AML_NODE_TRANS","NEW_AC_NUMBER","VARCHAR2","18","0"
"324","ATM_AC_MASTER","NEW_AC_NUMBER","VARCHAR2","18","0"
"325","ATM_CARD_REQUEST","NEW_AC_NUMBER","VARCHAR2","18","0"
"326","ATM_CHQBK_STPRN_REQ","NEW_AC_NUMBER","VARCHAR2","18","0"
"327","ATM_INSTACARD_REQRESDET","NEW_AC_NUMBER","VARCHAR2","18","0"
"328","ATM_TRANSACTIONS","NEW_AC_NUMBER","VARCHAR2","18","0"
"329","BANK_CLG_OW_DETAILS","NEW_AC_NUMBER","VARCHAR2","18","0"
"330","BANK_DEMAND_DRAFT","NEW_AC_NUMBER","VARCHAR2","18","0"
"331","BANK_GUARANTEE_DETAILS","NEW_AC_NUMBER","VARCHAR2","18","2"
"332","BG_TRAN_DETAILS","NEW_AC_NUMBER","VARCHAR2","18","2"
"333","BORROW_CHART_DETAILS","NEW_AC_NUMBER","VARCHAR2","18","0"
"334","BORROW_DETAILS","NEW_AC_NUMBER","VARCHAR2","18","0"
"335","BORROW_DISB_DETAILS","NEW_AC_NUMBER","VARCHAR2","18","0"
"336","BORROW_INST_DETAILS","NEW_AC_NUMBER","VARCHAR2","18","0"
"337","BORROW_SANCTION_DETAILS","NEW_AC_NUMBER","VARCHAR2","18","0"
"338","BORROW_SECURITY_DETAILS","NEW_AC_NUMBER","VARCHAR2","18","0"
"339","BRANCH5_ACCOUNTS","NEW_AC_NUMBER","VARCHAR2","16","0"
"340","CASE_RECOVERY_DETAILS","NEW_AC_NUMBER","VARCHAR2","18","0"
"341","CASHSCROLL","NEW_AC_NUMBER","VARCHAR2","18","0"
"342","CHARGES_AMORTIZE_DETAILS","NEW_AC_NUMBER","VARCHAR2","18","0"
"343","CHARGES_POSTING_HISTORY","NEW_AC_NUMBER","VARCHAR2","18","0"
"344","CHEQUE_BOOK_DETAILS","NEW_AC_NUMBER","VARCHAR2","18","0"
"345","CHEQUE_BOOK_MASTER","NEW_AC_NUMBER","VARCHAR2","18","0"
"346","CHEQUE_BOOK_REQUEST","NEW_AC_NUMBER","VARCHAR2","18","0"
"347","CLG_MULTI_CHQ_DEAILS","NEW_AC_NUMBER","VARCHAR2","18","0"
"348","CLOSE_MARK_ACS","NEW_AC_NUMBER","VARCHAR2","18","0"
"349","CLOSE_MARK_SB_ACS","NEW_AC_NUMBER","VARCHAR2","18","0"
"350","COMMITMENT_SKIPACNO","NEW_AC_NUMBER","VARCHAR2","15","0"
"351","CONSUMER_LOAN_DETAILS","NEW_AC_NUMBER","VARCHAR2","18","0"
"352","COURT_CASE_MASTER","NEW_AC_NUMBER","VARCHAR2","18","0"
"353","COURT_PARTY_LOAN_DETAILS","NEW_AC_NUMBER","VARCHAR2","18","0"
"354","COURT_PARTY_MASTER","NEW_AC_NUMBER","VARCHAR2","18","0"
"355","CREDIT_BALANCE","NEW_AC_NUMBER","VARCHAR2","18","0"
"356","CUMOVUCH_OLD","NEW_AC_NUMBER","VARCHAR2","18","13359"
"357","CUMVOUCH","NEW_AC_NUMBER","VARCHAR2","18","395162"
"358","CUMVOUCH_310724","NEW_AC_NUMBER","VARCHAR2","18","81"
"359","CUMVOUCH_3110","NEW_AC_NUMBER","VARCHAR2","18","742"
"360","CUMVOUCH_BAK","NEW_AC_NUMBER","VARCHAR2","18","19780"
"361","CUMVOUCH_BK240824","NEW_AC_NUMBER","VARCHAR2","18","12464"
"362","CUMVOUCH_CHET13062025","NEW_AC_NUMBER","VARCHAR2","18","71311"
"363","CUMVOUCH_MW","NEW_AC_NUMBER","VARCHAR2","18","58"
"364","CUMVOUCH_NF","NEW_AC_NUMBER","VARCHAR2","18","3217"
"365","CUMVOUCH_STCK","NEW_AC_NUMBER","VARCHAR2","18","0"
"366","CUSTOMER_LINKING_DETAILS","NEW_AC_NUMBER","VARCHAR2","18","5"
"367","CUSTWISE_TDS_DETAILS","NEW_AC_NUMBER","VARCHAR2","18","0"
"368","DAILY_INTEREST_ACCRUAL","NEW_AC_NUMBER","VARCHAR2","18","54604"
"369","DAILY_INTEREST_ACCRUAL_DEPOSIT","NEW_AC_NUMBER","VARCHAR2","18","0"
"370","DAILY_INT_ACCRUAL_LOANS","NEW_AC_NUMBER","VARCHAR2","18","0"
"371","DCB_LOAN_ADJUSTMENTS","NEW_AC_NUMBER","VARCHAR2","15","0"
"372","DD_TYPE_MASTER","NEW_AC_NUMBER","VARCHAR2","18","0"
"373","DECEASE_AC_DETAILS","NEW_AC_NUMBER","VARCHAR2","18","0"
"374","DELETE_CUMVOUCH","NEW_AC_NUMBER","VARCHAR2","18","0"
"375","DIFF_INTEREST_PRODUCT","NEW_AC_NUMBER","VARCHAR2","18","7521"
"376","DIFF_INTEREST_SUMMARY","NEW_AC_NUMBER","VARCHAR2","18","29"
"377","DISBURSE_CHARGES_DETAILS","NEW_AC_NUMBER","VARCHAR2","18","0"
"378","DISCOUNT_CHQ_DEAILS","NEW_AC_NUMBER","VARCHAR2","18","0"
"379","DIVIDENT_DETAILS","NEW_AC_NUMBER","VARCHAR2","18","0"
"380","DOCUMENT_DETAIL","NEW_AC_NUMBER","VARCHAR2","18","0"
"381","DORMANT_AC","NEW_AC_NUMBER","VARCHAR2","18","0"
"382","DRAWAL_AC_DETAILS","NEW_AC_NUMBER","VARCHAR2","18","0"
"383","DRAWAL_DEMAND_DETAILS","NEW_AC_NUMBER","VARCHAR2","18","0"
"384","DRAWAL_STOCK_DETAILS","NEW_AC_NUMBER","VARCHAR2","18","0"
"385","ECLECTICS_TRAN_DETAILS","NEW_AC_NUMBER","VARCHAR2","18","0"
"386","EDUCATION_LOAN_DETAILS","NEW_AC_NUMBER","VARCHAR2","18","0"
"387","EMAIL_SENT_DETAILS","NEW_AC_NUMBER","VARCHAR2","18","1"
"388","EMPLOYEE_MASTER","NEW_AC_NUMBER","VARCHAR2","18","50"
"389","EQUI_SHARES_SECU_DETAILS","NEW_AC_NUMBER","VARCHAR2","18","3499"
"390","EXCEL_GLAPRIL","NEW_AC_NUMBER","VARCHAR2","18","925"
"391","EXCEL_GLJULY","NEW_AC_NUMBER","VARCHAR2","18","481"
"392","EXCEL_GLMARCH","NEW_AC_NUMBER","VARCHAR2","18","1240"
"393","EXCEL_GLMARCH_140424","NEW_AC_NUMBER","VARCHAR2","18","344"
"394","EXCEL_GLMARCH_NEW","NEW_AC_NUMBER","VARCHAR2","18","2660"
"395","EXCEL_GLMARCH_NEW_BK","NEW_AC_NUMBER","VARCHAR2","18","2660"
"396","EXCEL_GLMARCH_SUNDRY","NEW_AC_NUMBER","VARCHAR2","18","3575"
"397","EXCEL_GLMARCH_TERM","NEW_AC_NUMBER","VARCHAR2","18","2028"
"398","EXCEL_GLMAY","NEW_AC_NUMBER","VARCHAR2","18","368"
"399","EXCEL_GLOCT","NEW_AC_NUMBER","VARCHAR2","18","368"
"400","EXCEL_GLOCTOBER","NEW_AC_NUMBER","VARCHAR2","18","1259"
"401","EXCEL_GLOCT_24","NEW_AC_NUMBER","VARCHAR2","18","621"
"402","EXCEL_GLOCT_31","NEW_AC_NUMBER","VARCHAR2","18","108"
"403","EXCEL_GLOCT_NEW","NEW_AC_NUMBER","VARCHAR2","18","641"
"404","EXCEL_GLSEP","NEW_AC_NUMBER","VARCHAR2","18","1078"
"405","FILE_LOAN_MASTER","NEW_AC_NUMBER","VARCHAR2","18","0"
"406","FILE_NOT_IMPORTED","NEW_AC_NUMBER","VARCHAR2","18","0"
"407","FILE_OTHER_AC_DETAILS","NEW_AC_NUMBER","VARCHAR2","18","0"
"408","FILE_SALARY_DETAILS","NEW_AC_NUMBER","VARCHAR2","18","0"
"409","FILE_TEMPLATE_TRANSACTION","NEW_AC_NUMBER","VARCHAR2","18","0"
"410","FIXLOAN_INST_CHART","NEW_AC_NUMBER","VARCHAR2","18","95609"
"411","FIXLOAN_INST_CHART1","NEW_AC_NUMBER","VARCHAR2","18","3211"
"412","FIXLOAN_INST_CHART_141124","NEW_AC_NUMBER","VARCHAR2","18","9339"
"413","FIXLOAN_INST_CHART_300824","NEW_AC_NUMBER","VARCHAR2","18","4977"
"414","FIXLOAN_INST_CHART_CORRECTION","NEW_AC_NUMBER","VARCHAR2","18","0"
"415","FIXLOAN_INST_CHART_TEMP","NEW_AC_NUMBER","VARCHAR2","18","0"
"416","FIXLOAN_OVERDUE_DETAILS","NEW_AC_NUMBER","VARCHAR2","18","81829"
"417","FIX_INST_CHART28SEP","NEW_AC_NUMBER","VARCHAR2","18","9106"
"418","FLAT_ACC_INT_CORR","NEW_AC_NUMBER","VARCHAR2","15","0"
"419","FORGIVE_INTEREST_DETAILS","NEW_AC_NUMBER","VARCHAR2","18","2"
"420","F_FILER_DETAILS","NEW_AC_NUMBER","VARCHAR2","18","0"
"421","GLJULY","NEW_AC_NUMBER","VARCHAR2","18","265"
"422","GLMASTER","NEW_AC_NUMBER","VARCHAR2","18","533"
"423","GLMASTER_MW","NEW_AC_NUMBER","VARCHAR2","18","173"
"424","GLMASTER_OLDDCB","NEW_AC_NUMBER","VARCHAR2","18","1320"
"425","GLMASTER_REX","NEW_AC_NUMBER","VARCHAR2","18","0"
"426","GLPL_DIFFACC","NEW_AC_NUMBER","VARCHAR2","15","0"
"427","GOLD_LOAN_DETAILS","NEW_AC_NUMBER","VARCHAR2","18","0"
"428","GROUP_LN_APPLI_DETAILS","NEW_AC_NUMBER","VARCHAR2","18","0"
"429","GROUP_LN_BALANCE","NEW_AC_NUMBER","VARCHAR2","15","0"
"430","GUARANTER_MASTER","NEW_AC_NUMBER","VARCHAR2","18","3368"
"431","G_ACCOUNT_CODE_DETAILS","NEW_AC_NUMBER","VARCHAR2","18",""
"432","G_ACCOUNT_PASSBOOK_DETAILS","NEW_AC_NUMBER","VARCHAR2","18",""
"433","G_ACDEPOMASTER","NEW_AC_NUMBER","VARCHAR2","18",""
"434","G_ACLOANMASTER","NEW_AC_NUMBER","VARCHAR2","18",""
"435","G_ACMASTER","NEW_AC_NUMBER","VARCHAR2","18",""
"436","G_ACSTATEMENT_BIFURCATE","NEW_AC_NUMBER","VARCHAR2","30",""
"437","G_AC_CONTACT_PERSON","NEW_AC_NUMBER","VARCHAR2","18",""
"438","G_AC_FORWARD_CONTRACT","NEW_AC_NUMBER","VARCHAR2","18",""
"439","G_ATM_AC_MASTER","NEW_AC_NUMBER","VARCHAR2","18",""
"440","G_ATM_CARD_REQUEST","NEW_AC_NUMBER","VARCHAR2","18",""
"441","G_BANK_CLG_OW_DETAILS","NEW_AC_NUMBER","VARCHAR2","18",""
"442","G_BANK_DEMAND_DRAFT","NEW_AC_NUMBER","VARCHAR2","18",""
"443","G_BANK_GUARANTEE_DETAILS","NEW_AC_NUMBER","VARCHAR2","18",""
"444","G_BORROW_CHART_DETAILS","NEW_AC_NUMBER","VARCHAR2","18",""
"445","G_BORROW_DETAILS","NEW_AC_NUMBER","VARCHAR2","18",""
"446","G_BORROW_DISB_DETAILS","NEW_AC_NUMBER","VARCHAR2","18",""
"447","G_BORROW_INST_DETAILS","NEW_AC_NUMBER","VARCHAR2","18",""
"448","G_BORROW_SANCTION_DETAILS","NEW_AC_NUMBER","VARCHAR2","18",""
"449","G_BORROW_SECURITY_DETAILS","NEW_AC_NUMBER","VARCHAR2","18",""
"450","G_CHEQUE_BOOK_MASTER","NEW_AC_NUMBER","VARCHAR2","18",""
"451","G_CHEQUE_BOOK_REQUEST","NEW_AC_NUMBER","VARCHAR2","18",""
"452","G_CLG_MULTI_CHQ_DEAILS","NEW_AC_NUMBER","VARCHAR2","18",""
"453","G_CONSUMER_LOAN_DETAILS","NEW_AC_NUMBER","VARCHAR2","18",""
"454","G_COURT_CASE_MASTER","NEW_AC_NUMBER","VARCHAR2","18",""
"455","G_COURT_PARTY_LOAN_DETAILS","NEW_AC_NUMBER","VARCHAR2","18",""
"456","G_COURT_PARTY_MASTER","NEW_AC_NUMBER","VARCHAR2","18",""
"457","G_CUMVOUCH","NEW_AC_NUMBER","VARCHAR2","18",""
"458","G_DECEASE_AC_DETAILS","NEW_AC_NUMBER","VARCHAR2","18",""
"459","G_DOCUMENT_DETAIL","NEW_AC_NUMBER","VARCHAR2","18",""
"460","G_ECLECTICS_TRAN_DETAILS","NEW_AC_NUMBER","VARCHAR2","18",""
"461","G_EDUCATION_LOAN_DETAILS","NEW_AC_NUMBER","VARCHAR2","18",""
"462","G_EMPLOYEE_MASTER","NEW_AC_NUMBER","VARCHAR2","18",""
"463","G_EQUI_SHARES_SECU_DETAILS","NEW_AC_NUMBER","VARCHAR2","18",""
"464","G_FILE_LOAN_MASTER","NEW_AC_NUMBER","VARCHAR2","18",""
"465","G_FILE_OTHER_AC_DETAILS","NEW_AC_NUMBER","VARCHAR2","18",""
"466","G_GETUNPASSENTRY","NEW_AC_NUMBER","VARCHAR2","18",""
"467","G_GET_BALANCING","NEW_AC_NUMBER","VARCHAR2","20",""
"468","G_GLMASTER","NEW_AC_NUMBER","VARCHAR2","18",""
"469","G_GOLD_LOAN_DETAILS","NEW_AC_NUMBER","VARCHAR2","18",""
"470","G_GUARANTER_MASTER","NEW_AC_NUMBER","VARCHAR2","18",""
"471","G_IBC_DETAILS","NEW_AC_NUMBER","VARCHAR2","18",""
"472","G_INTEREST_SLAB_DETAILS","NEW_AC_NUMBER","VARCHAR2","18",""
"473","G_INV_CALL_MASTER","NEW_AC_NUMBER","VARCHAR2","18",""
"474","G_INV_GOVT_MASTER","NEW_AC_NUMBER","VARCHAR2","18",""
"475","G_INV_OTHER_MASTER","NEW_AC_NUMBER","VARCHAR2","18",""
"476","G_INV_SHARES_MASTER","NEW_AC_NUMBER","VARCHAR2","18",""
"477","G_INV_TD_MASTER","NEW_AC_NUMBER","VARCHAR2","18",""
"478","G_INWARD_CLEARING_DETAILS","NEW_AC_NUMBER","VARCHAR2","18",""
"479","G_LC_DETAILS","NEW_AC_NUMBER","VARCHAR2","18",""
"480","G_LIEN_DETAILS","NEW_AC_NUMBER","VARCHAR2","18",""
"481","G_LIVESTOCK_DETAILS","NEW_AC_NUMBER","VARCHAR2","18",""
"482","G_LOAN_DISBURSMENT_SCHEDULE","NEW_AC_NUMBER","VARCHAR2","18",""
"483","G_LOAN_DP_DETAILS","NEW_AC_NUMBER","VARCHAR2","18",""
"484","G_LOAN_INSURANCE_DETAILS","NEW_AC_NUMBER","VARCHAR2","18",""
"485","G_LOAN_SECURITY_DETAILS","NEW_AC_NUMBER","VARCHAR2","18",""
"486","G_LOAN_SUBSIDY_DETAILS","NEW_AC_NUMBER","VARCHAR2","18",""
"487","G_LOCKER_ISSUE_DEATILS","NEW_AC_NUMBER","VARCHAR2","18",""
"488","G_LOCKER_RENT_MULTI_INST","NEW_AC_NUMBER","VARCHAR2","18",""
"489","G_MEMBER_MASTER","NEW_AC_NUMBER","VARCHAR2","18",""
"490","G_MULTI_INST_DETAILS","NEW_AC_NUMBER","VARCHAR2","18",""
"491","G_NOMINEE_DETAILS","NEW_AC_NUMBER","VARCHAR2","18",""
"492","G_OBC_DETAILS","NEW_AC_NUMBER","VARCHAR2","18",""
"493","G_OPERATOR_DETAILS","NEW_AC_NUMBER","VARCHAR2","18",""
"494","G_PAC_MEM_AC_DETAILS","NEW_AC_NUMBER","VARCHAR2","18",""
"495","G_PROPERTY_MORTGAGE_DETAILS","NEW_AC_NUMBER","VARCHAR2","18",""
"496","G_PURPWISE_SANCTION_DETAILS","NEW_AC_NUMBER","VARCHAR2","18",""
"497","G_RECON_BANK_ENTRIES","NEW_AC_NUMBER","VARCHAR2","18",""
"498","G_RECON_BRANCH_ENTRIES","NEW_AC_NUMBER","VARCHAR2","18",""
"499","G_SANCTION_DETAILS","NEW_AC_NUMBER","VARCHAR2","18",""
"500","G_SHARES_DEBENTURE_DETAILS","NEW_AC_NUMBER","VARCHAR2","18",""
"501","G_SHARE_CERTIFICATE_DETAIL","NEW_AC_NUMBER","VARCHAR2","18",""
"502","G_SIGNATURE_MASTER","NEW_AC_NUMBER","VARCHAR2","18",""
"503","G_SPECIAL_INSTRUCTIONS","NEW_AC_NUMBER","VARCHAR2","18",""
"504","G_STATEMENTOFAC","NEW_AC_NUMBER","NUMBER","22",""
"505","G_STD_ORDER_DETAILS","NEW_AC_NUMBER","VARCHAR2","18",""
"506","G_TOD_DETAILS","NEW_AC_NUMBER","VARCHAR2","18",""
"507","G_VEHICLE_MACHINE_MASTER","NEW_AC_NUMBER","VARCHAR2","18",""
"508","G_WAREHOUSE_PLEDGE_DETAILS","NEW_AC_NUMBER","VARCHAR2","18",""
"509","G_WRITEOFF_CUST_PTP_DETAILS","NEW_AC_NUMBER","VARCHAR2","18",""
"510","G_WRITEOFF_RECOVERY_OFFICER","NEW_AC_NUMBER","VARCHAR2","18",""
"511","G_WRITEOFF_VISIT_COMMENT","NEW_AC_NUMBER","VARCHAR2","18",""
"512","HIDE_ACS_FM_USERLVL","NEW_AC_NUMBER","VARCHAR2","18","0"
"513","IBC_DETAILS","NEW_AC_NUMBER","VARCHAR2","18","0"
"514","INC_RPT_ROI_UPD","NEW_AC_NUMBER","VARCHAR2","15","0"
"515","INET_ACOPEN_REQUEST","NEW_AC_NUMBER","VARCHAR2","18","0"
"516","INET_BULK_TRANSACTIONS","NEW_AC_NUMBER","VARCHAR2","18","0"
"517","INET_CARD_BLOCK_HISTORY","NEW_AC_NUMBER","VARCHAR2","18","0"
"518","INET_CHKBK_REQUEST","NEW_AC_NUMBER","VARCHAR2","18","0"
"519","INET_CHQBOOK_REQUEST","NEW_AC_NUMBER","VARCHAR2","18","0"
"520","INET_CUMVOUCH","NEW_AC_NUMBER","VARCHAR2","18","0"
"521","INET_DD_REQUEST","NEW_AC_NUMBER","VARCHAR2","18","0"
"522","INET_EMAIL_REQUEST","NEW_AC_NUMBER","VARCHAR2","18","0"
"523","INET_ESTAT_REQUEST","NEW_AC_NUMBER","VARCHAR2","18","0"
"524","INET_NOTIFICATION_DETAILS","NEW_AC_NUMBER","VARCHAR2","18","0"
"525","INET_OTP_DETAILS","NEW_AC_NUMBER","VARCHAR2","18","0"
"526","INET_QUICK_TRAN_DETAILS","NEW_AC_NUMBER","VARCHAR2","18","0"
"527","INET_SESSION_MANAGEMENT","NEW_AC_NUMBER","VARCHAR2","18","0"
"528","INET_SMS_SENT_DETAILS","NEW_AC_NUMBER","VARCHAR2","18","0"
"529","INET_STOPPAY_REQUEST","NEW_AC_NUMBER","VARCHAR2","18","0"
"530","INET_TRANSACTION","NEW_AC_NUMBER","VARCHAR2","18","0"
"531","INET_TRAN_FILE_DETAILS","NEW_AC_NUMBER","VARCHAR2","18","0"
"532","INSURANCE_EXCEL","NEW_AC_NUMBER","VARCHAR2","20","73"
"533","INTEREST_PRODUCT","NEW_AC_NUMBER","VARCHAR2","18","9319"
"534","INTEREST_PRODUCT_TEMP","NEW_AC_NUMBER","VARCHAR2","18","0"
"535","INTEREST_SLAB_DETAILS","NEW_AC_NUMBER","VARCHAR2","18","11487"
"536","INTEREST_SUMMARY","NEW_AC_NUMBER","VARCHAR2","18","3391"
"537","INTEREST_SUMMARYFLAGN","NEW_AC_NUMBER","VARCHAR2","18","0"
"538","INTEREST_SUMMARY_TEMP","NEW_AC_NUMBER","VARCHAR2","18","0"
"539","INT_INCOME","NEW_AC_NUMBER","VARCHAR2","18","0"
"540","INT_POST_TEMP","NEW_AC_NUMBER","VARCHAR2","18","0"
"541","INT_POST_TEMP_TABATA","NEW_AC_NUMBER","VARCHAR2","18","0"
"542","INT_REVERSE_ACC","NEW_AC_NUMBER","VARCHAR2","15","0"
"543","INV_CALL_DETAILS","NEW_AC_NUMBER","VARCHAR2","18","0"
"544","INV_CALL_MASTER","NEW_AC_NUMBER","VARCHAR2","18","2"
"545","INV_CALL_TRAN_DETAILS","NEW_AC_NUMBER","VARCHAR2","18","0"
"546","INV_CALL_TRAN_TEMPINV","NEW_AC_NUMBER","VARCHAR2","18","0"
"547","INV_COUPAN_DATE","NEW_AC_NUMBER","VARCHAR2","18","0"
"548","INV_GOVT_MASTER","NEW_AC_NUMBER","VARCHAR2","18","0"
"549","INV_GOVT_MASTER_BCKP","NEW_AC_NUMBER","VARCHAR2","18","0"
"550","INV_GOVT_TRAN","NEW_AC_NUMBER","VARCHAR2","18","0"
"551","INV_GOVT_TRAN_BKUP","NEW_AC_NUMBER","VARCHAR2","18","0"
"552","INV_GOVT_TRAN_DETAILS","NEW_AC_NUMBER","VARCHAR2","18","0"
"553","INV_GOVT_TRAN_DETAILS_BKUP","NEW_AC_NUMBER","VARCHAR2","18","0"
"554","INV_MARKET_RATE","NEW_AC_NUMBER","VARCHAR2","18","0"
"555","INV_OTHER_MASTER","NEW_AC_NUMBER","VARCHAR2","18","1"
"556","INV_SHARES_MASTER","NEW_AC_NUMBER","VARCHAR2","18","16"
"557","INV_SHARE_MARKET_RATE","NEW_AC_NUMBER","VARCHAR2","18","16"
"558","INV_TD_MASTER","NEW_AC_NUMBER","VARCHAR2","18","1"
"559","INV_TREASURY_BILL_TRAN","NEW_AC_NUMBER","VARCHAR2","18","0"
"560","INWARD_CLEARING_DETAILS","NEW_AC_NUMBER","VARCHAR2","18","0"
"561","KIOS_PASSBOOK_TRN_TEMP","NEW_AC_NUMBER","VARCHAR2","18","0"
"562","LC_DETAILS","NEW_AC_NUMBER","VARCHAR2","18","0"
"563","LIEN_DETAILS","NEW_AC_NUMBER","VARCHAR2","18","2"
"564","LIVESTOCK_DETAILS","NEW_AC_NUMBER","VARCHAR2","18","0"
"565","LOANACCOUNT","NEW_AC_NUMBER","VARCHAR2","18","593"
"566","LOAN_BOOK_DETAILS","NEW_AC_NUMBER","VARCHAR2","18","0"
"567","LOAN_BOOK_DETAILS_ALL","NEW_AC_NUMBER","VARCHAR2","18","725460"
"568","LOAN_DISBURSMENT_SCHEDULE","NEW_AC_NUMBER","VARCHAR2","18","6880"
"569","LOAN_DP_DETAILS","NEW_AC_NUMBER","VARCHAR2","18","0"
"570","LOAN_INSURANCE_DETAILS","NEW_AC_NUMBER","VARCHAR2","18","73"
"571","LOAN_INT_SUBVEN_DETAILS","NEW_AC_NUMBER","VARCHAR2","18","70331"
"572","LOAN_INT_SUBVEN_DETAILS_CHET13062025","NEW_AC_NUMBER","VARCHAR2","18","8350"
"573","LOAN_RESCHEDULE_DETAILS","NEW_AC_NUMBER","VARCHAR2","18","0"
"574","LOAN_SANCTION_FORWARD","NEW_AC_NUMBER","VARCHAR2","18","6192"
"575","LOAN_SECURITY_DETAILS","NEW_AC_NUMBER","VARCHAR2","18","3482"
"576","LOAN_SUBSIDY_DETAILS","NEW_AC_NUMBER","VARCHAR2","18","0"
"577","LOAN_SUBSIDY_SETTING","NEW_AC_NUMBER","VARCHAR2","18","0"
"578","LOAN_WRITEOFF_MASTER","NEW_AC_NUMBER","VARCHAR2","18","0"
"579","LOAN_WRITEOFF_TRANS","NEW_AC_NUMBER","VARCHAR2","18","0"
"580","LOCKER_BREAK_OPEN_DETAILS","NEW_AC_NUMBER","VARCHAR2","18","0"
"581","LOCKER_ISSUE_DEATILS","NEW_AC_NUMBER","VARCHAR2","18","0"
"582","LOCKER_OPERATION_DETAILS","NEW_AC_NUMBER","VARCHAR2","18","0"
"583","LOCKER_PASSWORD_TRAIL","NEW_AC_NUMBER","VARCHAR2","18","0"
"584","LOCKER_RENT_CALC","NEW_AC_NUMBER","VARCHAR2","18","0"
"585","LOCKER_RENT_MULTI_INST","NEW_AC_NUMBER","VARCHAR2","18","0"
"586","LOS_DISB_CHARGES_POST","NEW_AC_NUMBER","VARCHAR2","18","10052"
"587","MEMBER_MASTER","NEW_AC_NUMBER","VARCHAR2","18","0"
"588","MISC_RECEIVABLE","NEW_AC_NUMBER","VARCHAR2","18","0"
"589","MISC_RECEIVABLE_BACKUP","NEW_AC_NUMBER","VARCHAR2","18","0"
"590","MOBILE_ACCOUNT","NEW_AC_NUMBER","VARCHAR2","18","0"
"591","MOB_BANK_REQUEST","NEW_AC_NUMBER","VARCHAR2","18","0"
"592","MOB_FULLSTMT_REQ","NEW_AC_NUMBER","VARCHAR2","18","0"
"593","MULTI_INST_DETAILS","NEW_AC_NUMBER","VARCHAR2","18","8544"
"594","NOMINEE_DETAILS","NEW_AC_NUMBER","VARCHAR2","18","0"
"595","NPA_DETAILS","NEW_AC_NUMBER","VARCHAR2","18","1999843"
"596","NPA_LOSS_ASSET","NEW_AC_NUMBER","VARCHAR2","18","0"
"597","OBC_DETAILS","NEW_AC_NUMBER","VARCHAR2","18","0"
"598","OBC_IBC_BATCH_DETAILS","NEW_AC_NUMBER","VARCHAR2","18","0"
"599","OD_DEDUCTION_MASTER","NEW_AC_NUMBER","VARCHAR2","18","0"
"600","OFFLINE_BATCH_MASTER","NEW_AC_NUMBER","VARCHAR2","18","0"
"601","OFFLINE_BATCH_SETTING","NEW_AC_NUMBER","VARCHAR2","18","0"
"602","OFFLINE_BATCH_TRANS","NEW_AC_NUMBER","VARCHAR2","18","0"
"603","OPERATION_DETAILS","NEW_AC_NUMBER","VARCHAR2","18","5361"
"604","OPERATOR_DETAILS","NEW_AC_NUMBER","VARCHAR2","18","7686"
"605","OPERATOR_EXCEL","NEW_AC_NUMBER","VARCHAR2","20","94"
"606","OTS_DETAILS","NEW_AC_NUMBER","VARCHAR2","18","0"
"607","OVERDUE_DETAILS","NEW_AC_NUMBER","VARCHAR2","18","1649269"
"608","OW_CLG_DETAILS","NEW_AC_NUMBER","VARCHAR2","18","0"
"609","OW_CLG_FILE_IMPORT","NEW_AC_NUMBER","VARCHAR2","18","0"
"610","PAC_BATCH_TRANS","NEW_AC_NUMBER","VARCHAR2","18","0"
"611","PAC_MEM_AC_DETAILS","NEW_AC_NUMBER","VARCHAR2","18","0"
"612","PARAG_BK","NEW_AC_NUMBER","VARCHAR2","18","1161"
"613","PA_INSURANCE_DETAILS","NEW_AC_NUMBER","VARCHAR2","18","0"
"614","PDC_DETAILS","NEW_AC_NUMBER","VARCHAR2","18","0"
"615","PD_AC_MASTER","NEW_AC_NUMBER","VARCHAR2","18","0"
"616","PEN_INTEREST_INACMASTER","NEW_AC_NUMBER","VARCHAR2","15","0"
"617","PIGMY_TRANSFER_DETAILS","NEW_AC_NUMBER","VARCHAR2","18","0"
"618","PIGMY_TRF_AC_SETTING","NEW_AC_NUMBER","VARCHAR2","18","0"
"619","PROPERTY_MORTGAGE_DETAILS","NEW_AC_NUMBER","VARCHAR2","18","81"
"620","PURPWISE_SANCTION_DETAILS","NEW_AC_NUMBER","VARCHAR2","18","318"
"621","P_SALARY_POSTING_VOUCHER","NEW_AC_NUMBER","VARCHAR2","18","0"
"622","RECEIVABLE_UPDATE","NEW_AC_NUMBER","VARCHAR2","18","0"
"623","RECON_BANK_ENTRIES","NEW_AC_NUMBER","VARCHAR2","18","87"
"624","RECON_BRANCH_ENTRIES","NEW_AC_NUMBER","VARCHAR2","18","59"
"625","RECON_NOT_IMPORTED","NEW_AC_NUMBER","VARCHAR2","18","0"
"626","RECON_OPENING_BALANCE","NEW_AC_NUMBER","VARCHAR2","18","16"
"627","RECON_OTHER_DETAILS","NEW_AC_NUMBER","VARCHAR2","18","321"
"628","RECON_OTH_LOG_DETAILS","NEW_AC_NUMBER","VARCHAR2","18","5"
"629","RECON_SLAB_DETAILS","NEW_AC_NUMBER","VARCHAR2","18","2"
"630","RECON_TEMPLATE_MASTER","NEW_AC_NUMBER","VARCHAR2","18","79"
"631","RECOVERY_MISMATCH","NEW_AC_NUMBER","VARCHAR2","15","0"
"632","REC_CR_MAGOMENI","NEW_AC_NUMBER","VARCHAR2","18","0"
"633","REC_CR_TEMEKE","NEW_AC_NUMBER","VARCHAR2","18","0"
"634","REPORT_FORMAT","NEW_AC_NUMBER","VARCHAR2","18","500"
"635","REPORT_FORMAT_NEW","NEW_AC_NUMBER","VARCHAR2","18","1070"
"636","REPORT_FORMAT_OVERDUE","NEW_AC_NUMBER","VARCHAR2","18","5"
"637","RRC_DETAILS","NEW_AC_NUMBER","VARCHAR2","18","0"
"638","RTGS_TYPE_MASTER","NEW_AC_NUMBER","VARCHAR2","18","0"
"639","SALARY_LOAN_DETAILS","NEW_AC_NUMBER","VARCHAR2","18","0"
"640","SANCTION_DETAILS","NEW_AC_NUMBER","VARCHAR2","18","7153"
"641","SAVING_ACT_PRODUCT","NEW_AC_NUMBER","VARCHAR2","18","0"
"642","SAVING_ACT_SUMMARY","NEW_AC_NUMBER","VARCHAR2","18","0"
"643","SB","NEW_AC_NUMBER","VARCHAR2","18","126"
"644","SB_INT_PRODUCT","NEW_AC_NUMBER","VARCHAR2","18","2268"
"645","SB_INT_PRODUCT_AUG_DOUBLE","NEW_AC_NUMBER","VARCHAR2","18","0"
"646","SB_INT_PRODUCT_SEP20","NEW_AC_NUMBER","VARCHAR2","18","0"
"647","SB_INT_PRODUCT_TEMP","NEW_AC_NUMBER","VARCHAR2","18","0"
"648","SELCOM_REQUEST","NEW_AC_NUMBER","VARCHAR2","18","0"
"649","SELCOM_TRANSACTION","NEW_AC_NUMBER","VARCHAR2","18","0"
"650","SERVICE_TAX_DETAILS","NEW_AC_NUMBER","VARCHAR2","18","0"
"651","SERVICE_TAX_DETAILS_ERCS","NEW_AC_NUMBER","VARCHAR2","18","0"
"652","SHARES_DEBENTURE_DETAILS","NEW_AC_NUMBER","VARCHAR2","18","6"
"653","SHARE_CERTIFICATE_DETAIL","NEW_AC_NUMBER","VARCHAR2","18","0"
"654","SHARE_DIVIDEND_CHART","NEW_AC_NUMBER","VARCHAR2","18","305"
"655","SIGNATURE_MASTER","NEW_AC_NUMBER","VARCHAR2","18","4"
"656","SIGNATURE_MASTERVGCBS","NEW_AC_NUMBER","VARCHAR2","18","0"
"657","SIGNATURE_SCAN_DETAILS","NEW_AC_NUMBER","VARCHAR2","18","0"
"658","SMS_SENT_DETAILS","NEW_AC_NUMBER","VARCHAR2","18","1675"
"659","SPECIAL_INSTRUCTIONS","NEW_AC_NUMBER","VARCHAR2","18","0"
"660","STD_ORDER_DETAILS","NEW_AC_NUMBER","VARCHAR2","18","0"
"661","STD_ORDER_DET_MODI_LOG","NEW_AC_NUMBER","VARCHAR2","18","0"
"662","STOP_PAYMENT_DETAILS","NEW_AC_NUMBER","VARCHAR2","18","0"
"663","TAB_APP_SMS_SENT_DETAILS","NEW_AC_NUMBER","VARCHAR2","18","0"
"664","TAX_TRF_SETTING","NEW_AC_NUMBER","VARCHAR2","18","0"
"665","TDS_ACCOUNT_DETAILS","NEW_AC_NUMBER","VARCHAR2","18","0"
"666","TEMP_MASTER","NEW_AC_NUMBER","VARCHAR2","18","122"
"667","TEMP_OVERCHARGED_INT","NEW_AC_NUMBER","VARCHAR2","18","0"
"668","TEMP_TABLE","NEW_AC_NUMBER","VARCHAR2","18","0"
"669","TOD_DETAILS","NEW_AC_NUMBER","VARCHAR2","18","0"
"670","TOD_INTEREST_PRODUCT","NEW_AC_NUMBER","VARCHAR2","18","0"
"671","TOD_INTEREST_PRODUCT_310319","NEW_AC_NUMBER","VARCHAR2","18","0"
"672","TOD_INTEREST_SUMMARY","NEW_AC_NUMBER","VARCHAR2","18","0"
"673","TOD_INTEREST_SUMMARY_310319","NEW_AC_NUMBER","VARCHAR2","18","0"
"674","TRANTYPE_NT_PROPER","NEW_AC_NUMBER","VARCHAR2","18","0"
"675","TRA_DETAILS","NEW_AC_NUMBER","VARCHAR2","18","0"
"676","VEHICLE_MACHINE_MASTER","NEW_AC_NUMBER","VARCHAR2","18","0"
"677","WAREHOUSE_PLEDGE_DETAILS","NEW_AC_NUMBER","VARCHAR2","18","0"
"678","WRITEOFF_CUST_PTP_DETAILS","NEW_AC_NUMBER","VARCHAR2","18","0"
"679","WRITEOFF_RECOVERY_OFFICER","NEW_AC_NUMBER","VARCHAR2","18","0"
"680","WRITEOFF_VISIT_COMMENT","NEW_AC_NUMBER","VARCHAR2","18","0"
"681","ACMASTER","SCHEME_MST_ID","NUMBER","22","10862"
"682","ACMASTER_MW","SCHEME_MST_ID","NUMBER","22","191"
"683","ACMASTER_NF","SCHEME_MST_ID","NUMBER","22","0"
"684","AGENT_COMMISSION_SETTING","SCHEME_MST_ID","NUMBER","22","0"
"685","BG_COMMISSION_MASTER","SCHEME_MST_ID","NUMBER","22","1"
"686","CUST_INT_LINK_MASTER","SCHEME_MST_ID","NUMBER","22","0"
"687","FILE_LOAN_MASTER","SCHEME_MST_ID","NUMBER","22","0"
"688","F_FILER_DETAILS","SCHEME_MST_ID","NUMBER","22","0"
"689","GROUP_LN_APPLI_DETAILS","SCHEME_MST_ID","NUMBER","22","0"
"690","G_ACMASTER","SCHEME_MST_ID","NUMBER","22",""
"691","G_BANK_GUARANTEE_DETAILS","SCHEME_MST_ID","NUMBER","22",""
"692","G_FILE_LOAN_MASTER","SCHEME_MST_ID","NUMBER","22",""
"693","G_LOAN_SHARE_LINK_CONFIG","SCHEME_MST_ID","VARCHAR2","25",""
"694","G_LOCKER_RENT_MULTI_INST","SCHEME_MST_ID","NUMBER","22",""
"695","G_SCHEME_MASTER","SCHEME_MST_ID","NUMBER","22",""
"696","INET_ACOPEN_REQUEST","SCHEME_MST_ID","NUMBER","22","0"
"697","INTEREST_SLAB_MASTER","SCHEME_MST_ID","NUMBER","22","94"
"698","LOAN_SHARE_LINK_CONFIG","SCHEME_MST_ID","VARCHAR2","25","0"
"699","LOCKER_RENT_MASTER","SCHEME_MST_ID","NUMBER","22","0"
"700","LOCKER_RENT_MULTI_INST","SCHEME_MST_ID","NUMBER","22","0"
"701","NPA_DETAILS","SCHEME_MST_ID","NUMBER","22","1999843"
"702","OVERDUE_DETAILS","SCHEME_MST_ID","NUMBER","22","1649269"
"703","PAC_PURPOSE_MASTER","SCHEME_MST_ID","VARCHAR2","200","7"
"704","PIGMY_COMM_SLAB_MASTER","SCHEME_MST_ID","NUMBER","22","0"
"705","SCHEME_MASTER","SCHEME_MST_ID","NUMBER","22","114"
"706","SCHEME_MASTER_REX","SCHEME_MST_ID","NUMBER","22","0"
"707","SHARES_CONFIGURATION","SCHEME_MST_ID","NUMBER","22","0"
"708","SHARE_RATE_MASTER","SCHEME_MST_ID","NUMBER","22","0"
"709","TRIAL_BALANCE","SCHEME_MST_ID","NUMBER","22","1560"
"710","TRIAL_BALANCE_ALL","SCHEME_MST_ID","NUMBER","22","5224"
"711","ACCOUNT_STATUS_HISTORY","STATUS_CODE","VARCHAR2","1","10482"
"712","ACMASTER","STATUS_CODE","VARCHAR2","1","10862"
"713","ACMASTER_MW","STATUS_CODE","VARCHAR2","1","191"
"714","ACMASTER_NF","STATUS_CODE","VARCHAR2","1","0"
"715","AML_T_ACCOUNT","STATUS_CODE","VARCHAR2","1","0"
"716","AML_T_ACCOUNT_MY_CLIENT","STATUS_CODE","VARCHAR2","1","0"
"717","CUSTOMER_MAST","STATUS_CODE","VARCHAR2","1","4885"
"718","DECEASE_AC_DETAILS","STATUS_CODE","VARCHAR2","1","0"
"719","DECEASE_CASE_DETAILS","STATUS_CODE","VARCHAR2","1","0"
"720","GROUP_LN_BALANCE","STATUS_CODE","CHAR","1","0"
"721","G_ACMASTER","STATUS_CODE","VARCHAR2","1",""
"722","G_CUSTOMER_MAST","STATUS_CODE","VARCHAR2","1",""
"723","G_DECEASE_AC_DETAILS","STATUS_CODE","VARCHAR2","1",""
"724","G_DECEASE_CASE_DETAILS","STATUS_CODE","VARCHAR2","1",""
"725","G_LC_DETAILS","STATUS_CODE","VARCHAR2","1",""
"726","G_PAC_MEM_AC_DETAILS","STATUS_CODE","VARCHAR2","1",""
"727","G_PAC_MEM_MAST","STATUS_CODE","VARCHAR2","1",""
"728","LC_DETAILS","STATUS_CODE","VARCHAR2","1","0"
"729","PAC_MEM_AC_DETAILS","STATUS_CODE","VARCHAR2","1","0"
"730","PAC_MEM_MAST","STATUS_CODE","VARCHAR2","1","0"
"731","ACCOUNT_PASSBOOK_DETAILS","SUB_ACCOUNT_NO","NUMBER","22","0"
"732","ACDEPOMASTER","SUB_ACCOUNT_NO","NUMBER","22","0"
"733","ACLOANMASTER","SUB_ACCOUNT_NO","NUMBER","22","7154"
"734","BANK_DEMAND_DRAFT","SUB_ACCOUNT_NO","NUMBER","22","0"
"735","BANK_GUARANTEE_DETAILS","SUB_ACCOUNT_NO","NUMBER","22","2"
"736","BORROW_CHART_DETAILS","SUB_ACCOUNT_NO","NUMBER","22","0"
"737","BORROW_DETAILS","SUB_ACCOUNT_NO","NUMBER","22","0"
"738","BORROW_DISB_DETAILS","SUB_ACCOUNT_NO","NUMBER","22","0"
"739","BORROW_INST_DETAILS","SUB_ACCOUNT_NO","NUMBER","22","0"
"740","BORROW_SANCTION_DETAILS","SUB_ACCOUNT_NO","NUMBER","22","0"
"741","BORROW_SECURITY_DETAILS","SUB_ACCOUNT_NO","NUMBER","22","0"
"742","CASHSCROLL","SUB_ACCOUNT_NO","NUMBER","22","0"
"743","CHARGES_POSTING_HISTORY","SUB_ACCOUNT_NO","NUMBER","22","0"
"744","CHEQUE_BOOK_DETAILS","SUB_ACCOUNT_NO","NUMBER","22","0"
"745","CHEQUE_BOOK_MASTER","SUB_ACCOUNT_NO","NUMBER","22","0"
"746","CONSUMER_LOAN_DETAILS","SUB_ACCOUNT_NO","NUMBER","22","0"
"747","CUMOVUCH_OLD","SUB_ACCOUNT_NO","NUMBER","22","13359"
"748","CUMVOUCH","SUB_ACCOUNT_NO","NUMBER","22","395162"
"749","CUMVOUCH_310724","SUB_ACCOUNT_NO","NUMBER","22","81"
"750","CUMVOUCH_3110","SUB_ACCOUNT_NO","NUMBER","22","742"
"751","CUMVOUCH_BAK","SUB_ACCOUNT_NO","NUMBER","22","19780"
"752","CUMVOUCH_BK240824","SUB_ACCOUNT_NO","NUMBER","22","12464"
"753","CUMVOUCH_CHET13062025","SUB_ACCOUNT_NO","NUMBER","22","71311"
"754","CUMVOUCH_MW","SUB_ACCOUNT_NO","NUMBER","22","58"
"755","CUMVOUCH_NF","SUB_ACCOUNT_NO","NUMBER","22","3217"
"756","CUMVOUCH_STCK","SUB_ACCOUNT_NO","NUMBER","22","0"
"757","DD_TYPE_MASTER","SUB_ACCOUNT_NO","NUMBER","22","0"
"758","DELETE_CUMVOUCH","SUB_ACCOUNT_NO","NUMBER","22","0"
"759","DISBURSE_CHARGES_DETAILS","SUB_ACCOUNT_NO","NUMBER","22","0"
"760","ECLECTICS_TRAN_DETAILS","SUB_ACCOUNT_NO","NUMBER","22","0"
"761","EDUCATION_LOAN_DETAILS","SUB_ACCOUNT_NO","NUMBER","22","0"
"762","FIXLOAN_INST_CHART","SUB_ACCOUNT_NO","NUMBER","22","95609"
"763","FIXLOAN_INST_CHART1","SUB_ACCOUNT_NO","NUMBER","22","3211"
"764","FIXLOAN_INST_CHART_141124","SUB_ACCOUNT_NO","NUMBER","22","9339"
"765","FIXLOAN_INST_CHART_300824","SUB_ACCOUNT_NO","NUMBER","22","4977"
"766","FIXLOAN_INST_CHART_CORRECTION","SUB_ACCOUNT_NO","NUMBER","22","0"
"767","FIXLOAN_INST_CHART_TEMP","SUB_ACCOUNT_NO","NUMBER","22","0"
"768","FIX_INST_CHART28SEP","SUB_ACCOUNT_NO","NUMBER","22","9106"
"769","GOLD_LOAN_DETAILS","SUB_ACCOUNT_NO","NUMBER","22","0"
"770","GUARANTER_MASTER","SUB_ACCOUNT_NO","NUMBER","22","3368"
"771","G_ACCOUNT_PASSBOOK_DETAILS","SUB_ACCOUNT_NO","NUMBER","22",""
"772","G_ACDEPOMASTER","SUB_ACCOUNT_NO","NUMBER","22",""
"773","G_ACLOANMASTER","SUB_ACCOUNT_NO","NUMBER","22",""
"774","G_BANK_DEMAND_DRAFT","SUB_ACCOUNT_NO","NUMBER","22",""
"775","G_BANK_GUARANTEE_DETAILS","SUB_ACCOUNT_NO","NUMBER","22",""
"776","G_BORROW_CHART_DETAILS","SUB_ACCOUNT_NO","NUMBER","22",""
"777","G_BORROW_DETAILS","SUB_ACCOUNT_NO","NUMBER","22",""
"778","G_BORROW_DISB_DETAILS","SUB_ACCOUNT_NO","NUMBER","22",""
"779","G_BORROW_INST_DETAILS","SUB_ACCOUNT_NO","NUMBER","22",""
"780","G_BORROW_SANCTION_DETAILS","SUB_ACCOUNT_NO","NUMBER","22",""
"781","G_BORROW_SECURITY_DETAILS","SUB_ACCOUNT_NO","NUMBER","22",""
"782","G_CHEQUE_BOOK_MASTER","SUB_ACCOUNT_NO","NUMBER","22",""
"783","G_CONSUMER_LOAN_DETAILS","SUB_ACCOUNT_NO","NUMBER","22",""
"784","G_CUMVOUCH","SUB_ACCOUNT_NO","NUMBER","22",""
"785","G_ECLECTICS_TRAN_DETAILS","SUB_ACCOUNT_NO","NUMBER","22",""
"786","G_EDUCATION_LOAN_DETAILS","SUB_ACCOUNT_NO","NUMBER","22",""
"787","G_GETUNPASSENTRY","SUB_ACCOUNT_NO","NUMBER","22",""
"788","G_GOLD_LOAN_DETAILS","SUB_ACCOUNT_NO","NUMBER","22",""
"789","G_GUARANTER_MASTER","SUB_ACCOUNT_NO","NUMBER","22",""
"790","G_INTEREST_SLAB_DETAILS","SUB_ACCOUNT_NO","NUMBER","22",""
"791","G_LC_DETAILS","SUB_ACCOUNT_NO","NUMBER","22",""
"792","G_LIEN_DETAILS","SUB_ACCOUNT_NO","NUMBER","22",""
"793","G_LIVESTOCK_DETAILS","SUB_ACCOUNT_NO","NUMBER","22",""
"794","G_LOAN_DISBURSMENT_SCHEDULE","SUB_ACCOUNT_NO","NUMBER","22",""
"795","G_LOAN_DP_DETAILS","SUB_ACCOUNT_NO","NUMBER","22",""
"796","G_LOAN_INSURANCE_DETAILS","SUB_ACCOUNT_NO","NUMBER","22",""
"797","G_LOAN_SECURITY_DETAILS","SUB_ACCOUNT_NO","NUMBER","22",""
"798","G_LOAN_SUBSIDY_DETAILS","SUB_ACCOUNT_NO","NUMBER","22",""
"799","G_LOCKER_ISSUE_DEATILS","SUB_ACCOUNT_NO","NUMBER","22",""
"800","G_LOCKER_RENT_MULTI_INST","SUB_ACCOUNT_NO","NUMBER","22",""
"801","G_MULTI_INST_DETAILS","SUB_ACCOUNT_NO","NUMBER","22",""
"802","G_NOMINEE_DETAILS","SUB_ACCOUNT_NO","NUMBER","22",""
"803","G_OPERATOR_DETAILS","SUB_ACCOUNT_NO","NUMBER","22",""
"804","G_PROPERTY_MORTGAGE_DETAILS","SUB_ACCOUNT_NO","NUMBER","22",""
"805","G_RECON_BANK_ENTRIES","SUB_ACCOUNT_NO","NUMBER","22",""
"806","G_RECON_BRANCH_ENTRIES","SUB_ACCOUNT_NO","NUMBER","22",""
"807","G_SANCTION_DETAILS","SUB_ACCOUNT_NO","NUMBER","22",""
"808","G_SHARES_DEBENTURE_DETAILS","SUB_ACCOUNT_NO","NUMBER","22",""
"809","G_SIGNATURE_MASTER","SUB_ACCOUNT_NO","NUMBER","22",""
"810","G_SPECIAL_INSTRUCTIONS","SUB_ACCOUNT_NO","NUMBER","22",""
"811","G_STATEMENTOFAC","SUB_ACCOUNT_NO","NUMBER","22",""
"812","G_STD_ORDER_DETAILS","SUB_ACCOUNT_NO","NUMBER","22",""
"813","G_VEHICLE_MACHINE_MASTER","SUB_ACCOUNT_NO","NUMBER","22",""
"814","G_WAREHOUSE_PLEDGE_DETAILS","SUB_ACCOUNT_NO","NUMBER","22",""
"815","INET_CUMVOUCH","SUB_ACCOUNT_NO","NUMBER","22","0"
"816","INET_DD_REQUEST","SUB_ACCOUNT_NO","NUMBER","22","0"
"817","INET_TRAN_FILE_DETAILS","SUB_ACCOUNT_NO","NUMBER","22","0"
"818","INTEREST_SLAB_DETAILS","SUB_ACCOUNT_NO","NUMBER","22","11487"
"819","INV_CALL_DETAILS","SUB_ACCOUNT_NO","NUMBER","22","0"
"820","INV_COUPAN_DATE","SUB_ACCOUNT_NO","NUMBER","22","0"
"821","INV_GOVT_TRAN","SUB_ACCOUNT_NO","NUMBER","22","0"
"822","INV_GOVT_TRAN_BKUP","SUB_ACCOUNT_NO","NUMBER","22","0"
"823","INV_MARKET_RATE","SUB_ACCOUNT_NO","NUMBER","22","0"
"824","INV_TREASURY_BILL_TRAN","SUB_ACCOUNT_NO","NUMBER","22","0"
"825","LC_DETAILS","SUB_ACCOUNT_NO","NUMBER","22","0"
"826","LIEN_DETAILS","SUB_ACCOUNT_NO","NUMBER","22","2"
"827","LIVESTOCK_DETAILS","SUB_ACCOUNT_NO","NUMBER","22","0"
"828","LOAN_DISBURSMENT_SCHEDULE","SUB_ACCOUNT_NO","NUMBER","22","6880"
"829","LOAN_DP_DETAILS","SUB_ACCOUNT_NO","NUMBER","22","0"
"830","LOAN_INSURANCE_DETAILS","SUB_ACCOUNT_NO","NUMBER","22","73"
"831","LOAN_RESCHEDULE_DETAILS","SUB_ACCOUNT_NO","NUMBER","22","0"
"832","LOAN_SECURITY_DETAILS","SUB_ACCOUNT_NO","NUMBER","22","3482"
"833","LOAN_SUBSIDY_DETAILS","SUB_ACCOUNT_NO","NUMBER","22","0"
"834","LOAN_SUBSIDY_SETTING","SUB_ACCOUNT_NO","NUMBER","22","0"
"835","LOCKER_BREAK_OPEN_DETAILS","SUB_ACCOUNT_NO","NUMBER","22","0"
"836","LOCKER_ISSUE_DEATILS","SUB_ACCOUNT_NO","NUMBER","22","0"
"837","LOCKER_OPERATION_DETAILS","SUB_ACCOUNT_NO","NUMBER","22","0"
"838","LOCKER_PASSWORD_TRAIL","SUB_ACCOUNT_NO","NUMBER","22","0"
"839","LOCKER_RENT_MULTI_INST","SUB_ACCOUNT_NO","NUMBER","22","0"
"840","MAIIC_CASHFLOW_REGISTER","SUB_ACCOUNT_NO","NUMBER","22","2478"
"841","MAIIC_FACILITY_REGISTER","SUB_ACCOUNT_NO","NUMBER","22","362"
"842","MAIIC_GL_INTEREST_RECOGNIZED","SUB_ACCOUNT_NO","NUMBER","22","3996"
"843","MISC_RECEIVABLE","SUB_ACCOUNT_NO","NUMBER","22","0"
"844","MISC_RECEIVABLE_BACKUP","SUB_ACCOUNT_NO","NUMBER","22","0"
"845","MULTI_INST_DETAILS","SUB_ACCOUNT_NO","NUMBER","22","8544"
"846","NOMINEE_DETAILS","SUB_ACCOUNT_NO","NUMBER","22","0"
"847","OD_DEDUCTION_MASTER","SUB_ACCOUNT_NO","NUMBER","22","0"
"848","OFFLINE_BATCH_MASTER","SUB_ACCOUNT_NO","NUMBER","22","0"
"849","OFFLINE_BATCH_SETTING","SUB_ACCOUNT_NO","NUMBER","22","0"
"850","OFFLINE_BATCH_TRANS","SUB_ACCOUNT_NO","NUMBER","22","0"
"851","OPERATION_DETAILS","SUB_ACCOUNT_NO","NUMBER","22","5361"
"852","OPERATOR_DETAILS","SUB_ACCOUNT_NO","NUMBER","22","7686"
"853","PAC_BATCH_TRANS","SUB_ACCOUNT_NO","NUMBER","22","0"
"854","PARAG_BK","SUB_ACCOUNT_NO","NUMBER","22","1161"
"855","PIGMY_TRANSFER_DETAILS","SUB_ACCOUNT_NO","NUMBER","22","0"
"856","PIGMY_TRF_AC_SETTING","SUB_ACCOUNT_NO","NUMBER","22","0"
"857","PROPERTY_MORTGAGE_DETAILS","SUB_ACCOUNT_NO","NUMBER","22","81"
"858","RECON_BANK_ENTRIES","SUB_ACCOUNT_NO","NUMBER","22","87"
"859","RECON_BRANCH_ENTRIES","SUB_ACCOUNT_NO","NUMBER","22","59"
"860","RECON_NOT_IMPORTED","SUB_ACCOUNT_NO","VARCHAR2","5","0"
"861","RECON_OTHER_DETAILS","SUB_ACCOUNT_NO","NUMBER","22","321"
"862","RECON_OTH_LOG_DETAILS","SUB_ACCOUNT_NO","NUMBER","22","5"
"863","SANCTION_DETAILS","SUB_ACCOUNT_NO","NUMBER","22","7153"
"864","SHARES_DEBENTURE_DETAILS","SUB_ACCOUNT_NO","NUMBER","22","6"
"865","SHARE_DIVIDEND_CHART","SUB_ACCOUNT_NO","NUMBER","22","305"
"866","SIGNATURE_MASTER","SUB_ACCOUNT_NO","NUMBER","22","4"
"867","SIGNATURE_MASTERVGCBS","SUB_ACCOUNT_NO","NUMBER","22","0"
"868","SPECIAL_INSTRUCTIONS","SUB_ACCOUNT_NO","NUMBER","22","0"
"869","STD_ORDER_DETAILS","SUB_ACCOUNT_NO","NUMBER","22","0"
"870","STD_ORDER_DET_MODI_LOG","SUB_ACCOUNT_NO","NUMBER","22","0"
"871","STOP_PAYMENT_DETAILS","SUB_ACCOUNT_NO","NUMBER","22","0"
"872","VEHICLE_MACHINE_MASTER","SUB_ACCOUNT_NO","NUMBER","22","0"
"873","WAREHOUSE_PLEDGE_DETAILS","SUB_ACCOUNT_NO","NUMBER","22","0"
"874","AADHAR_INWARD_DETAILS","SUB_AC_NUMBER","NUMBER","22","0"
"875","ACCOUNT_BALANCE","SUB_AC_NUMBER","NUMBER","22","75607"
"876","ACCOUNT_BALANCE_HISTORY","SUB_AC_NUMBER","NUMBER","22","0"
"877","ACCOUNT_CLOSER_HISTORY","SUB_AC_NUMBER","NUMBER","22","21"
"878","ACCOUNT_CODE_DETAILS","SUB_AC_NUMBER","NUMBER","22","3469"
"879","ACCOUNT_LOCK_DETAILS","SUB_AC_NUMBER","NUMBER","22","0"
"880","ACCOUNT_STATUS_HISTORY","SUB_AC_NUMBER","NUMBER","22","10482"
"881","ACCOUNT_TRF_DETAILS","SUB_AC_NUMBER","NUMBER","22","0"
"882","ACC_AGENT_LINK_MASTER","SUB_AC_NUMBER","NUMBER","22","0"
"883","ACMASTER","SUB_AC_NUMBER","NUMBER","22","10862"
"884","ACMASTER_MW","SUB_AC_NUMBER","NUMBER","22","191"
"885","ACMASTER_NF","SUB_AC_NUMBER","NUMBER","22","0"
"886","AC_CONTACT_PERSON","SUB_AC_NUMBER","NUMBER","22","347"
"887","AC_CREDIT_RATING_DETAILS","SUB_AC_NUMBER","NUMBER","22","0"
"888","AC_DEFAULT_DATE_DETAILS","SUB_AC_NUMBER","NUMBER","22","7754904"
"889","AC_FORWARD_CONTRACT","SUB_AC_NUMBER","NUMBER","22","0"
"890","AC_FORW_CONTR_TRAN","SUB_AC_NUMBER","NUMBER","22","0"
"891","AC_MIN_BALANCE","SUB_AC_NUMBER","NUMBER","22","2268"
"892","AC_MIN_BALANCE_SEP20","SUB_AC_NUMBER","NUMBER","22","0"
"893","AC_STATEMENT_LOG","SUB_AC_NUMBER","NUMBER","22","0"
"894","AC_TRAN_INTIMATE","SUB_AC_NUMBER","NUMBER","22","0"
"895","AML_NODE_TRANS","SUB_AC_NUMBER","NUMBER","22","0"
"896","ATM_AC_MASTER","SUB_AC_NUMBER","NUMBER","22","0"
"897","ATM_CARD_REQUEST","SUB_AC_NUMBER","NUMBER","22","0"
"898","ATM_CHQBK_STPRN_REQ","SUB_AC_NUMBER","NUMBER","22","0"
"899","ATM_INSTACARD_REQRESDET","SUB_AC_NUMBER","NUMBER","22","0"
"900","ATM_TRANSACTIONS","SUB_AC_NUMBER","NUMBER","22","0"
"901","BANK_CLG_OW_DETAILS","SUB_AC_NUMBER","NUMBER","22","0"
"902","BG_TRAN_DETAILS","SUB_AC_NUMBER","NUMBER","22","2"
"903","BRANCH5_ACCOUNTS","SUB_AC_NUMBER","NUMBER","22","0"
"904","CASE_RECOVERY_DETAILS","SUB_AC_NUMBER","NUMBER","22","0"
"905","CHARGES_AMORTIZE_DETAILS","SUB_AC_NUMBER","NUMBER","22","0"
"906","CHEQUE_BOOK_REQUEST","SUB_AC_NUMBER","NUMBER","22","0"
"907","CLG_MULTI_CHQ_DEAILS","SUB_AC_NUMBER","NUMBER","22","0"
"908","CLOSE_MARK_ACS","SUB_AC_NUMBER","NUMBER","22","0"
"909","CLOSE_MARK_SB_ACS","SUB_AC_NUMBER","NUMBER","22","0"
"910","COMMITMENT_SKIPACNO","SUB_AC_NUMBER","NUMBER","22","0"
"911","COURT_CASE_MASTER","SUB_AC_NUMBER","NUMBER","22","0"
"912","COURT_PARTY_LOAN_DETAILS","SUB_AC_NUMBER","NUMBER","22","0"
"913","COURT_PARTY_MASTER","SUB_AC_NUMBER","NUMBER","22","0"
"914","CREDIT_BALANCE","SUB_AC_NUMBER","NUMBER","22","0"
"915","CUSTOMER_LINKING_DETAILS","SUB_AC_NUMBER","NUMBER","22","5"
"916","CUSTWISE_TDS_DETAILS","SUB_AC_NUMBER","NUMBER","22","0"
"917","DAILY_INTEREST_ACCRUAL","SUB_AC_NUMBER","NUMBER","22","54604"
"918","DAILY_INTEREST_ACCRUAL_DEPOSIT","SUB_AC_NUMBER","NUMBER","22","0"
"919","DAILY_INT_ACCRUAL_LOANS","SUB_AC_NUMBER","NUMBER","22","0"
"920","DCB_LOAN_ADJUSTMENTS","SUB_AC_NUMBER","NUMBER","22","0"
"921","DECEASE_AC_DETAILS","SUB_AC_NUMBER","NUMBER","22","0"
"922","DIFF_INTEREST_PRODUCT","SUB_AC_NUMBER","NUMBER","22","7521"
"923","DIFF_INTEREST_SUMMARY","SUB_AC_NUMBER","NUMBER","22","29"
"924","DISCOUNT_CHQ_DEAILS","SUB_AC_NUMBER","NUMBER","22","0"
"925","DIVIDENT_DETAILS","SUB_AC_NUMBER","NUMBER","22","0"
"926","DOCUMENT_DETAIL","SUB_AC_NUMBER","NUMBER","22","0"
"927","DRAWAL_AC_DETAILS","SUB_AC_NUMBER","NUMBER","22","0"
"928","DRAWAL_DEMAND_DETAILS","SUB_AC_NUMBER","NUMBER","22","0"
"929","DRAWAL_STOCK_DETAILS","SUB_AC_NUMBER","NUMBER","22","0"
"930","EMAIL_SENT_DETAILS","SUB_AC_NUMBER","NUMBER","22","1"
"931","EQUI_SHARES_SECU_DETAILS","SUB_AC_NUMBER","NUMBER","22","3499"
"932","EXCESS_INTEREST","SUB_AC_NUMBER","NUMBER","22","0"
"933","FILE_LOAN_MASTER","SUB_AC_NUMBER","NUMBER","22","0"
"934","FILE_NOT_IMPORTED","SUB_AC_NUMBER","NUMBER","22","0"
"935","FILE_OTHER_AC_DETAILS","SUB_AC_NUMBER","NUMBER","22","0"
"936","FILE_SALARY_DETAILS","SUB_AC_NUMBER","NUMBER","22","0"
"937","FILE_TEMPLATE_TRANSACTION","SUB_AC_NUMBER","NUMBER","22","0"
"938","FIXLOAN_OVERDUE_DETAILS","SUB_AC_NUMBER","NUMBER","22","81829"
"939","FLAT_ACC_INT_CORR","SUB_AC_NUMBER","NUMBER","22","0"
"940","FORGIVE_INTEREST_DETAILS","SUB_AC_NUMBER","NUMBER","22","2"
"941","F_FILER_DETAILS","SUB_AC_NUMBER","NUMBER","22","0"
"942","GLPL_DIFFACC","SUB_AC_NUMBER","NUMBER","22","0"
"943","GROUP_LN_APPLI_DETAILS","SUB_AC_NUMBER","NUMBER","22","0"
"944","GROUP_LN_BALANCE","SUB_AC_NUMBER","NUMBER","22","0"
"945","G_ACCOUNT_CODE_DETAILS","SUB_AC_NUMBER","NUMBER","22",""
"946","G_ACMASTER","SUB_AC_NUMBER","NUMBER","22",""
"947","G_ACSTATEMENT_BIFURCATE","SUB_AC_NUMBER","NUMBER","22",""
"948","G_AC_CONTACT_PERSON","SUB_AC_NUMBER","NUMBER","22",""
"949","G_AC_FORWARD_CONTRACT","SUB_AC_NUMBER","NUMBER","22",""
"950","G_ATM_AC_MASTER","SUB_AC_NUMBER","NUMBER","22",""
"951","G_ATM_CARD_REQUEST","SUB_AC_NUMBER","NUMBER","22",""
"952","G_BANK_CLG_OW_DETAILS","SUB_AC_NUMBER","NUMBER","22",""
"953","G_CHEQUE_BOOK_REQUEST","SUB_AC_NUMBER","NUMBER","22",""
"954","G_CLG_MULTI_CHQ_DEAILS","SUB_AC_NUMBER","NUMBER","22",""
"955","G_COURT_CASE_MASTER","SUB_AC_NUMBER","NUMBER","22",""
"956","G_COURT_PARTY_LOAN_DETAILS","SUB_AC_NUMBER","NUMBER","22",""
"957","G_COURT_PARTY_MASTER","SUB_AC_NUMBER","NUMBER","22",""
"958","G_DECEASE_AC_DETAILS","SUB_AC_NUMBER","NUMBER","22",""
"959","G_DOCUMENT_DETAIL","SUB_AC_NUMBER","NUMBER","22",""
"960","G_EQUI_SHARES_SECU_DETAILS","SUB_AC_NUMBER","NUMBER","22",""
"961","G_FILE_LOAN_MASTER","SUB_AC_NUMBER","NUMBER","22",""
"962","G_FILE_OTHER_AC_DETAILS","SUB_AC_NUMBER","NUMBER","22",""
"963","G_GET_BALANCING","SUB_AC_NUMBER","NUMBER","22",""
"964","G_IBC_DETAILS","SUB_AC_NUMBER","NUMBER","22",""
"965","G_INV_CALL_MASTER","SUB_AC_NUMBER","NUMBER","22",""
"966","G_INV_GOVT_MASTER","SUB_AC_NUMBER","NUMBER","22",""
"967","G_INV_OTHER_MASTER","SUB_AC_NUMBER","NUMBER","22",""
"968","G_INV_SHARES_MASTER","SUB_AC_NUMBER","NUMBER","22",""
"969","G_INV_TD_MASTER","SUB_AC_NUMBER","NUMBER","22",""
"970","G_INWARD_CLEARING_DETAILS","SUB_AC_NUMBER","NUMBER","22",""
"971","G_MEMBER_MASTER","SUB_AC_NUMBER","NUMBER","22",""
"972","G_OBC_DETAILS","SUB_AC_NUMBER","NUMBER","22",""
"973","G_PAC_MEM_AC_DETAILS","SUB_AC_NUMBER","NUMBER","22",""
"974","G_PURPWISE_SANCTION_DETAILS","SUB_AC_NUMBER","NUMBER","22",""
"975","G_SHARE_CERTIFICATE_DETAIL","SUB_AC_NUMBER","NUMBER","22",""
"976","G_TOD_DETAILS","SUB_AC_NUMBER","NUMBER","22",""
"977","G_WRITEOFF_CUST_PTP_DETAILS","SUB_AC_NUMBER","NUMBER","22",""
"978","G_WRITEOFF_RECOVERY_OFFICER","SUB_AC_NUMBER","NUMBER","22",""
"979","G_WRITEOFF_VISIT_COMMENT","SUB_AC_NUMBER","NUMBER","22",""
"980","IBC_DETAILS","SUB_AC_NUMBER","NUMBER","22","0"
"981","INC_RPT_ROI_UPD","SUB_AC_NUMBER","NUMBER","22","0"
"982","INET_ACOPEN_REQUEST","SUB_AC_NUMBER","NUMBER","22","0"
"983","INET_BULK_TRANSACTIONS","SUB_AC_NUMBER","NUMBER","22","0"
"984","INET_CARD_BLOCK_HISTORY","SUB_AC_NUMBER","NUMBER","22","0"
"985","INET_CHKBK_REQUEST","SUB_AC_NUMBER","NUMBER","22","0"
"986","INET_CHQBOOK_REQUEST","SUB_AC_NUMBER","NUMBER","22","0"
"987","INET_EMAIL_REQUEST","SUB_AC_NUMBER","NUMBER","22","0"
"988","INET_ESTAT_REQUEST","SUB_AC_NUMBER","NUMBER","22","0"
"989","INET_NOTIFICATION_DETAILS","SUB_AC_NUMBER","NUMBER","22","0"
"990","INET_QUICK_TRAN_DETAILS","SUB_AC_NUMBER","NUMBER","22","0"
"991","INET_STOPPAY_REQUEST","SUB_AC_NUMBER","NUMBER","22","0"
"992","INET_TRANSACTION","SUB_AC_NUMBER","NUMBER","22","0"
"993","INTEREST_PRODUCT","SUB_AC_NUMBER","NUMBER","22","9319"
"994","INTEREST_PRODUCT_TEMP","SUB_AC_NUMBER","NUMBER","22","0"
"995","INTEREST_SUMMARY","SUB_AC_NUMBER","NUMBER","22","3391"
"996","INTEREST_SUMMARYFLAGN","SUB_AC_NUMBER","NUMBER","22","0"
"997","INTEREST_SUMMARY_TEMP","SUB_AC_NUMBER","NUMBER","22","0"
"998","INT_POST_TEMP","SUB_AC_NUMBER","NUMBER","22","0"
"999","INT_POST_TEMP_TABATA","SUB_AC_NUMBER","NUMBER","22","0"
"1000","INT_REVERSE_ACC","SUB_AC_NUMBER","NUMBER","22","0"
"1001","INV_CALL_MASTER","SUB_AC_NUMBER","NUMBER","22","2"
"1002","INV_CALL_TRAN_DETAILS","SUB_AC_NUMBER","NUMBER","22","0"
"1003","INV_CALL_TRAN_TEMPINV","SUB_AC_NUMBER","NUMBER","22","0"
"1004","INV_GOVT_MASTER","SUB_AC_NUMBER","NUMBER","22","0"
"1005","INV_GOVT_MASTER_BCKP","SUB_AC_NUMBER","NUMBER","22","0"
"1006","INV_GOVT_TRAN_DETAILS","SUB_AC_NUMBER","NUMBER","22","0"
"1007","INV_GOVT_TRAN_DETAILS_BKUP","SUB_AC_NUMBER","NUMBER","22","0"
"1008","INV_OTHER_MASTER","SUB_AC_NUMBER","NUMBER","22","1"
"1009","INV_SHARES_MASTER","SUB_AC_NUMBER","NUMBER","22","16"
"1010","INV_SHARE_MARKET_RATE","SUB_AC_NUMBER","NUMBER","22","16"
"1011","INV_TD_MASTER","SUB_AC_NUMBER","NUMBER","22","1"
"1012","INWARD_CLEARING_DETAILS","SUB_AC_NUMBER","NUMBER","22","0"
"1013","LOAN_BOOK_DETAILS","SUB_AC_NUMBER","NUMBER","22","0"
"1014","LOAN_BOOK_DETAILS_ALL","SUB_AC_NUMBER","NUMBER","22","725460"
"1015","LOAN_INT_SUBVEN_DETAILS","SUB_AC_NUMBER","NUMBER","22","70331"
"1016","LOAN_INT_SUBVEN_DETAILS_CHET13062025","SUB_AC_NUMBER","NUMBER","22","8350"
"1017","LOAN_SANCTION_FORWARD","SUB_AC_NUMBER","NUMBER","22","6192"
"1018","LOAN_WRITEOFF_MASTER","SUB_AC_NUMBER","NUMBER","22","0"
"1019","LOAN_WRITEOFF_TRANS","SUB_AC_NUMBER","NUMBER","22","0"
"1020","LOCKER_RENT_CALC","SUB_AC_NUMBER","NUMBER","22","0"
"1021","LOS_DISB_CHARGES_POST","SUB_AC_NUMBER","NUMBER","22","10052"
"1022","MEMBER_MASTER","SUB_AC_NUMBER","NUMBER","22","0"
"1023","MOB_BANK_REQUEST","SUB_AC_NUMBER","NUMBER","22","0"
"1024","MOB_FULLSTMT_REQ","SUB_AC_NUMBER","NUMBER","22","0"
"1025","NPA_DETAILS","SUB_AC_NUMBER","NUMBER","22","1999843"
"1026","NPA_LOSS_ASSET","SUB_AC_NUMBER","NUMBER","22","0"
"1027","OBC_DETAILS","SUB_AC_NUMBER","NUMBER","22","0"
"1028","OBC_IBC_BATCH_DETAILS","SUB_AC_NUMBER","NUMBER","22","0"
"1029","OTS_DETAILS","SUB_AC_NUMBER","NUMBER","22","0"
"1030","OVERDUE_DETAILS","SUB_AC_NUMBER","NUMBER","22","1649269"
"1031","OW_CLG_DETAILS","SUB_AC_NUMBER","NUMBER","22","0"
"1032","OW_CLG_FILE_IMPORT","SUB_AC_NUMBER","NUMBER","22","0"
"1033","PAC_MEM_AC_DETAILS","SUB_AC_NUMBER","NUMBER","22","0"
"1034","PA_INSURANCE_DETAILS","SUB_AC_NUMBER","NUMBER","22","0"
"1035","PDC_DETAILS","SUB_AC_NUMBER","NUMBER","22","0"
"1036","PD_AC_MASTER","SUB_AC_NUMBER","NUMBER","22","0"
"1037","PEN_INTEREST_INACMASTER","SUB_AC_NUMBER","NUMBER","22","0"
"1038","PURPWISE_SANCTION_DETAILS","SUB_AC_NUMBER","NUMBER","22","318"
"1039","P_SALARY_POSTING_VOUCHER","SUB_AC_NUMBER","NUMBER","22","0"
"1040","RECEIVABLE_UPDATE","SUB_AC_NUMBER","NUMBER","22","0"
"1041","RECON_OPENING_BALANCE","SUB_AC_NUMBER","NUMBER","22","16"
"1042","RECON_SLAB_DETAILS","SUB_AC_NUMBER","NUMBER","22","2"
"1043","RECON_TEMPLATE_MASTER","SUB_AC_NUMBER","NUMBER","22","79"
"1044","RECOVERY_MISMATCH","SUB_AC_NUMBER","NUMBER","22","0"
"1045","REPORT_FORMAT","SUB_AC_NUMBER","NUMBER","22","500"
"1046","REPORT_FORMAT_NEW","SUB_AC_NUMBER","NUMBER","22","1070"
"1047","REPORT_FORMAT_OVERDUE","SUB_AC_NUMBER","NUMBER","22","5"
"1048","RRC_DETAILS","SUB_AC_NUMBER","NUMBER","22","0"
"1049","RTGS_TYPE_MASTER","SUB_AC_NUMBER","NUMBER","22","0"
"1050","SALARY_LOAN_DETAILS","SUB_AC_NUMBER","NUMBER","22","0"
"1051","SAVING_ACT_PRODUCT","SUB_AC_NUMBER","NUMBER","22","0"
"1052","SAVING_ACT_SUMMARY","SUB_AC_NUMBER","NUMBER","22","0"
"1053","SB_INT_PRODUCT","SUB_AC_NUMBER","NUMBER","22","2268"
"1054","SB_INT_PRODUCT_AUG_DOUBLE","SUB_AC_NUMBER","NUMBER","22","0"
"1055","SB_INT_PRODUCT_SEP20","SUB_AC_NUMBER","NUMBER","22","0"
"1056","SB_INT_PRODUCT_TEMP","SUB_AC_NUMBER","NUMBER","22","0"
"1057","SELCOM_REQUEST","SUB_AC_NUMBER","NUMBER","22","0"
"1058","SELCOM_TRANSACTION","SUB_AC_NUMBER","NUMBER","22","0"
"1059","SERVICE_TAX_DETAILS","SUB_AC_NUMBER","NUMBER","22","0"
"1060","SERVICE_TAX_DETAILS_ERCS","SUB_AC_NUMBER","NUMBER","22","0"
"1061","SHARE_CERTIFICATE_DETAIL","SUB_AC_NUMBER","NUMBER","22","0"
"1062","SIGNATURE_SCAN_DETAILS","SUB_AC_NUMBER","NUMBER","22","0"
"1063","SMS_SENT_DETAILS","SUB_AC_NUMBER","NUMBER","22","1675"
"1064","TAB_APP_SMS_SENT_DETAILS","SUB_AC_NUMBER","NUMBER","22","0"
"1065","TAX_TRF_SETTING","SUB_AC_NUMBER","NUMBER","22","0"
"1066","TDS_ACCOUNT_DETAILS","SUB_AC_NUMBER","NUMBER","22","0"
"1067","TEMP_MASTER","SUB_AC_NUMBER","NUMBER","22","122"
"1068","TEMP_OVERCHARGED_INT","SUB_AC_NUMBER","NUMBER","22","0"
"1069","TEMP_TABLE","SUB_AC_NUMBER","NUMBER","22","0"
"1070","TOD_DETAILS","SUB_AC_NUMBER","NUMBER","22","0"
"1071","TOD_INTEREST_PRODUCT","SUB_AC_NUMBER","NUMBER","22","0"
"1072","TOD_INTEREST_PRODUCT_310319","SUB_AC_NUMBER","NUMBER","22","0"
"1073","TOD_INTEREST_SUMMARY","SUB_AC_NUMBER","NUMBER","22","0"
"1074","TOD_INTEREST_SUMMARY_310319","SUB_AC_NUMBER","NUMBER","22","0"
"1075","TRANTYPE_NT_PROPER","SUB_AC_NUMBER","NUMBER","22","0"
"1076","TRA_DETAILS","SUB_AC_NUMBER","NUMBER","22","0"
"1077","WRITEOFF_CUST_PTP_DETAILS","SUB_AC_NUMBER","NUMBER","22","0"
"1078","WRITEOFF_RECOVERY_OFFICER","SUB_AC_NUMBER","NUMBER","22","0"
"1079","WRITEOFF_VISIT_COMMENT","SUB_AC_NUMBER","NUMBER","22","0"
"1080","ABB_PARAMETER","TRANTYPE","VARCHAR2","50","0"
"1081","BANK_GUARANTEE_DETAILS","TRANTYPE","NUMBER","22","2"
"1082","BG_TRAN_DETAILS","TRANTYPE","NUMBER","22","2"
"1083","CASHSCROLL","TRANTYPE","NUMBER","22","0"
"1084","CUMOVUCH_OLD","TRANTYPE","NUMBER","22","13359"
"1085","CUMVOUCH","TRANTYPE","NUMBER","22","395162"
"1086","CUMVOUCH_310724","TRANTYPE","NUMBER","22","81"
"1087","CUMVOUCH_3110","TRANTYPE","NUMBER","22","742"
"1088","CUMVOUCH_BAK","TRANTYPE","NUMBER","22","19780"
"1089","CUMVOUCH_BK240824","TRANTYPE","NUMBER","22","12464"
"1090","CUMVOUCH_CHET13062025","TRANTYPE","NUMBER","22","71311"
"1091","CUMVOUCH_MW","TRANTYPE","NUMBER","22","58"
"1092","CUMVOUCH_NF","TRANTYPE","NUMBER","22","3217"
"1093","CUMVOUCH_STCK","TRANTYPE","NUMBER","22","0"
"1094","DELETE_CUMVOUCH","TRANTYPE","NUMBER","22","0"
"1095","G_ACSTATEMENT_BIFURCATE","TRANTYPE","VARCHAR2","25",""
"1096","G_CUMVOUCH","TRANTYPE","NUMBER","22",""
"1097","G_PAC_MEM_TRANS","TRANTYPE","NUMBER","22",""
"1098","INET_CUMVOUCH","TRANTYPE","NUMBER","22","0"
"1099","INV_CALL_TRAN_DETAILS","TRANTYPE","NUMBER","22","0"
"1100","INV_CALL_TRAN_TEMPINV","TRANTYPE","NUMBER","22","0"
"1101","INV_GOVT_TRAN_DETAILS","TRANTYPE","NUMBER","22","0"
"1102","INV_GOVT_TRAN_DETAILS_BKUP","TRANTYPE","NUMBER","22","0"
"1103","OFFLINE_BATCH_MASTER","TRANTYPE","NUMBER","22","0"
"1104","OFFLINE_BATCH_TRANS","TRANTYPE","NUMBER","22","0"
"1105","PAC_MEM_TRANS","TRANTYPE","NUMBER","22","0"
"1106","PARAG_BK","TRANTYPE","NUMBER","22","1161"
"1107","SMS_SCHEME_MASTER","TRANTYPE","VARCHAR2","500","12"
"1108","STD_ORDER_DETAILS","TRANTYPE","VARCHAR2","20","0"
"1109","STD_ORDER_DET_MODI_LOG","TRANTYPE","VARCHAR2","20","0"
"1110","TRANTYPE","TRANTYPE","NUMBER","22","82"
