"   ","SCHEME_MST_ID","SCHEME_NAME","IN_EXTRACT_SCOPE","ACCOUNTS"
"1","13","BILLS DISCOUNTING","N","0"
"2","57","BILLS DISCOUNTING - USD","N","0"
"3","40","BORROWING CC/DD","N","0"
"4","67","BORROWING COMPUNDING","N","0"
"5","78","BORROWING INVESTMENT MONTHLY","N","0"
"6","79","BORROWING INVESTMENT SIMPLE (SHORT TERM)","N","0"
"7","66","BORROWING SIMPLE","N","0"
"8","39","BORROWING TERM LOAN","N","0"
"9","16","BRANCH ADJUSTMENT ASSETS SIDE","N","0"
"10","11","BRANCH ADJUSTMENT LIABILITY SIDE","N","0"
"11","61","BUSINESS LOAN","N","0"
"12","12","CASH CREDIT LIMIT","N","0"
"13","56","CASH CREDIT LIMIT - USD","N","0"
"14","63","CORPORATE LOAN","N","0"
"15","21","CREDIT GUARANTEE","N","0"
"16","32","CURRENT DEPOSIT INSTITUTIONS","N","0"
"17","42","CURRENT DEPOSIT INSTITUTIONS USD","N","0"
"18","4","CURRENT DEPOSITS INDIVIDUAL","N","0"
"19","43","CURRENT DEPOSITS INDIVIDUAL USD","N","0"
"20","25","DAILY DEPOSITS","N","0"
"21","2","DAM DUPPAT","N","0"
"22","23","DEAD STOCK","N","0"
"23","139","Equity ","N","0"
"24","9","FIXED DEPOSIT HALFYEARLY INTT PAID SCHEME","N","0"
"25","53","FIXED DEPOSIT HALFYEARLY INTT PAID SCHEME - USD","N","0"
"26","3","FIXED DEPOSIT MONTHLY INTT PAID SCHEME","N","0"
"27","49","FIXED DEPOSIT MONTHLY INTT PAID SCHEME - USD","N","0"
"28","7","FIXED DEPOSIT QUARTERLY CUMULATIVE","N","0"
"29","51","FIXED DEPOSIT QUARTERLY CUMULATIVE - USD","N","0"
"30","8","FIXED DEPOSIT QUARTERLY INTT SCHEME","N","0"
"31","52","FIXED DEPOSIT QUARTERLY INTT SCHEME - USD","N","0"
"32","6","FIXED DEPOSIT SIMPLE (SHORT TERM)","N","0"
"33","50","FIXED DEPOSIT SIMPLE (SHORT TERM) - USD","N","0"
"34","10","FIXED DEPOSIT YEARLY INTT PAID SCHEME","N","0"
"35","54","FIXED DEPOSIT YEARLY INTT PAID SCHEME - USD","N","0"
"36","90","FInES AGRICULTURAL LOANS","Y","51"
"37","91","FInES Agricultural Loans(Manual Int)","Y","0"
"38","92","FInES Industrial Loans","Y","51"
"39","93","FInES Industrial Loans(Manual Int)","Y","0"
"40","94","FInES Investment Loans","Y","1"
"41","95","FInES Investment Loans(Manual Intt)","Y","0"
"42","20","FLEXI DEPOSITS SCHEME","N","0"
"43","140","Fines Investment Loans","Y","4"
"44","62","HOUSING LOAN MICROFINANCE","N","0"
"45","77","INV TIME DEPOSIT","N","0"
"46","19","INVESTMENT IN GOVERNMENT SECURITY (365 Days)","N","0"
"47","28","INVESTMENT IN SHARES OF OTHER INSTITUTIONS","N","6"
"48","30","INVESTMENT OTHERS","N","0"
"49","80","INVESTMENT WITH CALL LENDING","N","0"
"50","31","INVESTMENT WITH SHORT AND CALL DEPOSITS","N","1"
"51","29","INVESTMENTS FIXED DEPOSITS WITH OTHER BANKS","N","0"
"52","27","INVESTMENTS IN GOVERMENT SECURITIES (360DAYS)","N","0"
"53","70","INVESTMENTS IN GOVERMENT SECURITIES BILL","N","0"
"54","71","INVESTMENTS IN GOVERMENT SECURITIES BOND","N","0"
"55","22","LETTER OF CREDIT","N","0"
"56","136","LOAN AGAINST PROPERTY FLAT PENAL 5%","N","0"
"57","24","LOCKERS","N","0"
"58","48","LOCKERS USD","N","0"
"59","84","MAIIC Agricultural Loans ","Y","16"
"60","85","MAIIC Agricultural Loans (Manual Int)","Y","0"
"61","86","MAIIC Industrial Loans","Y","41"
"62","87","MAIIC Industrial Loans(Manual Int)","Y","0"
"63","88","MAIIC Investment Loans","Y","5"
"64","89","MAIIC Investment Loans(Manual Intt)","Y","0"
"65","145","MAIIC TERM LOAN 10 YEAR","Y","0"
"66","141","MAIIC TERM LOAN 2 YEAR","Y","3"
"67","142","MAIIC TERM LOAN 3 YEAR","Y","3"
"68","143","MAIIC TERM LOAN 5 YEAR","Y","7"
"69","144","MAIIC TERM LOAN 7 YEAR","Y","2"
"70","99","Mega Farm CAPEX","N","0"
"71","102","Mega Farm Equipment Loans","N","270"
"72","103","Mega Farm Equipment Loans(Manual Int)","N","0"
"73","96","Mega Farm Fertilizer Loans","N","3246"
"74","101","Mega Farm Pesticides Loans","N","1191"
"75","98","Mega Farm Seed Loans","N","2118"
"76","100","Mega Farm Working Capital Loans","N","145"
"77","97","Mega Farms Irrigation","N","4"
"78","138","NTHA","N","0"
"79","5","Nominee Account Scheme","N","2631"
"80","0","OFFLINE GL","N","260"
"81","15","OVERDRAFT LIMIT","N","0"
"82","59","OVERDRAFT LIMIT - USD","N","0"
"83","65","OVERDRAFT LOAN","N","0"
"84","26","RECURRING DEPOSITS","N","0"
"85","60","SALARY LOAN","N","0"
"86","47","SAVING BANK DEPOSIT (JOINT, FIRM,CLUB,ASSOC,COPMPANY) USD","N","0"
"87","35","SAVING BANK DEPOSIT (JOINT, FIRM,CLUB,ASSOCIATION,COPMPANY)","N","0"
"88","44","SAVING BANK DEPOSITS PERSONAL USD","N","0"
"89","36","SAVING BANK STUDENT ACCOUNT","N","0"
"90","33","SAVING DEPOSIT SACCOS","N","0"
"91","45","SAVING DEPOSIT SACCOS USD","N","0"
"92","1","SHARE CAPITAL","N","114"
"93","41","SPECIAL OFFER DEPOSIT AS PER INTEREST SLAB","N","0"
"94","55","SPECIAL OFFER DEPOSIT AS PER INTEREST SLAB - USD","N","0"
"95","34","SPECIAL SAVING BANK DEPOSIT (SGL)","N","0"
"96","46","SPECIAL SAVING BANK DEPOSIT (SGL) USD","N","0"
"97","64","STAFF LOAN","N","0"
"98","17","SUNDRY CREDITORS","N","694"
"99","18","SUNDRY DEBTORS","N","0"
"100","107","Staff  House Rent Advance","N","0"
"101","109","Staff Car Loan","N","0"
"102","104","Staff Education Loan","N","0"
"103","111","Staff Emergency Loan","N","0"
"104","110","Staff Handset Loan","N","0"
"105","108","Staff Medical Loan","N","0"
"106","106","Staff Mortgage Loan","N","0"
"107","105","Staff Personal Loan","N","0"
"108","14","TERM LOANS","N","0"
"109","58","TERM LOANS  USD","N","0"
"110","83","TERM LOANS (MANUAL INTT.)","N","0"
"111","137","TERM LOANS NEW","N","0"
"112","69","TOD","N","0"
"113","38","WAHI ACCOUNTS","N","0"
"114","37","YOUNG SAVER ACCOUNT","N","0"
