"   ","OWNER","TABLE_NAME","NUM_ROWS","STATS_DATE","TABLE_DESCRIPTION"
"1","VGCBS","A","0","2026-06-13",""
"2","VGCBS","AADHAR_INWARD_DETAILS","0","2026-06-13",""
"3","VGCBS","ABB_CHARGES_SLAB","0","2026-06-13",""
"4","VGCBS","ABB_PARAMETER","0","2026-06-13",""
"5","VGCBS","ACCOUNT_BALANCE","75607","2026-08-07",""
"6","VGCBS","ACCOUNT_BALANCE_HISTORY","0","2026-06-13",""
"7","VGCBS","ACCOUNT_CLOSER_HISTORY","21","2026-07-03",""
"8","VGCBS","ACCOUNT_CODE_DETAILS","3469","2026-06-13",""
"9","VGCBS","ACCOUNT_LOCK_DETAILS","0","2026-06-13",""
"10","VGCBS","ACCOUNT_NO_GEN_MASTER","16","2026-09-02",""
"11","VGCBS","ACCOUNT_NO_MAPP","0","2026-06-13",""
"12","VGCBS","ACCOUNT_PAGE_DETAILS","639","2026-06-13",""
"13","VGCBS","ACCOUNT_PASSBOOK_DETAILS","0","2026-06-13",""
"14","VGCBS","ACCOUNT_STATUS_HISTORY","10482","2026-06-30",""
"15","VGCBS","ACCOUNT_TRF_DETAILS","0","2026-06-13",""
"16","VGCBS","ACC_AGENT_LINK_MASTER","0","2026-06-13",""
"17","VGCBS","ACDEPOMASTER","0","2026-06-13",""
"18","VGCBS","ACINFO","0","2026-06-13",""
"19","VGCBS","ACLOANMASTER","7154","2026-06-13",""
"20","VGCBS","ACMAP","54","2026-06-13",""
"21","VGCBS","ACMASTER","10862","2026-09-28",""
"22","VGCBS","ACMASTER_MW","191","2026-06-13",""
"23","VGCBS","ACMASTER_NF","0","2026-06-13",""
"24","VGCBS","AC_CONTACT_PERSON","347","2026-06-13",""
"25","VGCBS","AC_CREDIT_RATING_DETAILS","0","2026-06-13",""
"26","VGCBS","AC_DEFAULT_DATE_DETAILS","7754904","2026-09-11",""
"27","VGCBS","AC_FORWARD_CONTRACT","0","2026-06-13",""
"28","VGCBS","AC_FORW_CONTR_TRAN","0","2026-06-13",""
"29","VGCBS","AC_MIN_BALANCE","2268","2026-08-07",""
"30","VGCBS","AC_MIN_BALANCE_SEP20","0","2026-06-13",""
"31","VGCBS","AC_STATEMENT_LOG","0","2026-06-13",""
"32","VGCBS","AC_TRAN_INTIMATE","0","2026-06-13",""
"33","VGCBS","ADDRESS_CODE_MASTER","321","2026-06-13",""
"34","VGCBS","ADDRESS_CODE_MASTER_TZ","12485","2026-06-13",""
"35","VGCBS","ADDRESS_DETAILS","4877","2026-06-13",""
"36","VGCBS","ADDRESS_DETAILS_OTHER","50","2026-06-13",""
"37","VGCBS","ADVICE_PRINT_DETAILS","0","2026-06-13",""
"38","VGCBS","ADV_FEE_DETAILS","0","2026-06-13",""
"39","VGCBS","AGB_FIELD_MAPPING","0","2026-06-13",""
"40","VGCBS","AGB_REQUEST_DETAILS","0","2026-06-13",""
"41","VGCBS","AGB_RESPONCE_DETAILS","0","2026-06-13",""
"42","VGCBS","AGB_RESPONSE_MAPPING","0","2026-06-13",""
"43","VGCBS","AGB_TYPE_MASTER","0","2026-06-13",""
"44","VGCBS","AGENT_COMMISSION_DETAILS","0","2026-06-13",""
"45","VGCBS","AGENT_COMMISSION_SETTING","0","2026-06-13",""
"46","VGCBS","AGENT_COMM_DEDUCT_DETAILS","0","2026-06-13",""
"47","VGCBS","AGENT_DED_AC_MASTER","0","2026-06-13",""
"48","VGCBS","AGENT_MASTER","2","2026-08-19",""
"49","VGCBS","AGENT_NO_GEN_MASTER","0","2026-06-13",""
"50","VGCBS","AGENT_SUSPENCE_SETTING","0","2026-06-13",""
"51","VGCBS","ALLTRAN","13356","2026-06-13",""
"52","VGCBS","ALNXTYPEWISE_TERM_SETTING","2","2026-06-13",""
"53","VGCBS","ALNX_TYPE_MASTER","32","2026-06-13",""
"54","VGCBS","AMC_DETAILS","0","2026-06-13",""
"55","VGCBS","AML_NODE_REPORT","0","2026-06-13",""
"56","VGCBS","AML_NODE_TRANS","0","2026-06-13",""
"57","VGCBS","AML_T_ACCOUNT","0","2026-06-13",""
"58","VGCBS","AML_T_ACCOUNT_MY_CLIENT","0","2026-06-13",""
"59","VGCBS","AML_T_ADDRESS","0","2026-06-13",""
"60","VGCBS","AML_T_ENTITY","0","2026-06-13",""
"61","VGCBS","AML_T_ENTITY_MY_CLIENT","0","2026-06-13",""
"62","VGCBS","AML_T_FOREIGN_CURRENCY","0","2026-06-13",""
"63","VGCBS","AML_T_FROM","0","2026-06-13",""
"64","VGCBS","AML_T_FROM_MY_CLIENT","0","2026-06-13",""
"65","VGCBS","AML_T_PERSON","0","2026-06-13",""
"66","VGCBS","AML_T_PERSON_IDENT","0","2026-06-13",""
"67","VGCBS","AML_T_PERSON_MY_CLIENT","0","2026-06-13",""
"68","VGCBS","AML_T_PERS_REG_IN_RPT","0","2026-06-13",""
"69","VGCBS","AML_T_PHONE","0","2026-06-13",""
"70","VGCBS","AML_T_TO","0","2026-06-13",""
"71","VGCBS","AML_T_TO_MY_CLIENT","0","2026-06-13",""
"72","VGCBS","ANNEXURE_1","0","2026-06-13",""
"73","VGCBS","API_FILENAME_FORMAT","0","2026-06-13",""
"74","VGCBS","API_FILE_CONFIG","0","2026-06-13",""
"75","VGCBS","API_PROCESSING_CODE","0","2026-06-13",""
"76","VGCBS","API_REQUEST_DETAILS","0","2026-06-13",""
"77","VGCBS","API_RESPONCE_DETAILS","0","2026-06-13",""
"78","VGCBS","API_SERVICE_PROVIDERS","0","2026-06-13",""
"79","VGCBS","API_SERVICE_TYPES","0","2026-06-13",""
"80","VGCBS","API_SWITCH_MASTER","0","2026-06-13",""
"81","VGCBS","API_TOKEN_DETAILS","0","2026-06-13",""
"82","VGCBS","APP_OTP_TYPE_MASTER","0","2026-06-13",""
"83","VGCBS","ATM_AC_MASTER","0","2026-06-13",""
"84","VGCBS","ATM_ADVICE","0","2026-06-13",""
"85","VGCBS","ATM_ADVICE_UPLOAD","0","2026-06-13",""
"86","VGCBS","ATM_CARD_MASTER","0","2026-06-13",""
"87","VGCBS","ATM_CARD_REQUEST","0","2026-06-13",""
"88","VGCBS","ATM_CBS_RECON","0","2026-06-13",""
"89","VGCBS","ATM_CHARGES_MAST","0","2026-06-13",""
"90","VGCBS","ATM_CHQBK_STPRN_REQ","0","2026-06-13",""
"91","VGCBS","ATM_CODES","0","2026-06-13",""
"92","VGCBS","ATM_ERROR_LOG","0","2026-06-13",""
"93","VGCBS","ATM_FILE_DETAILS","0","2026-06-13",""
"94","VGCBS","ATM_INSTACARD_REQRESDET","0","2026-06-13",""
"95","VGCBS","ATM_LOAN_CONFIG","0","2026-06-13",""
"96","VGCBS","ATM_MACH_MASTER","0","2026-06-13",""
"97","VGCBS","ATM_MAKE_MASTER","0","2026-06-13",""
"98","VGCBS","ATM_MESSAGE_TYPE","0","2026-06-13",""
"99","VGCBS","ATM_MIN_STAT_DETAILS","0","2026-06-13",""
"100","VGCBS","ATM_PARAMETERS","0","2026-06-13",""
"101","VGCBS","ATM_RECON_FILE_DETAILS","0","2026-06-13",""
"102","VGCBS","ATM_RECON_OTHER","0","2026-06-13",""
"103","VGCBS","ATM_REQUEST_DETAILS","0","2026-06-13",""
"104","VGCBS","ATM_RESPONCE_DETAILS","0","2026-06-13",""
"105","VGCBS","ATM_STANDARD_FIELD","0","2026-06-13",""
"106","VGCBS","ATM_STANDARD_FIELD_6","0","2026-06-13",""
"107","VGCBS","ATM_SWITCH_MASTER","0","2026-06-13",""
"108","VGCBS","ATM_SWITCH_RECON","0","2026-06-13",""
"109","VGCBS","ATM_TRANSACTIONS","0","2026-06-13",""
"110","VGCBS","AUTO_CHARGES_MASTER","1","2026-06-13",""
"111","VGCBS","AUTO_PROCESS_DETAILS","21","2026-06-13",""
"112","VGCBS","AUTO_PROCESS_MASTER","58","2026-06-13",""
"113","VGCBS","AUTO_PROCESS_SCHEDULE","186","2026-06-13",""
"114","VGCBS","AUTO_PROC_EXEC_HIST","21119","2026-08-10",""
"115","VGCBS","BACKDATED_TRAN_PROCESS","1","2026-06-13",""
"116","VGCBS","BACKDATE_TRANSACTIONS","0","2026-06-13",""
"117","VGCBS","BANK_BUDGET_MASTER","0","2026-06-13",""
"118","VGCBS","BANK_CLEARING_TYPE","0","2026-06-13",""
"119","VGCBS","BANK_CLG_OW_DETAILS","0","2026-06-13",""
"120","VGCBS","BANK_COMMITEE_DETAILS","0","2026-06-13",""
"121","VGCBS","BANK_DEMAND_DRAFT","0","2026-06-13",""
"122","VGCBS","BANK_GUARANTEE_DETAILS","2","2026-06-13",""
"123","VGCBS","BANK_HEADER_DETAILS","4","2026-06-13",""
"124","VGCBS","BANK_INFO_MAST","1","2026-06-16",""
"125","VGCBS","BANK_LICENCE_INFO","1","2026-06-13",""
"126","VGCBS","BANK_MEETING_DETAILS","0","2026-06-13",""
"127","VGCBS","BANK_MEETING_MEMBER_DETAILS","0","2026-06-13",""
"128","VGCBS","BANK_MEETING_REVIEW_DETAILS","0","2026-06-13",""
"129","VGCBS","BANK_TARGET_DETAILS","0","2026-06-13",""
"130","VGCBS","BANK_TARGET_MASTER","0","2026-06-13",""
"131","VGCBS","BANK_TEMPLATE_SUBTRAN","314","2026-06-13",""
"132","VGCBS","BANK_TEMPLATE_TRANSACTION","632","2026-06-13",""
"133","VGCBS","BASERATE_DETAILS","0","2026-06-13",""
"134","VGCBS","BATCH_LOCK_DETAILS","0","2026-06-13",""
"135","VGCBS","BATCH_PASS_DETAILS","1997","2026-10-02",""
"136","VGCBS","BATCH_TYPE_MASTER","312","2026-06-13",""
"137","VGCBS","BBPS_SETTING_MASTER","0","2026-06-13",""
"138","VGCBS","BG_BENEFICIARY_DETAILS","3","2026-06-13",""
"139","VGCBS","BG_COMISSION_DETAILS","2","2026-06-13",""
"140","VGCBS","BG_COMMISSION_MASTER","1","2026-06-13",""
"141","VGCBS","BG_PERFORMANCE_DETAILS","0","2026-06-13",""
"142","VGCBS","BG_REV_INV_DETAILS","0","2026-06-13",""
"143","VGCBS","BG_SHIPPING_DETAILS","0","2026-06-13",""
"144","VGCBS","BG_TRAN_DETAILS","2","2026-06-13",""
"145","VGCBS","BG_TYPE_MASTER","2","2026-06-13",""
"146","VGCBS","BILL_INSTRUCTIONS_DETAILS","0","2026-06-13",""
"147","VGCBS","BORROW_CHART_DETAILS","0","2026-06-13",""
"148","VGCBS","BORROW_DETAILS","0","2026-06-13",""
"149","VGCBS","BORROW_DISB_DETAILS","0","2026-06-13",""
"150","VGCBS","BORROW_INST_DETAILS","0","2026-06-13",""
"151","VGCBS","BORROW_SANCTION_DETAILS","0","2026-06-13",""
"152","VGCBS","BORROW_SECURITY_DETAILS","0","2026-06-13",""
"153","VGCBS","BRANCH5_ACCOUNTS","0","2026-06-13",""
"154","VGCBS","BRANCHWISE_CHEQUE_SERIES","0","2026-06-13",""
"155","VGCBS","BRANCHWISE_MESSAGES","46","2026-06-13",""
"156","VGCBS","BRANCHWISE_SHIFT_DETAILS","0","2026-06-13",""
"157","VGCBS","BRANCH_DAY_STATUS","813","2026-09-21",""
"158","VGCBS","BRANCH_GLOBAL_PARAMETERS","0","2026-06-13",""
"159","VGCBS","BRANCH_INFO_MAST","1","2026-06-13",""
"160","VGCBS","BRANCH_PENDING_STOCK","0","2026-06-13",""
"161","VGCBS","BRANCH_RIGHTS_MASTER","2201","2026-06-13",""
"162","VGCBS","BRANCH_SELECTION","0","2026-06-13",""
"163","VGCBS","BRANCH_TERMINAL_MASTER","110","2026-06-13",""
"164","VGCBS","BRTYPE_DEF_RIGHT_MASTER","636","2026-09-23",""
"165","VGCBS","BUCKET_MASTER","14","2026-06-13",""
"166","VGCBS","CAPTION_DETAILS","28086","2026-06-13",""
"167","VGCBS","CARD_PROVIDER_MASTER","0","2026-06-13",""
"168","VGCBS","CARD_TYPE_MASTER","0","2026-06-13",""
"169","VGCBS","CASE_BENCH_DETAILS","0","2026-06-13",""
"170","VGCBS","CASE_DIARY_TRANSACTION","0","2026-06-13",""
"171","VGCBS","CASE_RECOVERY_DETAILS","0","2026-06-13",""
"172","VGCBS","CASE_STAGE_DETAILS","0","2026-06-13",""
"173","VGCBS","CASE_STAGE_MASTER","0","2026-06-13",""
"174","VGCBS","CASHIER_DENOMINATION","0","2026-06-13",""
"175","VGCBS","CASHIER_TRANSACTIONS","0","2026-06-13",""
"176","VGCBS","CASHSCROLL","0","2026-06-13",""
"177","VGCBS","CASH_BOOK","5731","2026-08-20",""
"178","VGCBS","CASH_BOOK_BK","4082","2026-06-13",""
"179","VGCBS","CASH_CURRENCY_MASTER","178","2026-06-13",""
"180","VGCBS","CASH_RETENTION_DETAILS","0","2026-06-13",""
"181","VGCBS","CASH_RETENTION_MASTER","0","2026-06-13",""
"182","VGCBS","CBIL_CODE_TYPE","0","2026-06-13",""
"183","VGCBS","CBS_SERVICE_REQUEST","331","2026-07-02",""
"184","VGCBS","CG_PARTY_LOAN_DETAILS","2","2026-06-13",""
"185","VGCBS","CG_PARTY_SECURITY_DETAILS","2","2026-06-13",""
"186","VGCBS","CHARGES_AMORTIZE_DETAILS","0","2026-06-13",""
"187","VGCBS","CHARGES_AMORTIZE_SETTING","0","2026-06-13",""
"188","VGCBS","CHARGES_POSTING_HISALL","0","2026-06-13",""
"189","VGCBS","CHARGES_POSTING_HISTORY","0","2026-06-13",""
"190","VGCBS","CHAT_HISTORY","0","2026-06-13",""
"191","VGCBS","CHEQUE_BOOK_DETAILS","0","2026-06-13",""
"192","VGCBS","CHEQUE_BOOK_MASTER","0","2026-06-13",""
"193","VGCBS","CHEQUE_BOOK_REQUEST","0","2026-06-13",""
"194","VGCBS","CHEQUE_LEAVES_DETAIL","0","2026-06-13",""
"195","VGCBS","CHEQUE_PURCHASE_MASTER","0","2026-06-13",""
"196","VGCBS","CHEST_MASTER","0","2026-06-13",""
"197","VGCBS","CHG_RECEIVABLE_MASTER","0","2026-06-13",""
"198","VGCBS","CLEARING_CONTROL_MASTER","0","2026-06-13",""
"199","VGCBS","CLEARING_FILENAME_MASTER","0","2026-06-13",""
"200","VGCBS","CLEARING_FILE_DETAILS","0","2026-06-13",""
"201","VGCBS","CLEARING_FILE_FORMAT","0","2026-06-13",""
"202","VGCBS","CLEARING_HOUSE","1","2026-06-13",""
"203","VGCBS","CLEAR_FILESUB_MASTER","0","2026-06-13",""
"204","VGCBS","CLG_BANK_BRANCH_MASTER","23","2026-06-13",""
"205","VGCBS","CLG_INSTRUMENT_TYPE","0","2026-06-13",""
"206","VGCBS","CLG_MULTI_CHQ_DEAILS","0","2026-06-13",""
"207","VGCBS","CLG_PAYSLIP_DETAILS","0","2026-06-13",""
"208","VGCBS","CLOSE_MARK_ACS","0","2026-06-13",""
"209","VGCBS","CLOSE_MARK_SB_ACS","0","2026-06-13",""
"210","VGCBS","CODE_MASTER","1554","2026-06-30",""
"211","VGCBS","CODE_MASTER_MW","1568","2026-06-13",""
"212","VGCBS","COMMITMENT_SKIPACNO","0","2026-06-13",""
"213","VGCBS","CONSUMER_LOAN_DETAILS","0","2026-06-13",""
"214","VGCBS","CONTROL_ENTRY_DETAILS","0","2026-06-13",""
"215","VGCBS","COURT_ACT_MASTER","0","2026-06-13",""
"216","VGCBS","COURT_ADVOCATE_MASTER","0","2026-06-13",""
"217","VGCBS","COURT_BENCH_MASTER","0","2026-06-13",""
"218","VGCBS","COURT_CASE_ADV_DETAILS","0","2026-06-13",""
"219","VGCBS","COURT_CASE_MASTER","0","2026-06-13",""
"220","VGCBS","COURT_CASE_TRANSACTION","0","2026-06-13",""
"221","VGCBS","COURT_MASTER","0","2026-06-13",""
"222","VGCBS","COURT_NOTICE_TRANSACTION","0","2026-06-13",""
"223","VGCBS","COURT_PARTY_LOAN_DETAILS","0","2026-06-13",""
"224","VGCBS","COURT_PARTY_MASTER","0","2026-06-13",""
"225","VGCBS","COURT_SECTION_MASTER","0","2026-06-13",""
"226","VGCBS","COURT_TRAN_TYPE","0","2026-06-13",""
"227","VGCBS","CRAR_PERCENT","44","2026-06-13",""
"228","VGCBS","CRAR_REPORT","116","2026-06-13",""
"229","VGCBS","CREDIT_BALANCE","0","2026-06-13",""
"230","VGCBS","CREDIT_RATING_MASTER","0","2026-06-13",""
"231","VGCBS","CR_RATING_PARA_SETTING","0","2026-06-13",""
"232","VGCBS","CTS_FILENAME_FORMAT","0","2026-06-13",""
"233","VGCBS","CTS_FILE_FORMAT","0","2026-06-13",""
"234","VGCBS","CTS_IMAGE_FILE","0","2026-06-13",""
"235","VGCBS","CTS_OUTWARD_RETURN","0","2026-06-13",""
"236","VGCBS","CTS_OWD_FILE_SUMMARY","0","2026-06-13",""
"237","VGCBS","CTS_SERVICE_BR_MASTER","0","2026-06-13",""
"238","VGCBS","CTS_STRING_DETAILS","0","2026-06-13",""
"239","VGCBS","CTS_SWITCH_MASTER","0","2026-06-13",""
"240","VGCBS","CUMOVUCH_OLD","13359","2026-06-13",""
"241","VGCBS","CUMVOUCH","395162","2026-09-02",""
"242","VGCBS","CUMVOUCH_310724","81","2026-06-13",""
"243","VGCBS","CUMVOUCH_3110","742","2026-06-13",""
"244","VGCBS","CUMVOUCH_BAK","19780","2026-06-13",""
"245","VGCBS","CUMVOUCH_BK240824","12464","2026-06-13",""
"246","VGCBS","CUMVOUCH_CHET13062025","71311","2026-06-13",""
"247","VGCBS","CUMVOUCH_MW","58","2026-06-13",""
"248","VGCBS","CUMVOUCH_NF","3217","2026-06-13",""
"249","VGCBS","CUMVOUCH_STCK","0","2026-06-13",""
"250","VGCBS","CURRENCY_RATE_MASTER","3","2026-06-13",""
"251","VGCBS","CURR_RATE_MASTER_HIST","2","2026-06-13",""
"252","VGCBS","CUSTOMER_LINKING","0","2026-06-13",""
"253","VGCBS","CUSTOMER_LINKING_DETAILS","5","2026-06-13",""
"254","VGCBS","CUSTOMER_MAST","4885","2026-06-30",""
"255","VGCBS","CUSTWISE_TDS_DETAILS","0","2026-06-13",""
"256","VGCBS","CUST_APPRAISAL_DETAILS","0","2026-06-13",""
"257","VGCBS","CUST_CIBIL_DETAILS","0","2026-06-13",""
"258","VGCBS","CUST_FAMILY_DETAILS","0","2026-06-13",""
"259","VGCBS","CUST_INT_LINK_MASTER","0","2026-06-13",""
"260","VGCBS","CUST_OFFICE_MAST","0","2026-06-13",""
"261","VGCBS","CUST_ORG_AUDITOR_INFO","105","2026-06-13",""
"262","VGCBS","CUST_ORG_DIR_PROMO_INFO","0","2026-06-13",""
"263","VGCBS","CUST_ORG_FIN_DETAILS","0","2026-06-13",""
"264","VGCBS","CUST_OTH_INFO","3542","2026-06-13",""
"265","VGCBS","CUST_OTH_INVESTMENT","18","2026-06-13",""
"266","VGCBS","CUST_OTH_LOAN_DETAILS","171","2026-06-13",""
"267","VGCBS","CUST_PHOTO_MAST","0","2026-06-13",""
"268","VGCBS","CUST_PROMO_CASE_INFO","19","2026-06-13",""
"269","VGCBS","CUST_SECURITY_DETAILS","1197","2026-06-13",""
"270","VGCBS","CUST_SIGN_MAST","0","2026-06-13",""
"271","VGCBS","CUST_SURETY_DETAILS","17","2026-06-13",""
"272","VGCBS","CUST_THUMB_MAST","0","2026-06-13",""
"273","VGCBS","DAILY_INTEREST_ACCRUAL","54604","2026-07-29",""
"274","VGCBS","DAILY_INTEREST_ACCRUAL_DEPOSIT","0","2026-06-13",""
"275","VGCBS","DAILY_INT_ACCRUAL_LOANS","0","2026-06-13",""
"276","VGCBS","DASHBOARD_AUTO_SMS","0","2026-06-13",""
"277","VGCBS","DATA_VALIDATION_MASTER","1","2026-10-05",""
"278","VGCBS","DCB_LOAN_ADJUSTMENTS","0","2026-06-13",""
"279","VGCBS","DD_COMMISSION_MASTER","0","2026-06-13",""
"280","VGCBS","DD_PRINT_LOG","0","2026-06-13",""
"281","VGCBS","DD_STATUS_HISTORY","0","2026-06-13",""
"282","VGCBS","DD_STOP_DETAILS","0","2026-06-13",""
"283","VGCBS","DD_TYPE_MASTER","0","2026-06-13",""
"284","VGCBS","DECEASE_AC_DETAILS","0","2026-06-13",""
"285","VGCBS","DECEASE_CASE_DETAILS","0","2026-06-13",""
"286","VGCBS","DELETE_CUMVOUCH","0","2026-06-13",""
"287","VGCBS","DENOMINATION_MASTER","0","2026-06-13",""
"288","VGCBS","DEPARTMENT_MASTER","11","2026-06-13",""
"289","VGCBS","DEPRICIATION_DETAILS","2912","2026-09-30",""
"290","VGCBS","DESIGNATION_MASTER","26","2026-06-13",""
"291","VGCBS","DIFF_INTEREST_PRODUCT","7521","2026-06-13",""
"292","VGCBS","DIFF_INTEREST_SUMMARY","29","2026-06-13",""
"293","VGCBS","DIRECTOR_MASTER","0","2026-06-13",""
"294","VGCBS","DISBURSE_CHARGES_DETAILS","0","2026-06-13",""
"295","VGCBS","DISCOUNT_CHQ_DEAILS","0","2026-06-13",""
"296","VGCBS","DIVIDEND_SLAB_DETAILS","0","2026-06-13",""
"297","VGCBS","DIVIDENT_DETAILS","0","2026-06-13",""
"298","VGCBS","DIV_WARR_PRINT_LOG","0","2026-06-13",""
"299","VGCBS","DOCUMENT_DETAIL","0","2026-06-13",""
"300","VGCBS","DOCUMENT_MASTER","179","2026-06-13",""
"301","VGCBS","DOCUMENT_TYPE_MASTER","17","2026-06-13",""
"302","VGCBS","DORMANT_AC","0","2026-06-13",""
"303","VGCBS","DORMANT_SHIFT_SETTING","0","2026-06-13",""
"304","VGCBS","DRAWAL_AC_DETAILS","0","2026-06-13",""
"305","VGCBS","DRAWAL_AC_TYPE","0","2026-06-13",""
"306","VGCBS","DRAWAL_CALC_DETAILS","0","2026-06-13",""
"307","VGCBS","DRAWAL_DEMAND_DETAILS","0","2026-06-13",""
"308","VGCBS","DRAWAL_EARMARK_DETAILS","0","2026-06-13",""
"309","VGCBS","DRAWAL_EARMARK_TYPES","0","2026-06-13",""
"310","VGCBS","DRAWAL_PRODUCT_MASTER","0","2026-06-13",""
"311","VGCBS","DRAWAL_PRODUCT_TYPE","0","2026-06-13",""
"312","VGCBS","DRAWAL_SEASON_MASTER","0","2026-06-13",""
"313","VGCBS","DRAWAL_STOCK_DETAILS","0","2026-06-13",""
"314","VGCBS","DRAWAL_TAGGING_DETAILS","0","2026-06-13",""
"315","VGCBS","DRAWAL_TAGGING_MASTER","0","2026-06-13",""
"316","VGCBS","DRAWEE_BEN_DETAILS","0","2026-06-13",""
"317","VGCBS","DROP_TABLE_NAME","0","2026-06-13",""
"318","VGCBS","DUAL_OTHBR_PASS","1","2026-08-19",""
"319","VGCBS","DUMMY_CUSTMAST","52","2026-06-13",""
"320","VGCBS","DUMMY_CUSTMAST_BK","36","2026-06-13",""
"321","VGCBS","ECLECTICS_TRAN_DETAILS","0","2026-06-13",""
"322","VGCBS","ECS_DETAILS","0","2026-06-13",""
"323","VGCBS","ECS_FILENAME_FORMAT","0","2026-06-13",""
"324","VGCBS","ECS_STRING_DETAILS","0","2026-06-13",""
"325","VGCBS","ECS_TYPE_MASTER","0","2026-06-13",""
"326","VGCBS","EDUCATION_LOAN_DETAILS","0","2026-06-13",""
"327","VGCBS","EMAIL_SENT_DETAILS","1","2026-06-13",""
"328","VGCBS","EMAIL_SENT_MASTER","3","2026-06-13",""
"329","VGCBS","EMAIL_SETTING_MASTER","1","2026-06-13",""
"330","VGCBS","EMPLOYEE_MASTER","50","2026-06-13",""
"331","VGCBS","EMPLOYEE_OT_DETAILS","4","2026-06-13",""
"332","VGCBS","EMPLOYEE_STATUS_HISTORY","22","2026-06-13",""
"333","VGCBS","EMPLOYEE_THUMB_DETAILS","0","2026-06-13",""
"334","VGCBS","EMP_ACHIEVEMENT_DET","0","2026-06-13",""
"335","VGCBS","EMP_ACHIEVEMENT_MASTER","0","2026-06-13",""
"336","VGCBS","EMP_APPRAISAL_DETAILS","0","2026-06-13",""
"337","VGCBS","EMP_APPR_ASSES_DETAILS","0","2026-06-13",""
"338","VGCBS","EMP_APPR_MOVEMENT","0","2026-06-13",""
"339","VGCBS","EMP_AWARD_DETAILS","0","2026-06-13",""
"340","VGCBS","EMP_AWARD_MASTER","0","2026-06-13",""
"341","VGCBS","EMP_CALENDAR_DETAILS","9","2026-07-03",""
"342","VGCBS","EMP_EXIT_DETAILS","0","2026-06-13",""
"343","VGCBS","EMP_EXIT_QUEST_DETAILS","0","2026-06-13",""
"344","VGCBS","EMP_GRIEVANCE_DET","0","2026-06-13",""
"345","VGCBS","EMP_GRIEV_EVIDENCE","0","2026-06-13",""
"346","VGCBS","EMP_GRIEV_FORWARD","0","2026-06-13",""
"347","VGCBS","EMP_INSU_CONTRI_RATE","21","2026-06-13",""
"348","VGCBS","EMP_INSU_INFO","18","2026-06-13",""
"349","VGCBS","EMP_INSU_MAST","5","2026-06-13",""
"350","VGCBS","EMP_ONBOARD_CHKLIST","0","2026-06-13",""
"351","VGCBS","EMP_ONBOARD_MASTER","0","2026-06-13",""
"352","VGCBS","ENG_TO_OL","0","2026-06-13",""
"353","VGCBS","EQUI_SHARES_SECU_DETAILS","3499","2026-06-13",""
"354","VGCBS","ERROR_LOG","11958","2026-06-13",""
"355","VGCBS","EXCELTRAN","22753","2026-06-13",""
"356","VGCBS","EXCEL_FIXLN","3199","2026-06-13",""
"357","VGCBS","EXCEL_GLAPRIL","925","2026-06-13",""
"358","VGCBS","EXCEL_GLJULY","481","2026-06-13",""
"359","VGCBS","EXCEL_GLMARCH","1240","2026-06-13",""
"360","VGCBS","EXCEL_GLMARCH_140424","344","2026-06-13",""
"361","VGCBS","EXCEL_GLMARCH_NEW","2660","2026-06-13",""
"362","VGCBS","EXCEL_GLMARCH_NEW_BK","2660","2026-06-13",""
"363","VGCBS","EXCEL_GLMARCH_SUNDRY","3575","2026-06-13",""
"364","VGCBS","EXCEL_GLMARCH_TERM","2028","2026-06-13",""
"365","VGCBS","EXCEL_GLMAY","368","2026-06-13",""
"366","VGCBS","EXCEL_GLOCT","368","2026-06-13",""
"367","VGCBS","EXCEL_GLOCTOBER","1259","2026-06-13",""
"368","VGCBS","EXCEL_GLOCT_24","621","2026-06-13",""
"369","VGCBS","EXCEL_GLOCT_31","108","2026-06-13",""
"370","VGCBS","EXCEL_GLOCT_NEW","641","2026-06-13",""
"371","VGCBS","EXCEL_GLSEP","1078","2026-06-13",""
"372","VGCBS","EXCEL_STOCK_CONVERT","1","2026-06-13",""
"373","VGCBS","EXCEPTION_MASTER","175","2026-06-30",""
"374","VGCBS","EXCESS_INTEREST","0","2026-06-13",""
"375","VGCBS","EXTERNAL_USER_MASTER","0","2026-06-13",""
"376","VGCBS","FDRECEIPT_PRINT_LOG","0","2026-06-13",""
"377","VGCBS","FILE_DETAILS","0","2026-06-13",""
"378","VGCBS","FILE_DOC_DETAILS","0","2026-06-13",""
"379","VGCBS","FILE_GUARANTER_MASTER","0","2026-06-13",""
"380","VGCBS","FILE_IMPORT_BATCH","0","2026-06-13",""
"381","VGCBS","FILE_IMPORT_MASTER","1","2026-06-13",""
"382","VGCBS","FILE_LOAN_MASTER","0","2026-06-13",""
"383","VGCBS","FILE_MOVEMENT","0","2026-06-13",""
"384","VGCBS","FILE_NOT_IMPORTED","0","2026-06-13",""
"385","VGCBS","FILE_OPERATOR_DETAILS","0","2026-06-13",""
"386","VGCBS","FILE_OTHER_AC_DETAILS","0","2026-06-13",""
"387","VGCBS","FILE_PARTY_MASTER","0","2026-06-13",""
"388","VGCBS","FILE_SALARY_DETAILS","0","2026-06-13",""
"389","VGCBS","FILE_SECURITY_DETAILS","0","2026-06-13",""
"390","VGCBS","FILE_TEMPLATE_MASTER","6","2026-06-13",""
"391","VGCBS","FILE_TEMPLATE_TRANSACTION","0","2026-06-13",""
"392","VGCBS","FILE_TYPE_MASTER","0","2026-06-13",""
"393","VGCBS","FIN_FIELD_TYPES","0","2026-06-13",""
"394","VGCBS","FIN_YEAR_MASTER","11","2026-06-13",""
"395","VGCBS","FIXLOAN_INST_CHART","95609","2026-08-03",""
"396","VGCBS","FIXLOAN_INST_CHART1","3211","2026-06-13",""
"397","VGCBS","FIXLOAN_INST_CHART_141124","9339","2026-06-13",""
"398","VGCBS","FIXLOAN_INST_CHART_300824","4977","2026-06-13",""
"399","VGCBS","FIXLOAN_INST_CHART_CORRECTION","0","2026-06-13",""
"400","VGCBS","FIXLOAN_INST_CHART_TEMP","0","2026-06-13",""
"401","VGCBS","FIXLOAN_OVERDUE_DETAILS","81829","2026-08-28",""
"402","VGCBS","FIX_INST_CHART28SEP","9106","2026-06-13",""
"403","VGCBS","FLAT_ACC_INT_CORR","0","2026-06-13",""
"404","VGCBS","FLEXI_AC_DETAILS","0","2026-06-13",""
"405","VGCBS","FLEXI_PARAMETERS","0","2026-06-13",""
"406","VGCBS","FOREIGN_CURR_EXCHANGE","10","2026-06-13",""
"407","VGCBS","FOREIGN_EXCHANGE_SETTING","1","2026-06-13",""
"408","VGCBS","FORGIVE_INTEREST_DETAILS","2","2026-07-03",""
"409","VGCBS","FRIDAY_MASTER","0","2026-06-13",""
"410","VGCBS","FUND_PROV_RPT_SETTING","0","2026-06-13",""
"411","VGCBS","F_FILER_DETAILS","0","2026-06-13",""
"412","VGCBS","GATE_PASS_STOCK_MASTER","0","2026-06-13",""
"413","VGCBS","GENERALLEDGER_STATEMENT","0","2026-06-13",""
"414","VGCBS","GEPG_API_URL_CONFIG","0","2026-06-13",""
"415","VGCBS","GEPG_FILENAME_FORMAT","0","2026-06-13",""
"416","VGCBS","GEPG_FILE_FORMAT","0","2026-06-13",""
"417","VGCBS","GEPG_REQUEST_DETAILS","0","2026-06-13",""
"418","VGCBS","GEPG_RESPONCE_CODE","0","2026-06-13",""
"419","VGCBS","GEPG_RESPONCE_DETAILS","0","2026-06-13",""
"420","VGCBS","GEPG_SWITCH_MASTER","0","2026-06-13",""
"421","VGCBS","GEPG_URL_MASTER","0","2026-06-13",""
"422","VGCBS","GLJULY","265","2026-06-13",""
"423","VGCBS","GLMASTER","533","2026-10-05",""
"424","VGCBS","GLMASTER_MW","173","2026-06-13",""
"425","VGCBS","GLMASTER_OLDDCB","1320","2026-06-13",""
"426","VGCBS","GLMASTER_REX","0","2026-06-13",""
"427","VGCBS","GLOBAL_PARAMETER_MASTER","172","2026-06-13",""
"428","VGCBS","GLPL_DIFFACC","0","2026-06-13",""
"429","VGCBS","GLTYPE","77","2026-06-13",""
"430","VGCBS","GL_CODE_DETAILS","0","2026-06-13",""
"431","VGCBS","GL_MAPPING_MASTER","0","2026-06-13",""
"432","VGCBS","GL_OP","199","2026-06-13",""
"433","VGCBS","GL_OPENING_BALANCE","598","2026-06-13",""
"434","VGCBS","GL_OPENING_BALANCE_02OCT24","357","2026-06-13",""
"435","VGCBS","GL_OPENING_BALANCE_120423","331","2026-06-13",""
"436","VGCBS","GL_OPENING_BALANCE_BK240824","331","2026-06-13",""
"437","VGCBS","GL_OPENING_BALANCE_OLD","0","2026-06-13",""
"438","VGCBS","GOLD_LOAN_DETAILS","0","2026-06-13",""
"439","VGCBS","GPEP_APP_FILENAME_FORMAT","0","2026-06-13",""
"440","VGCBS","GPEP_APP_FILE_FORMAT","0","2026-06-13",""
"441","VGCBS","GPEP_APP_REQ_RES","0","2026-06-13",""
"442","VGCBS","GPEP_APP_URL_CONFIG","0","2026-06-13",""
"443","VGCBS","GRADE_MASTER","8","2026-06-13",""
"444","VGCBS","GRAPH_GENERATION","0","2026-06-13",""
"445","VGCBS","GROUPCUSTOMERSNF","0","2026-06-13",""
"446","VGCBS","GROUP_AUTH_DETAILS","0","2026-06-13",""
"447","VGCBS","GROUP_EXIT_REINSTATE","0","2026-06-13",""
"448","VGCBS","GROUP_EXREINSTATE_REASONS","0","2026-06-13",""
"449","VGCBS","GROUP_LN_APPLI_DETAILS","0","2026-06-13",""
"450","VGCBS","GROUP_LN_BALANCE","0","2026-06-13",""
"451","VGCBS","GROUP_LN_LEVEL_MASTER","0","2026-06-13",""
"452","VGCBS","GROUP_LN_RECOVERY_DETAILS","0","2026-06-13",""
"453","VGCBS","GROUP_LN_TYPE_MASTER","0","2026-06-13",""
"454","VGCBS","GROUP_MASTER","0","2026-06-13",""
"455","VGCBS","GROUP_MEET_ATTENDANCE","0","2026-06-13",""
"456","VGCBS","GROUP_MEET_SCH_DETAILS","0","2026-06-13",""
"457","VGCBS","GROUP_MEMBER_MASTER","0","2026-06-13",""
"458","VGCBS","GROUP_REGION_MASTER","0","2026-06-13",""
"459","VGCBS","GUARANTER_MASTER","3368","2026-06-13",""
"460","VGCBS","GURANTEE_TYPE_MASTER","0","2026-06-13",""
"461","VGCBS","G_ACCOUNT_CODE_DETAILS","","",""
"462","VGCBS","G_ACCOUNT_PASSBOOK_DETAILS","","",""
"463","VGCBS","G_ACDEPOMASTER","","",""
"464","VGCBS","G_ACLOANMASTER","","",""
"465","VGCBS","G_ACMASTER","","",""
"466","VGCBS","G_ACSTATEMENT_BIFURCATE","","",""
"467","VGCBS","G_AC_CONTACT_PERSON","","",""
"468","VGCBS","G_AC_FORWARD_CONTRACT","","",""
"469","VGCBS","G_ADDRESS_DETAILS","","",""
"470","VGCBS","G_AGENT_MASTER","","",""
"471","VGCBS","G_AGENT_SUSPENCE_SETTING","","",""
"472","VGCBS","G_API_TOKEN_DETAILS","","",""
"473","VGCBS","G_ATM_AC_MASTER","","",""
"474","VGCBS","G_ATM_CARD_MASTER","","",""
"475","VGCBS","G_ATM_CARD_REQUEST","","",""
"476","VGCBS","G_ATM_STRING_SETTING","","",""
"477","VGCBS","G_ATM_SWITCH_STR_SETTING","","",""
"478","VGCBS","G_AUTO_PROCESS_MASTER","","",""
"479","VGCBS","G_BALANCE_SHEET","","",""
"480","VGCBS","G_BALANCE_SHEET_AST","","",""
"481","VGCBS","G_BALANCE_SHEET_LIB","","",""
"482","VGCBS","G_BANK_CLG_OW_DETAILS","","",""
"483","VGCBS","G_BANK_DEMAND_DRAFT","","",""
"484","VGCBS","G_BANK_GUARANTEE_DETAILS","","",""
"485","VGCBS","G_BILL_INSTRUCTIONS_DETAILS","","",""
"486","VGCBS","G_BORROW_CHART_DETAILS","","",""
"487","VGCBS","G_BORROW_DETAILS","","",""
"488","VGCBS","G_BORROW_DISB_DETAILS","","",""
"489","VGCBS","G_BORROW_INST_DETAILS","","",""
"490","VGCBS","G_BORROW_SANCTION_DETAILS","","",""
"491","VGCBS","G_BORROW_SECURITY_DETAILS","","",""
"492","VGCBS","G_BRANCHWISE_CHEQUE_SERIES","","",""
"493","VGCBS","G_BRANCH_GLOBAL_PARAMETERS","","",""
"494","VGCBS","G_BRANCH_INFO_MAST","","",""
"495","VGCBS","G_BRANCH_PENDING_STOCK","","",""
"496","VGCBS","G_CARD_TYPE_MASTER","","",""
"497","VGCBS","G_CASE_BENCH_DETAILS","","",""
"498","VGCBS","G_CASE_STAGE_DETAILS","","",""
"499","VGCBS","G_CHEQUE_BOOK_MASTER","","",""
"500","VGCBS","G_CHEQUE_BOOK_REQUEST","","",""
"501","VGCBS","G_CLG_MULTI_CHQ_DEAILS","","",""
"502","VGCBS","G_CLG_PAYSLIP_DETAILS","","",""
"503","VGCBS","G_CONSUMER_LOAN_DETAILS","","",""
"504","VGCBS","G_COURT_CASE_MASTER","","",""
"505","VGCBS","G_COURT_PARTY_LOAN_DETAILS","","",""
"506","VGCBS","G_COURT_PARTY_MASTER","","",""
"507","VGCBS","G_CRAR_STATEMENT","","",""
"508","VGCBS","G_CUMVOUCH","","",""
"509","VGCBS","G_CUSTOMER_MAST","","",""
"510","VGCBS","G_CUST_APPRAISAL_DETAILS","","",""
"511","VGCBS","G_CUST_CIBIL_DETAILS","","",""
"512","VGCBS","G_CUST_ORG_AUDITOR_INFO","","",""
"513","VGCBS","G_CUST_ORG_DIR_PROMO_INFO","","",""
"514","VGCBS","G_CUST_ORG_FIN_DETAILS","","",""
"515","VGCBS","G_CUST_OTH_INFO","","",""
"516","VGCBS","G_CUST_OTH_INVESTMENT","","",""
"517","VGCBS","G_CUST_OTH_LOAN_DETAILS","","",""
"518","VGCBS","G_CUST_PHOTO_MAST","","",""
"519","VGCBS","G_CUST_PROMO_CASE_INFO","","",""
"520","VGCBS","G_CUST_SURETY_DETAILS","","",""
"521","VGCBS","G_CUST_THUMB_MAST","","",""
"522","VGCBS","G_DECEASE_AC_DETAILS","","",""
"523","VGCBS","G_DECEASE_CASE_DETAILS","","",""
"524","VGCBS","G_DOCUMENT_DETAIL","","",""
"525","VGCBS","G_ECLECTICS_TRAN_DETAILS","","",""
"526","VGCBS","G_EDUCATION_LOAN_DETAILS","","",""
"527","VGCBS","G_EMPLOYEE_MASTER","","",""
"528","VGCBS","G_EMP_ACHIEVEMENT_MASTER","","",""
"529","VGCBS","G_EMP_AWARD_MASTER","","",""
"530","VGCBS","G_EMP_EXIT_DETAILS","","",""
"531","VGCBS","G_EMP_EXIT_QUEST_DETAILS","","",""
"532","VGCBS","G_EMP_GRIEVANCE_DET","","",""
"533","VGCBS","G_EMP_GRIEV_EVIDENCE","","",""
"534","VGCBS","G_EMP_GRIEV_FORWARD","","",""
"535","VGCBS","G_EMP_INSU_CONTRI_RATE","","",""
"536","VGCBS","G_EMP_INSU_INFO","","",""
"537","VGCBS","G_EMP_INSU_MAST","","",""
"538","VGCBS","G_EMP_ONBOARD_CHKLIST","","",""
"539","VGCBS","G_EMP_ONBOARD_MASTER","","",""
"540","VGCBS","G_EQUI_SHARES_SECU_DETAILS","","",""
"541","VGCBS","G_EXTERNAL_USER_MASTER","","",""
"542","VGCBS","G_FILE_DETAILS","","",""
"543","VGCBS","G_FILE_DOC_DETAILS","","",""
"544","VGCBS","G_FILE_GUARANTER_MASTER","","",""
"545","VGCBS","G_FILE_LOAN_MASTER","","",""
"546","VGCBS","G_FILE_MOVEMENT","","",""
"547","VGCBS","G_FILE_OPERATOR_DETAILS","","",""
"548","VGCBS","G_FILE_OTHER_AC_DETAILS","","",""
"549","VGCBS","G_FILE_PARTY_MASTER","","",""
"550","VGCBS","G_FILE_SECURITY_DETAILS","","",""
"551","VGCBS","G_FLEXI_AC_DETAILS","","",""
"552","VGCBS","G_GETUNPASSENTRY","","",""
"553","VGCBS","G_GET_BALANCING","","",""
"554","VGCBS","G_GLMASTER","","",""
"555","VGCBS","G_GLOBAL_PARAMETER_MASTER","","",""
"556","VGCBS","G_GL_OPENING_BALANCE","","",""
"557","VGCBS","G_GOLD_LOAN_DETAILS","","",""
"558","VGCBS","G_GROUP_EXIT_REINSTATE","","",""
"559","VGCBS","G_GUARANTER_MASTER","","",""
"560","VGCBS","G_HR_ADVERTISE_DETAILS","","",""
"561","VGCBS","G_HR_HIRE_DETAILS","","",""
"562","VGCBS","G_HR_HIRE_MASTER","","",""
"563","VGCBS","G_HR_RESUME_SUBMIT","","",""
"564","VGCBS","G_IBC_DETAILS","","",""
"565","VGCBS","G_IBC_OBC_CFORM_DETAILS","","",""
"566","VGCBS","G_IBC_OBC_CHALAN_DETAILS","","",""
"567","VGCBS","G_IBC_OBC_CONSIGN_DETAILS","","",""
"568","VGCBS","G_IBC_OBC_INVOICE_DETAILS","","",""
"569","VGCBS","G_IBC_OBC_LC_DETAILS","","",""
"570","VGCBS","G_INET_LIMIT_SETTING","","",""
"571","VGCBS","G_INET_OTP_TYPE_MASTER","","",""
"572","VGCBS","G_INET_PARAMETER","","",""
"573","VGCBS","G_INET_REQUEST_MASTER","","",""
"574","VGCBS","G_INET_TRAN_MODE_MASTER","","",""
"575","VGCBS","G_INET_USER_DETAILS","","",""
"576","VGCBS","G_INTEREST_SLAB_DETAILS","","",""
"577","VGCBS","G_INV_CALL_MASTER","","",""
"578","VGCBS","G_INV_GOVT_MASTER","","",""
"579","VGCBS","G_INV_OTHER_MASTER","","",""
"580","VGCBS","G_INV_SHARES_MASTER","","",""
"581","VGCBS","G_INV_TD_MASTER","","",""
"582","VGCBS","G_INWARD_CLEARING_DETAILS","","",""
"583","VGCBS","G_ITEMS_ASSOCIATED","","",""
"584","VGCBS","G_ITEM_MASTER","","",""
"585","VGCBS","G_ITEM_QUOTATION_MASTER","","",""
"586","VGCBS","G_ITEM_REQUISITION_DETAILS","","",""
"587","VGCBS","G_ITEM_REQUISITION_MASTER","","",""
"588","VGCBS","G_ITEM_REQUI_MOVEMENT","","",""
"589","VGCBS","G_ITEM_SUB_MASTER","","",""
"590","VGCBS","G_ITEM_TENDERING_DETAILS","","",""
"591","VGCBS","G_ITEM_TENDERING_MASTER","","",""
"592","VGCBS","G_ITEM_TRANSACTIONS","","",""
"593","VGCBS","G_LC_BILL_DETAILS","","",""
"594","VGCBS","G_LC_BILL_DOCUMENTS","","",""
"595","VGCBS","G_LC_CHARGES_DETAILS","","",""
"596","VGCBS","G_LC_CONSIGN_DETAILS","","",""
"597","VGCBS","G_LC_DETAILS","","",""
"598","VGCBS","G_LC_DOCUMENT_DETAILS","","",""
"599","VGCBS","G_LC_INSU_DETAILS","","",""
"600","VGCBS","G_LC_INVOICE_DETAILS","","",""
"601","VGCBS","G_LEASE_DETAILS","","",""
"602","VGCBS","G_LEASE_DOC_DETAILS","","",""
"603","VGCBS","G_LEASE_FEE_DETAILS","","",""
"604","VGCBS","G_LEASE_FEE_SCHEDULE","","",""
"605","VGCBS","G_LEASE_SUPPLIER_OPERATOR","","",""
"606","VGCBS","G_LIEN_DETAILS","","",""
"607","VGCBS","G_LIVESTOCK_DETAILS","","",""
"608","VGCBS","G_LOAN_BOOK_MAPPING","44","2026-08-28",""
"609","VGCBS","G_LOAN_DISBURSMENT_SCHEDULE","","",""
"610","VGCBS","G_LOAN_DP_DETAILS","","",""
"611","VGCBS","G_LOAN_INSURANCE_DETAILS","","",""
"612","VGCBS","G_LOAN_INT_SUBVEN_SETTING","","",""
"613","VGCBS","G_LOAN_SECURITY_DETAILS","","",""
"614","VGCBS","G_LOAN_SHARE_LINK_CONFIG","","",""
"615","VGCBS","G_LOAN_SUBSIDY_DETAILS","","",""
"616","VGCBS","G_LOCKER_ISSUE_DEATILS","","",""
"617","VGCBS","G_LOCKER_RENT_MULTI_INST","","",""
"618","VGCBS","G_MEMBER_MASTER","","",""
"619","VGCBS","G_MULTI_INST_DETAILS","","",""
"620","VGCBS","G_NOMINEE_DETAILS","","",""
"621","VGCBS","G_NPA_CLASS_PARAMETERS","","",""
"622","VGCBS","G_OBC_DETAILS","","",""
"623","VGCBS","G_OPERATOR_DETAILS","","",""
"624","VGCBS","G_OSS_LOAN_ADVANCES","","",""
"625","VGCBS","G_OSS_ODINTREC","","",""
"626","VGCBS","G_PAC_MEM_AC_DETAILS","","",""
"627","VGCBS","G_PAC_MEM_DISB_DETAILS","","",""
"628","VGCBS","G_PAC_MEM_INST_DETAILS","","",""
"629","VGCBS","G_PAC_MEM_MAST","","",""
"630","VGCBS","G_PAC_MEM_PROP_DETAILS","","",""
"631","VGCBS","G_PAC_MEM_SANC_DETAILS","","",""
"632","VGCBS","G_PAC_MEM_TRANS","","",""
"633","VGCBS","G_PAC_NOMINEE_DETAILS","","",""
"634","VGCBS","G_PAC_SANC_DETAILS","","",""
"635","VGCBS","G_PAC_SOCIETY_MAST","","",""
"636","VGCBS","G_PRINT_STATEMENTOFAC","","",""
"637","VGCBS","G_PROPERTY_MORTGAGE_DETAILS","","",""
"638","VGCBS","G_PURCHASE_BILL_DETAILS","","",""
"639","VGCBS","G_PURCHASE_DM_DETAILS","","",""
"640","VGCBS","G_PURCHASE_ORDER_DETAILS","","",""
"641","VGCBS","G_PURCHASE_ORDER_MASTER","","",""
"642","VGCBS","G_PURPWISE_SANCTION_DETAILS","","",""
"643","VGCBS","G_RECONID_OTHER","","",""
"644","VGCBS","G_RECON_BANK_ENTRIES","","",""
"645","VGCBS","G_RECON_BRANCH_ENTRIES","","",""
"646","VGCBS","G_RECOVERY_AGENT_MASTER","","",""
"647","VGCBS","G_RTGS_API_KEY_MASTER","","",""
"648","VGCBS","G_RTGS_DETAILS","","",""
"649","VGCBS","G_SANCTION_DETAILS","","",""
"650","VGCBS","G_SCHEME_MASTER","","",""
"651","VGCBS","G_SHARES_DEBENTURE_DETAILS","","",""
"652","VGCBS","G_SHARE_CERTIFICATE_DETAIL","","",""
"653","VGCBS","G_SIGNATURE_MASTER","","",""
"654","VGCBS","G_SPECIAL_INSTRUCTIONS","","",""
"655","VGCBS","G_STATEMENTOFAC","","",""
"656","VGCBS","G_STD_ORDER_DETAILS","","",""
"657","VGCBS","G_SUPPLIER_MASTER","","",""
"658","VGCBS","G_SUPPLIER_SECURITY_MASTER","","",""
"659","VGCBS","G_TOD_DETAILS","","",""
"660","VGCBS","G_TRANSPORTER_MASTER","","",""
"661","VGCBS","G_USER_CASH_RETENTION_LIMIT","","",""
"662","VGCBS","G_USER_MASTER","","",""
"663","VGCBS","G_VEHICLE_MACHINE_MASTER","","",""
"664","VGCBS","G_WAREHOUSE_PLEDGE_DETAILS","","",""
"665","VGCBS","G_WRITEOFF_CUST_PTP_DETAILS","","",""
"666","VGCBS","G_WRITEOFF_RECOVERY_OFFICER","","",""
"667","VGCBS","G_WRITEOFF_VISIT_COMMENT","","",""
"668","VGCBS","HELP_MASTER","546","2026-06-13",""
"669","VGCBS","HELP_OPTION_DETAILS","71","2026-06-13",""
"670","VGCBS","HIDE_ACS_FM_USERLVL","0","2026-06-13",""
"671","VGCBS","HOLIDAY_MASTER","0","2026-06-13",""
"672","VGCBS","HO_MAPPING_MASTER","199","2026-06-13",""
"673","VGCBS","HO_TEMPLATE_DETAILS","1048","2026-06-13",""
"674","VGCBS","HO_TEMPLATE_MASTER","6","2026-06-13",""
"675","VGCBS","HR_ADVERTISE_DETAILS","0","2026-06-13",""
"676","VGCBS","HR_HIRE_DETAILS","0","2026-06-13",""
"677","VGCBS","HR_HIRE_MASTER","0","2026-06-13",""
"678","VGCBS","HR_RESUME_SUBMIT","0","2026-06-13",""
"679","VGCBS","HR_UPLOAD_CV","0","2026-06-13",""
"680","VGCBS","IBCOBC_COMM_MASTER","0","2026-06-13",""
"681","VGCBS","IBC_DETAILS","0","2026-06-13",""
"682","VGCBS","IBC_OBC_CFORM_DETAILS","0","2026-06-13",""
"683","VGCBS","IBC_OBC_CHALAN_DETAILS","0","2026-06-13",""
"684","VGCBS","IBC_OBC_CONSIGN_DETAILS","0","2026-06-13",""
"685","VGCBS","IBC_OBC_DOCUMENT_MASTER","0","2026-06-13",""
"686","VGCBS","IBC_OBC_INSU_DETAILS","0","2026-06-13",""
"687","VGCBS","IBC_OBC_INVOICE_DETAILS","0","2026-06-13",""
"688","VGCBS","IBC_OBC_LC_DETAILS","0","2026-06-13",""
"689","VGCBS","IMPS_SETTING","0","2026-06-13",""
"690","VGCBS","IMPS_SWITCH_MASTER","0","2026-06-13",""
"691","VGCBS","INC_RPT_ROI_UPD","0","2026-06-13",""
"692","VGCBS","INET_ACOPEN_REQUEST","0","2026-06-13",""
"693","VGCBS","INET_ACSTAT_SUBSCRIPTION","0","2026-06-13",""
"694","VGCBS","INET_AUTHORIZE","0","2026-06-13",""
"695","VGCBS","INET_BANK_LOGIN","0","2026-06-13",""
"696","VGCBS","INET_BANK_LOG_PASS_HIST","0","2026-06-13",""
"697","VGCBS","INET_BANK_REGISTER","0","2026-06-13",""
"698","VGCBS","INET_BANK_REQUEST","0","2026-06-13",""
"699","VGCBS","INET_BANK_TRAN_PASS_HIST","0","2026-06-13",""
"700","VGCBS","INET_BANK_TRAN_RIGHTS","0","2026-06-13",""
"701","VGCBS","INET_BANK_WISE_LIMIT","0","2026-06-13",""
"702","VGCBS","INET_BENE_DETAILS","0","2026-06-13",""
"703","VGCBS","INET_BENE_GROUP_DETAILS","0","2026-06-13",""
"704","VGCBS","INET_BENE_MODI_LOG","0","2026-06-13",""
"705","VGCBS","INET_BULK_TRANSACTIONS","0","2026-06-13",""
"706","VGCBS","INET_CARD_BLOCK_HISTORY","0","2026-06-13",""
"707","VGCBS","INET_CHKBK_REQUEST","0","2026-06-13",""
"708","VGCBS","INET_CHQBOOK_REQUEST","0","2026-06-13",""
"709","VGCBS","INET_CUMVOUCH","0","2026-06-13",""
"710","VGCBS","INET_CUST_REQUEST_DETAILS","0","2026-06-13",""
"711","VGCBS","INET_CUST_REQUEST_HIST","0","2026-06-13",""
"712","VGCBS","INET_CUST_REQUEST_TYPE","0","2026-06-13",""
"713","VGCBS","INET_DD_REQUEST","0","2026-06-13",""
"714","VGCBS","INET_DEPO_MATURITY_REQ","0","2026-06-13",""
"715","VGCBS","INET_DISPLAY_NOTIFI_DET","0","2026-06-13",""
"716","VGCBS","INET_EMAIL_DETAILS","0","2026-06-13",""
"717","VGCBS","INET_EMAIL_LOG","0","2026-06-13",""
"718","VGCBS","INET_EMAIL_REQUEST","0","2026-06-13",""
"719","VGCBS","INET_EMAIL_USER_MAPPING","0","2026-06-13",""
"720","VGCBS","INET_ERROR_LOG","0","2026-06-13",""
"721","VGCBS","INET_ESTAT_REQUEST","0","2026-06-13",""
"722","VGCBS","INET_FOLDER_MASTER","0","2026-06-13",""
"723","VGCBS","INET_LIMIT_SETTING","0","2026-06-13",""
"724","VGCBS","INET_LOAN_REQUEST","0","2026-06-13",""
"725","VGCBS","INET_LOGIN_HIST","0","2026-06-13",""
"726","VGCBS","INET_LOGIN_TRAN_PASS_HIST","0","2026-06-13",""
"727","VGCBS","INET_MARQUEE_DATA","0","2026-06-13",""
"728","VGCBS","INET_MENU_MASTER","0","2026-06-13",""
"729","VGCBS","INET_NOTIFICATION_DETAILS","0","2026-06-13",""
"730","VGCBS","INET_OTP_DETAILS","0","2026-06-13",""
"731","VGCBS","INET_OTP_TYPE_MASTER","0","2026-06-13",""
"732","VGCBS","INET_PARAMETER","0","2026-06-13",""
"733","VGCBS","INET_PASSWORD_HIST","0","2026-06-13",""
"734","VGCBS","INET_PAYEE_DETAILS","0","2026-06-13",""
"735","VGCBS","INET_PAYEE_TYPE","0","2026-06-13",""
"736","VGCBS","INET_POLICY_MASTER","0","2026-06-13",""
"737","VGCBS","INET_PORTAL_MODI_LOG","0","2026-06-13",""
"738","VGCBS","INET_QUICK_TRAN_DETAILS","0","2026-06-13",""
"739","VGCBS","INET_REGISTER_DEVICE","0","2026-06-13",""
"740","VGCBS","INET_REQUEST_MASTER","0","2026-06-13",""
"741","VGCBS","INET_REQUEST_TYPE","0","2026-06-13",""
"742","VGCBS","INET_RESET_PASS","0","2026-06-13",""
"743","VGCBS","INET_SESSION_LOGS","0","2026-06-13",""
"744","VGCBS","INET_SESSION_MANAGEMENT","0","2026-06-13",""
"745","VGCBS","INET_SMS_SENT_DETAILS","0","2026-06-13",""
"746","VGCBS","INET_STOPPAY_REQUEST","0","2026-06-13",""
"747","VGCBS","INET_SWIFT_DETAILS","0","2026-06-13",""
"748","VGCBS","INET_TOIDS","0","2026-06-13",""
"749","VGCBS","INET_TO_DO_LIST","0","2026-06-13",""
"750","VGCBS","INET_TRANSACTION","0","2026-06-13",""
"751","VGCBS","INET_TRAN_FILE_DETAILS","0","2026-06-13",""
"752","VGCBS","INET_TRAN_LOG","0","2026-06-13",""
"753","VGCBS","INET_TRAN_MODE_MASTER","0","2026-06-13",""
"754","VGCBS","INET_TRAN_TYPE","0","2026-06-13",""
"755","VGCBS","INET_USERWISE_LIMIT","0","2026-06-13",""
"756","VGCBS","INET_USER_DETAILS","0","2026-06-13",""
"757","VGCBS","INET_USER_STATUS_HIST","0","2026-06-13",""
"758","VGCBS","INET_VERSION_DETAIL","0","2026-06-13",""
"759","VGCBS","INET_WEBSEVICE_REQUEST","0","2026-06-13",""
"760","VGCBS","INSURANCE_EXCEL","73","2026-06-13",""
"761","VGCBS","INTEREST_POSTING_HISTORY","0","2026-06-13",""
"762","VGCBS","INTEREST_PRODUCT","9319","2026-09-09",""
"763","VGCBS","INTEREST_PRODUCT_TEMP","0","2026-06-13",""
"764","VGCBS","INTEREST_SLAB_DETAILS","11487","2026-06-13",""
"765","VGCBS","INTEREST_SLAB_MASTER","94","2026-06-13",""
"766","VGCBS","INTEREST_SUMMARY","3391","2026-09-09",""
"767","VGCBS","INTEREST_SUMMARYFLAGN","0","2026-06-13",""
"768","VGCBS","INTEREST_SUMMARY_TEMP","0","2026-06-13",""
"769","VGCBS","INTERFACE_STATUS","0","2026-06-13",""
"770","VGCBS","INTERNAL_USER","10","2026-06-13",""
"771","VGCBS","INT_INCOME","0","2026-06-13",""
"772","VGCBS","INT_POST_TEMP","0","2026-06-13",""
"773","VGCBS","INT_POST_TEMP_TABATA","0","2026-06-13",""
"774","VGCBS","INT_REVERSE_ACC","0","2026-06-13",""
"775","VGCBS","INV_BROKER_MASTER","0","2026-06-13",""
"776","VGCBS","INV_CALL_DETAILS","0","2026-06-13",""
"777","VGCBS","INV_CALL_MASTER","2","2026-06-13",""
"778","VGCBS","INV_CALL_TRAN_DETAILS","0","2026-06-13",""
"779","VGCBS","INV_CALL_TRAN_TEMPINV","0","2026-06-13",""
"780","VGCBS","INV_COUPAN_DATE","0","2026-06-13",""
"781","VGCBS","INV_GOVT_MASTER","0","2026-06-13",""
"782","VGCBS","INV_GOVT_MASTER_BCKP","0","2026-06-13",""
"783","VGCBS","INV_GOVT_TRAN","0","2026-06-13",""
"784","VGCBS","INV_GOVT_TRAN_BKUP","0","2026-06-13",""
"785","VGCBS","INV_GOVT_TRAN_DETAILS","0","2026-06-13",""
"786","VGCBS","INV_GOVT_TRAN_DETAILS_BKUP","0","2026-06-13",""
"787","VGCBS","INV_INSTITUTE_MASTER","16","2026-06-13",""
"788","VGCBS","INV_MARKET_RATE","0","2026-06-13",""
"789","VGCBS","INV_OTHER_MASTER","1","2026-06-13",""
"790","VGCBS","INV_SECURITY_MASTER","0","2026-06-13",""
"791","VGCBS","INV_SHARES_MASTER","16","2026-06-13",""
"792","VGCBS","INV_SHARE_MARKET_RATE","16","2026-06-13",""
"793","VGCBS","INV_TD_MASTER","1","2026-06-13",""
"794","VGCBS","INV_TREASURY_BILL_TRAN","0","2026-06-13",""
"795","VGCBS","INWARD_CLEARING_DETAILS","0","2026-06-13",""
"796","VGCBS","ITEMS_ASSOCIATED","0","2026-06-13",""
"797","VGCBS","ITEM_MASTER","306","2026-07-29",""
"798","VGCBS","ITEM_MASTER_0909","0","2026-06-13",""
"799","VGCBS","ITEM_MASTER_BACKUP0909","0","2026-06-13",""
"800","VGCBS","ITEM_OPENING","0","2026-06-13",""
"801","VGCBS","ITEM_QUOTATION_MASTER","0","2026-06-13",""
"802","VGCBS","ITEM_REQUISITION_DETAILS","0","2026-06-13",""
"803","VGCBS","ITEM_REQUISITION_MASTER","7","2026-06-13",""
"804","VGCBS","ITEM_REQUI_MOVEMENT","0","2026-06-13",""
"805","VGCBS","ITEM_SUB_MASTER","297","2026-09-30",""
"806","VGCBS","ITEM_SUB_MASTER_0909","0","2026-06-13",""
"807","VGCBS","ITEM_SUB_MASTER_BACKUP0909","0","2026-06-13",""
"808","VGCBS","ITEM_TENDERING_DETAILS","0","2026-06-13",""
"809","VGCBS","ITEM_TENDERING_MASTER","0","2026-06-13",""
"810","VGCBS","ITEM_TRANSACTIONS","3480","2026-09-30",""
"811","VGCBS","ITEM_TRANSACTIONS_0909","0","2026-06-13",""
"812","VGCBS","ITEM_TRANSACTIONS_BKP0909","0","2026-06-13",""
"813","VGCBS","ITEM_TRANSACTIONS_REX","0","2026-06-13",""
"814","VGCBS","IT_TEMP","0","2026-06-13",""
"815","VGCBS","JASPER_REPORT_VERSION_DETAIL","1","2026-06-13",""
"816","VGCBS","KIOS_CODES","0","2026-06-13",""
"817","VGCBS","KIOS_MACH_MASTER","0","2026-06-13",""
"818","VGCBS","KIOS_PASSBOOK_TRN_TEMP","0","2026-06-13",""
"819","VGCBS","KIOS_REQUEST","0","2026-06-13",""
"820","VGCBS","KIOS_RESPONCE","0","2026-06-13",""
"821","VGCBS","KIOS_STANDARD_FIELD","0","2026-06-13",""
"822","VGCBS","KIOS_VENDOR_MASTER","0","2026-06-13",""
"823","VGCBS","LC_BILL_DETAILS","0","2026-06-13",""
"824","VGCBS","LC_BILL_DOCUMENTS","0","2026-06-13",""
"825","VGCBS","LC_CHARGES_DETAILS","0","2026-06-13",""
"826","VGCBS","LC_CHARGES_MASTER","0","2026-06-13",""
"827","VGCBS","LC_CONSIGN_DETAILS","0","2026-06-13",""
"828","VGCBS","LC_DETAILS","0","2026-06-13",""
"829","VGCBS","LC_DOCUMENT_DETAILS","0","2026-06-13",""
"830","VGCBS","LC_DOCUMENT_MASTER","0","2026-06-13",""
"831","VGCBS","LC_INSU_DETAILS","0","2026-06-13",""
"832","VGCBS","LC_INVOICE_DETAILS","0","2026-06-13",""
"833","VGCBS","LC_PAYMENT_DETAILS","0","2026-06-13",""
"834","VGCBS","LC_TRANSACTION","0","2026-06-13",""
"835","VGCBS","LC_TYPE_MASTER","0","2026-06-13",""
"836","VGCBS","LEASE_DEPRI_SCHEDULE","120","2026-06-13",""
"837","VGCBS","LEASE_DETAILS","1","2026-06-13",""
"838","VGCBS","LEASE_DOC_DETAILS","1","2026-06-13",""
"839","VGCBS","LEASE_FEE_DETAILS","1","2026-06-13",""
"840","VGCBS","LEASE_FEE_SCHEDULE","120","2026-06-13",""
"841","VGCBS","LEASE_INTEREST_SCHEDULE","120","2026-06-13",""
"842","VGCBS","LEASE_SUPPLIER_MASTER","2","2026-06-13",""
"843","VGCBS","LEASE_SUPPLIER_OPERATOR","1","2026-06-13",""
"844","VGCBS","LEASE_TRANSACTION","25","2026-06-13",""
"845","VGCBS","LEASE_TYPE_CONFIG","1","2026-06-13",""
"846","VGCBS","LETTER_FORMAT","0","2026-06-13",""
"847","VGCBS","LIEN_DETAILS","2","2026-06-13",""
"848","VGCBS","LIVESTOCK_DETAILS","0","2026-06-13",""
"849","VGCBS","LOANACCOUNT","593","2026-06-13",""
"850","VGCBS","LOANACCOUNT_MEGA_SEED","95","2026-06-13",""
"851","VGCBS","LOANACCOUNT_MEGA_WORKING","116","2026-06-13",""
"852","VGCBS","LOANSANDOVERDRAFTSINSTALLMENTS","0","2026-06-13",""
"853","VGCBS","LOAN_APPRAISAL_TYPE","0","2026-06-13",""
"854","VGCBS","LOAN_APPR_FIN_TYPES","0","2026-06-13",""
"855","VGCBS","LOAN_APPR_MAPPING_DETAIL","0","2026-06-13",""
"856","VGCBS","LOAN_APPR_OCCU_TYPES","0","2026-06-13",""
"857","VGCBS","LOAN_APPR_TEMPLATE_DETAIL","0","2026-06-13",""
"858","VGCBS","LOAN_APPR_TEMPLATE_MASTER","0","2026-06-13",""
"859","VGCBS","LOAN_APPR_TRANS_DETAILS","0","2026-06-13",""
"860","VGCBS","LOAN_BOOK_DETAILS","0","2026-06-13",""
"861","VGCBS","LOAN_BOOK_DETAILS_ALL","725460","2026-09-16",""
"862","VGCBS","LOAN_BOOK_MAPPING","29","2026-06-13",""
"863","VGCBS","LOAN_DISBURSMENT_SCHEDULE","6880","2026-06-13",""
"864","VGCBS","LOAN_DP_DETAILS","0","2026-06-13",""
"865","VGCBS","LOAN_INSURANCE_DETAILS","73","2026-06-13",""
"866","VGCBS","LOAN_INT_SUBVEN_DETAILS","70331","2026-08-07",""
"867","VGCBS","LOAN_INT_SUBVEN_DETAILS_CHET13062025","8350","2026-06-13",""
"868","VGCBS","LOAN_INT_SUBVEN_SETTING","12","2026-06-13",""
"869","VGCBS","LOAN_RESCHEDULE_DETAILS","0","2026-06-13",""
"870","VGCBS","LOAN_SANCTION_FORWARD","6192","2026-06-13",""
"871","VGCBS","LOAN_SECURITY_DETAILS","3482","2026-06-13",""
"872","VGCBS","LOAN_SHARE_LINK_CONFIG","0","2026-06-13",""
"873","VGCBS","LOAN_SUBSIDY_DETAILS","0","2026-06-13",""
"874","VGCBS","LOAN_SUBSIDY_SETTING","0","2026-06-13",""
"875","VGCBS","LOAN_WRITEOFF_MASTER","0","2026-06-13",""
"876","VGCBS","LOAN_WRITEOFF_TRANS","0","2026-06-13",""
"877","VGCBS","LOCKER_BREAK_OPEN_DETAILS","0","2026-06-13",""
"878","VGCBS","LOCKER_CABINET_MASTER","0","2026-06-13",""
"879","VGCBS","LOCKER_ISSUE_DEATILS","0","2026-06-13",""
"880","VGCBS","LOCKER_MAKE_MASTER","0","2026-06-13",""
"881","VGCBS","LOCKER_MASTER","0","2026-06-13",""
"882","VGCBS","LOCKER_OPERATION_DETAILS","0","2026-06-13",""
"883","VGCBS","LOCKER_PASSWORD_TRAIL","0","2026-06-13",""
"884","VGCBS","LOCKER_RENT_CALC","0","2026-06-13",""
"885","VGCBS","LOCKER_RENT_MASTER","0","2026-06-13",""
"886","VGCBS","LOCKER_RENT_MULTI_INST","0","2026-06-13",""
"887","VGCBS","LOCKER_TYPE_MASTER","0","2026-06-13",""
"888","VGCBS","LOCKER_WAITING_REGISTER","0","2026-06-13",""
"889","VGCBS","LOGIN_REQUEST","0","2026-06-13",""
"890","VGCBS","LOGIN_SETUP_LOG","0","2026-06-13",""
"891","VGCBS","LOS_DISB_CHARGES_POST","10052","2026-06-13",""
"892","VGCBS","LOS_REQUEST_DETAILS","202184","2026-06-13",""
"893","VGCBS","MAIIC_CASHFLOW_REGISTER","2478","2026-08-03","MAIIC/FInES facility-level cash flow register, one row per cash flow (actual ledger posting, write-off, or scheduled/future instalment). Populated by PROC_BUILD_MAIIC_CASHFLOW_REGISTER. RUN_ID groups one build (identified by start/end date + generation time) so re-runs do not collide."
"894","VGCBS","MAIIC_FACILITY_REGISTER","362","2026-08-03","MAIIC/FInES facility master register, one row per facility per as-of date. Populated by PROC_BUILD_MAIIC_FACILITY_REGISTER."
"895","VGCBS","MAIIC_GL_INTEREST_RECOGNIZED","3996","2026-08-25","Interest income actually posted to the GL, per loan, per month and per year, with posting references for ledger traceability. Populated by PROC_BUILD_MAIIC_GL_INTEREST_RECON."
"896","VGCBS","MANUAL_CHARGES_MASTER","0","2026-06-13",""
"897","VGCBS","MEETING_MEMBER_DETAILS","0","2026-06-13",""
"898","VGCBS","MEETING_REVIEW_DETAILS","0","2026-06-13",""
"899","VGCBS","MEMBER_MASTER","0","2026-06-13",""
"900","VGCBS","MENU_ICON","0","2026-06-13",""
"901","VGCBS","MENU_LOG_DETAILS","21556","2026-09-10",""
"902","VGCBS","MENU_MASTER","2237","2026-06-13",""
"903","VGCBS","MENU_MASTER_WINDOW","0","2026-06-13",""
"904","VGCBS","MFL_EXL","3164","2026-06-13",""
"905","VGCBS","MICR_IMPORT_DETAIL","0","2026-06-13",""
"906","VGCBS","MIG_PURGING_PROC","0","2026-06-13",""
"907","VGCBS","MISC_RECEIVABLE","0","2026-06-13",""
"908","VGCBS","MISC_RECEIVABLE_BACKUP","0","2026-06-13",""
"909","VGCBS","MISC_REC_CHG_MASTER","0","2026-06-13",""
"910","VGCBS","MISSINT_ACCOUNTS","0","2026-06-13",""
"911","VGCBS","MIS_SMS_NUMBER","0","2026-06-13",""
"912","VGCBS","MOBILE_ACCOUNT","0","2026-06-13",""
"913","VGCBS","MOBILE_REG_USSD","0","2026-06-13",""
"914","VGCBS","MOB_BANKING_CODES","0","2026-06-13",""
"915","VGCBS","MOB_BANKING_SETTING","0","2026-06-13",""
"916","VGCBS","MOB_BANK_PENDING_REQUEST","0","2026-06-13",""
"917","VGCBS","MOB_BANK_REQUEST","0","2026-06-13",""
"918","VGCBS","MOB_BANK_REQUEST_LOG","0","2026-06-13",""
"919","VGCBS","MOB_FULLSTMT_REQ","0","2026-06-13",""
"920","VGCBS","MODIFICATION_LOG","5991","2026-06-13",""
"921","VGCBS","MODULE_MASTER","55","2026-06-13",""
"922","VGCBS","MT_REQ_RES_DETAIL","0","2026-06-13",""
"923","VGCBS","MULTI_FORMAT_REPORT","1","2026-06-13",""
"924","VGCBS","MULTI_FORMAT_REPORT_OLD","0","2026-06-13",""
"925","VGCBS","MULTI_INST_DETAILS","8544","2026-06-13",""
"926","VGCBS","MULTI_REPORT_DETAILS","100","2026-09-23",""
"927","VGCBS","MULTI_REPORT_DETAILS_OLD","0","2026-06-13",""
"928","VGCBS","NEW_ACMAP","0","2026-06-13",""
"929","VGCBS","NEW_GLMAP","0","2026-06-13",""
"930","VGCBS","NFS_TRAN_SETTING","0","2026-06-13",""
"931","VGCBS","NOMINEE_DETAILS","0","2026-06-13",""
"932","VGCBS","NPA_CALCULATION_SETTING","7","2026-06-13",""
"933","VGCBS","NPA_CLASS_PARAMETERS","10","2026-06-13",""
"934","VGCBS","NPA_DETAILS","1999843","2026-09-29",""
"935","VGCBS","NPA_LOSS_ASSET","0","2026-06-13",""
"936","VGCBS","NPA_REASON_MASTER","0","2026-06-13",""
"937","VGCBS","OBC_DETAILS","0","2026-06-13",""
"938","VGCBS","OBC_IBC_BATCH_DETAILS","0","2026-06-13",""
"939","VGCBS","OBC_IBC_TYPE","0","2026-06-13",""
"940","VGCBS","OD_DEDUCTION_MASTER","0","2026-06-13",""
"941","VGCBS","OFFLINE_BATCH_MASTER","0","2026-06-13",""
"942","VGCBS","OFFLINE_BATCH_SETTING","0","2026-06-13",""
"943","VGCBS","OFFLINE_BATCH_TRANS","0","2026-06-13",""
"944","VGCBS","OPENING_BAL","95","2026-06-13",""
"945","VGCBS","OPERATION_DETAILS","5361","2026-09-16",""
"946","VGCBS","OPERATION_LOCK","0","2026-06-13",""
"947","VGCBS","OPERATOR_DETAILS","7686","2026-06-13",""
"948","VGCBS","OPERATOR_EXCEL","94","2026-06-13",""
"949","VGCBS","ORA_VGIPLTRANS","0","2026-06-13",""
"950","VGCBS","OSS_PARAMETERS","0","2026-06-13",""
"951","VGCBS","OTH_BRANCH_CONFIGURATION","0","2026-06-13",""
"952","VGCBS","OTH_BR_USER_RIGHT_MASTER","0","2026-06-13",""
"953","VGCBS","OTP_DETAILS","26","2026-06-13",""
"954","VGCBS","OTP_TYPE_MASTER","1","2026-06-13",""
"955","VGCBS","OTS_DETAILS","0","2026-06-13",""
"956","VGCBS","OTS_DET_LOG","0","2026-06-13",""
"957","VGCBS","OT_SETTING_MASTER","1","2026-06-13",""
"958","VGCBS","OVD_NPA_LOCK_DETAILS","15811","2026-09-21",""
"959","VGCBS","OVERDUE_DETAILS","1649269","2026-09-21",""
"960","VGCBS","OW_CLG_DETAILS","0","2026-06-13",""
"961","VGCBS","OW_CLG_FILENAME_FORMAT","0","2026-06-13",""
"962","VGCBS","OW_CLG_FILE_FORMAT","0","2026-06-13",""
"963","VGCBS","OW_CLG_FILE_IMPORT","0","2026-06-13",""
"964","VGCBS","OW_CLG_RESP_HIST","0","2026-06-13",""
"965","VGCBS","OW_CLG_STRING_DETAILS","0","2026-06-13",""
"966","VGCBS","OW_CLG_SWITCH_MASTER","0","2026-06-13",""
"967","VGCBS","PACS_SHARE_SETTING","0","2026-06-13",""
"968","VGCBS","PAC_BATCH_TRANS","0","2026-06-13",""
"969","VGCBS","PAC_CODE_DETAILS","0","2026-06-13",""
"970","VGCBS","PAC_MEM_AC_DETAILS","0","2026-06-13",""
"971","VGCBS","PAC_MEM_CHARTWISE_OVD","0","2026-06-13",""
"972","VGCBS","PAC_MEM_DISB_DETAILS","0","2026-06-13",""
"973","VGCBS","PAC_MEM_INST_CHART","0","2026-06-13",""
"974","VGCBS","PAC_MEM_INST_DETAILS","0","2026-06-13",""
"975","VGCBS","PAC_MEM_INTEREST_PRODUCT","0","2026-06-13",""
"976","VGCBS","PAC_MEM_MAST","0","2026-06-13",""
"977","VGCBS","PAC_MEM_OVERDUE_DETAILS","0","2026-06-13",""
"978","VGCBS","PAC_MEM_PROP_DETAILS","0","2026-06-13",""
"979","VGCBS","PAC_MEM_SANC_DETAILS","0","2026-06-13",""
"980","VGCBS","PAC_MEM_TRANS","0","2026-06-13",""
"981","VGCBS","PAC_NOMINEE_DETAILS","0","2026-06-13",""
"982","VGCBS","PAC_PURPOSE_MASTER","7","2026-06-13",""
"983","VGCBS","PAC_PURPOSE_SCHEDULE","0","2026-06-13",""
"984","VGCBS","PAC_SANC_DETAILS","0","2026-06-13",""
"985","VGCBS","PAC_SOCIETY_MAST","0","2026-06-13",""
"986","VGCBS","PARAG_BK","1161","2026-06-13",""
"987","VGCBS","PARAMETER_MASTER_LOG","0","2026-06-13",""
"988","VGCBS","PARAM_TABLE","214","2026-06-13",""
"989","VGCBS","PA_INSURANCE_DETAILS","0","2026-06-13",""
"990","VGCBS","PA_INSURANCE_SLAB","0","2026-06-13",""
"991","VGCBS","PCG_PERFORMANCE","102","2026-06-13",""
"992","VGCBS","PDC_DETAILS","0","2026-06-13",""
"993","VGCBS","PD_AC_MASTER","0","2026-06-13",""
"994","VGCBS","PD_SETTING_MASTER","0","2026-06-13",""
"995","VGCBS","PD_VENDOR_MASTER","0","2026-06-13",""
"996","VGCBS","PEN_INTEREST_INACMASTER","0","2026-06-13",""
"997","VGCBS","PIGMY_COMISSION_SLAB_MASTER","0","2026-06-13",""
"998","VGCBS","PIGMY_COMM_SLAB_MASTER","0","2026-06-13",""
"999","VGCBS","PIGMY_FILE_TEMP_DATA","0","2026-06-13",""
"1000","VGCBS","PIGMY_MACHINE_TEMPLATE","0","2026-06-13",""
"1001","VGCBS","PIGMY_MACHINE_TYPE_MASTER","0","2026-06-13",""
"1002","VGCBS","PIGMY_TRANSFER_DETAILS","0","2026-06-13",""
"1003","VGCBS","PIGMY_TRANSFER_PARAMETERS","0","2026-06-13",""
"1004","VGCBS","PIGMY_TRF_AC_SETTING","0","2026-06-13",""
"1005","VGCBS","PLR_MASTER","46","2026-06-13",""
"1006","VGCBS","PLR_MASTER_09JAN","26","2026-06-13",""
"1007","VGCBS","PM_BIMA_PREMIUM_MASTER","0","2026-06-13",""
"1008","VGCBS","PM_BIMA_YOJNA_MASTER","0","2026-06-13",""
"1009","VGCBS","POS_CHARGES_MAST","0","2026-06-13",""
"1010","VGCBS","POS_CHARGES_SLAB","0","2026-06-13",""
"1011","VGCBS","PRINTING_INSTRUMENT_TYPE","0","2026-06-13",""
"1012","VGCBS","PROBABLE_BS_SETTING","37","2026-06-13",""
"1013","VGCBS","PROBABLE_TRIAL_BALANCE","2760","2026-06-13",""
"1014","VGCBS","PROCESS_DETAILS","1","2026-09-29",""
"1015","VGCBS","PROCUREMENT_BUDGET_DETAILS","0","2026-06-13",""
"1016","VGCBS","PROCUREMENT_PLAN_DETAILS","0","2026-06-13",""
"1017","VGCBS","PROCURE_BUDGET_APP_MOVE","0","2026-06-13",""
"1018","VGCBS","PROC_PLAN_APPROVE_MOVEMENT","0","2026-06-13",""
"1019","VGCBS","PROMO_CHARGES_MASTER","0","2026-06-13",""
"1020","VGCBS","PROPERTY_EXCEL","77","2026-06-13",""
"1021","VGCBS","PROPERTY_MORTGAGE_DETAILS","81","2026-06-13",""
"1022","VGCBS","PURCHASE_BILL_DETAILS","167","2026-06-13",""
"1023","VGCBS","PURCHASE_DM_DETAILS","0","2026-06-13",""
"1024","VGCBS","PURCHASE_ORDER_DETAILS","0","2026-06-13",""
"1025","VGCBS","PURCHASE_ORDER_MASTER","0","2026-06-13",""
"1026","VGCBS","PURPWISE_SANCTION_DETAILS","318","2026-06-13",""
"1027","VGCBS","P_AMOUNTWISE_SLAB","0","2026-06-13",""
"1028","VGCBS","P_ASSESMENT_DETAILS","0","2026-06-13",""
"1029","VGCBS","P_ATTENDANCE_DETAILS","76","2026-06-13",""
"1030","VGCBS","P_ATTENDANCE_MASTER","75","2026-06-13",""
"1031","VGCBS","P_BENOFUND_SLAB_MASTER","3","2026-06-13",""
"1032","VGCBS","P_BONUS_DETAILS","33","2026-06-13",""
"1033","VGCBS","P_BONUS_MASTER","8","2026-06-13",""
"1034","VGCBS","P_DA_SLAB_MASTER","1","2026-06-13",""
"1035","VGCBS","P_DEDUCTION_FREQUENCY_MAST","2","2026-06-13",""
"1036","VGCBS","P_DESIG_AUTH_MASTER","0","2026-06-13",""
"1037","VGCBS","P_EARNING_DETAIL_DETAILS","64","2026-06-13",""
"1038","VGCBS","P_EARNING_DETAIL_MASTER","17","2026-06-13",""
"1039","VGCBS","P_EARN_DET_MAP_DETAILS","97","2026-06-13",""
"1040","VGCBS","P_EMPLOYEE_ATTENDANCE","0","2026-06-13",""
"1041","VGCBS","P_EMPLOYEE_FIXEARN_DETAILS","2","2026-06-13",""
"1042","VGCBS","P_EMPLOYEE_INCREMENT_MAST","0","2026-06-13",""
"1043","VGCBS","P_EMPLOYEE_LTC","0","2026-06-13",""
"1044","VGCBS","P_EMPLOYEE_SALARY_DATA","0","2026-06-13",""
"1045","VGCBS","P_EMPLOYEE_SALARY_DETAILS","0","2026-06-13",""
"1046","VGCBS","P_EMPLOYEE_SALARY_REGISTER","313","2026-06-13",""
"1047","VGCBS","P_EMPLOYEE_SALARY_SUMMARY","44","2026-06-13",""
"1048","VGCBS","P_EMP_DAILY_ATTENDANCE","0","2026-06-13",""
"1049","VGCBS","P_EMP_EXCEPTION_DETAILS","0","2026-06-13",""
"1050","VGCBS","P_EMP_FIXEARN_DET_HIST","0","2026-06-13",""
"1051","VGCBS","P_EMP_SALARY_REG_TEMP","0","2026-06-13",""
"1052","VGCBS","P_EMP_SALARY_SUMMARY_TEMP","0","2026-06-13",""
"1053","VGCBS","P_EMP_TRF_DETAILS","0","2026-06-13",""
"1054","VGCBS","P_ENCASHMENT_MASTER","0","2026-06-13",""
"1055","VGCBS","P_ENCASH_TRANSACTION","0","2026-06-13",""
"1056","VGCBS","P_FORM16_DETAILS","0","2026-06-13",""
"1057","VGCBS","P_GRATUITY_ENCASH_DETAILS","0","2026-06-13",""
"1058","VGCBS","P_GRATUITY_ENCASH_MASTER","0","2026-06-13",""
"1059","VGCBS","P_GRATUITY_MASTER","0","2026-06-13",""
"1060","VGCBS","P_INSURANCE_DETAILS","0","2026-06-13",""
"1061","VGCBS","P_INVESTMENT_MASTER","0","2026-06-13",""
"1062","VGCBS","P_IT_DATA","0","2026-06-13",""
"1063","VGCBS","P_IT_SLAB_MASTER","4","2026-06-13",""
"1064","VGCBS","P_LEAVE_APPLICATION","0","2026-06-13",""
"1065","VGCBS","P_LEAVE_AREARS_MAST","0","2026-06-13",""
"1066","VGCBS","P_LEAVE_FIN_YEAR_MASTER","1","2026-06-13",""
"1067","VGCBS","P_LEAVE_MASTER","10","2026-06-13",""
"1068","VGCBS","P_LEAVE_SAL_DEDUCTION","0","2026-06-13",""
"1069","VGCBS","P_LEAVE_TRANSACTION","139","2026-06-13",""
"1070","VGCBS","P_LOAN_DETAILS","1","2026-06-13",""
"1071","VGCBS","P_MWF_SLAB_MASTER","0","2026-06-13",""
"1072","VGCBS","P_NSC_INT_DETAILS","0","2026-06-13",""
"1073","VGCBS","P_NSC_MASTER","0","2026-06-13",""
"1074","VGCBS","P_PENSION_DA_SLAB_MASTER","0","2026-06-13",""
"1075","VGCBS","P_PENSION_MASTER","0","2026-06-13",""
"1076","VGCBS","P_PENSION_SETTING","0","2026-06-13",""
"1077","VGCBS","P_PF_SLAB_MASTER","0","2026-06-13",""
"1078","VGCBS","P_PROBABLE_SALARY","0","2026-06-13",""
"1079","VGCBS","P_PRO_DEMO_MASTER","29","2026-06-13",""
"1080","VGCBS","P_PRO_DEMO_TRANS","0","2026-06-13",""
"1081","VGCBS","P_PT_SLAB_MASTER","0","2026-06-13",""
"1082","VGCBS","P_REBATE_ITEM_MASTER","0","2026-06-13",""
"1083","VGCBS","P_SALARY_POSTING_MASTER","8","2026-06-13",""
"1084","VGCBS","P_SALARY_POSTING_VOUCHER","0","2026-06-13",""
"1085","VGCBS","P_SALARY_SCALE","0","2026-06-13",""
"1086","VGCBS","P_SALCALC_TYPE","17","2026-06-13",""
"1087","VGCBS","P_SAL_INCREMENT_SETTING","0","2026-06-13",""
"1088","VGCBS","P_SECTION_MAPP_DETAILS","0","2026-06-13",""
"1089","VGCBS","P_SECTION_MASTER","0","2026-06-13",""
"1090","VGCBS","P_SURRENDER_LEVE_SAL_MAST","0","2026-06-13",""
"1091","VGCBS","P_SUSPENSION_MASTER","0","2026-06-13",""
"1092","VGCBS","P_UNION_DEDUCTION_MASTER","0","2026-06-13",""
"1093","VGCBS","P_UNION_MASTER","0","2026-06-13",""
"1094","VGCBS","QUANTITY_UNIT_MASTER","2","2026-06-13",""
"1095","VGCBS","RANGEWISE_REPORT_SETTING","85","2026-06-13",""
"1096","VGCBS","RANGEWISE_REPORT_STRING","69","2026-06-13",""
"1097","VGCBS","RECEIVABLE_UPDATE","0","2026-06-13",""
"1098","VGCBS","RECON_BANK_ENTRIES","87","2026-06-13",""
"1099","VGCBS","RECON_BRANCH_ENTRIES","59","2026-06-13",""
"1100","VGCBS","RECON_NOT_IMPORTED","0","2026-06-13",""
"1101","VGCBS","RECON_OPENING_BALANCE","16","2026-06-13",""
"1102","VGCBS","RECON_OTHER_DETAILS","321","2026-09-29",""
"1103","VGCBS","RECON_OTH_LOG_DETAILS","5","2026-06-13",""
"1104","VGCBS","RECON_OTH_SLAB_DETAIL","8","2026-06-13",""
"1105","VGCBS","RECON_SLAB_DETAILS","2","2026-06-13",""
"1106","VGCBS","RECON_TEMPLATE_MASTER","79","2026-06-13",""
"1107","VGCBS","RECOVERY_AGENT_MASTER","0","2026-06-13",""
"1108","VGCBS","RECOVERY_MISMATCH","0","2026-06-13",""
"1109","VGCBS","REC_CR_MAGOMENI","0","2026-06-13",""
"1110","VGCBS","REC_CR_TEMEKE","0","2026-06-13",""
"1111","VGCBS","REGION_AUTH_DETAILS","0","2026-06-13",""
"1112","VGCBS","REGION_MASTER","1","2026-06-13",""
"1113","VGCBS","REGISTER_MACHINE","0","2026-06-13",""
"1114","VGCBS","REPORT_FORMAT","500","2026-10-05",""
"1115","VGCBS","REPORT_FORMAT_MASTER","412","2026-07-01",""
"1116","VGCBS","REPORT_FORMAT_NEW","1070","2026-06-13",""
"1117","VGCBS","REPORT_FORMAT_OVERDUE","5","2026-10-05",""
"1118","VGCBS","REPORT_GENERATION_DETAILS","9520","2026-06-13",""
"1119","VGCBS","REPORT_GENERATION_DETAILS_TEMP","0","2026-06-13",""
"1120","VGCBS","REPORT_GENERATION_MASTER","978","2026-06-13",""
"1121","VGCBS","REPORT_GENERATION_MASTER_TEMP","0","2026-06-13",""
"1122","VGCBS","REPORT_GENERATION_STRING","985","2026-09-23",""
"1123","VGCBS","REPORT_GENERATION_STRING_TEMP","0","2026-06-13",""
"1124","VGCBS","REPORT_GL_SELECTION","0","2026-06-13",""
"1125","VGCBS","REPORT_HEADER_MASTER","1811","2026-09-23",""
"1126","VGCBS","REPORT_HEADER_MASTER_TEMP","0","2026-06-13",""
"1127","VGCBS","REPORT_PARAMETER_DETAILS","0","2026-06-13",""
"1128","VGCBS","REPORT_SELECTION","0","2026-06-13",""
"1129","VGCBS","RESTRICTED_CUSTOMER","0","2026-06-13",""
"1130","VGCBS","RETURN_REASON_MASTER","0","2026-06-13",""
"1131","VGCBS","RISK_CONFIG_MASTER","0","2026-06-13",""
"1132","VGCBS","RISK_REASON_MASTER","100","2026-06-13",""
"1133","VGCBS","RRC_DETAILS","0","2026-06-13",""
"1134","VGCBS","RTGS_API_FILENAME_FORMAT","0","2026-06-13",""
"1135","VGCBS","RTGS_API_FILE_FORMAT","0","2026-06-13",""
"1136","VGCBS","RTGS_API_KEY_MASTER","0","2026-06-13",""
"1137","VGCBS","RTGS_API_URL_CONFIG","0","2026-06-13",""
"1138","VGCBS","RTGS_API_URL_DETAIL","0","2026-06-13",""
"1139","VGCBS","RTGS_BANK_MASTER","54","2026-06-13",""
"1140","VGCBS","RTGS_BRANCH_MASTER","54","2026-06-13",""
"1141","VGCBS","RTGS_COMMISSION_MASTER","0","2026-06-13",""
"1142","VGCBS","RTGS_DETAILS","0","2026-06-13",""
"1143","VGCBS","RTGS_FILENAME_FORMAT","0","2026-06-13",""
"1144","VGCBS","RTGS_FILE_FORMAT","0","2026-06-13",""
"1145","VGCBS","RTGS_INWARD_FILE","0","2026-06-13",""
"1146","VGCBS","RTGS_RESPONCE_DETAILS","0","2026-06-13",""
"1147","VGCBS","RTGS_RET_REASON_MASTER","0","2026-06-13",""
"1148","VGCBS","RTGS_STRING_DETAILS","0","2026-06-13",""
"1149","VGCBS","RTGS_SWITCH_MASTER","0","2026-06-13",""
"1150","VGCBS","RTGS_TYPE_MASTER","0","2026-06-13",""
"1151","VGCBS","SALARY_LOAN_DETAILS","0","2026-06-13",""
"1152","VGCBS","SANCTION_DETAILS","7153","2026-06-13",""
"1153","VGCBS","SAVING_ACT_PRODUCT","0","2026-06-13",""
"1154","VGCBS","SAVING_ACT_SUMMARY","0","2026-06-13",""
"1155","VGCBS","SB","126","2026-06-13",""
"1156","VGCBS","SB_INT_PRODUCT","2268","2026-08-07",""
"1157","VGCBS","SB_INT_PRODUCT_AUG_DOUBLE","0","2026-06-13",""
"1158","VGCBS","SB_INT_PRODUCT_SEP20","0","2026-06-13",""
"1159","VGCBS","SB_INT_PRODUCT_TEMP","0","2026-06-13",""
"1160","VGCBS","SCHEME_MASTER","114","2026-06-13",""
"1161","VGCBS","SCHEME_MASTER_REX","0","2026-06-13",""
"1162","VGCBS","SCHOOL_GPF_TRANSACTION","0","2026-06-13",""
"1163","VGCBS","SCHOOL_MASTER","0","2026-06-13",""
"1164","VGCBS","SELCOM_CODES","0","2026-06-13",""
"1165","VGCBS","SELCOM_REQUEST","0","2026-06-13",""
"1166","VGCBS","SELCOM_RESPONCE","0","2026-06-13",""
"1167","VGCBS","SELCOM_TRANSACTION","0","2026-06-13",""
"1168","VGCBS","SELCOM_TYPE_MASTER","0","2026-06-13",""
"1169","VGCBS","SERVICE_TAX_DETAILS","0","2026-06-13",""
"1170","VGCBS","SERVICE_TAX_DETAILS_ERCS","0","2026-06-13",""
"1171","VGCBS","SERVICE_TAX_MASTER","1","2026-06-13",""
"1172","VGCBS","SFT_CONFIGURATION","0","2026-06-13",""
"1173","VGCBS","SFT_MASTER","0","2026-06-13",""
"1174","VGCBS","SHARES_CONFIGURATION","0","2026-06-13",""
"1175","VGCBS","SHARES_DEBENTURE_DETAILS","6","2026-06-13",""
"1176","VGCBS","SHARE_CAPITAL_MASTER","0","2026-06-13",""
"1177","VGCBS","SHARE_CERTIFICATE_DETAIL","0","2026-06-13",""
"1178","VGCBS","SHARE_CERTI_PRINT_LOG","0","2026-06-13",""
"1179","VGCBS","SHARE_DIVIDEND_CHART","305","2026-06-13",""
"1180","VGCBS","SHARE_HOLDING_BALANCES","0","2026-06-13",""
"1181","VGCBS","SHARE_HOLDING_MASTER","0","2026-06-13",""
"1182","VGCBS","SHARE_RATE_MASTER","0","2026-06-13",""
"1183","VGCBS","SHORT_PARTI_MASTER","22","2026-06-13",""
"1184","VGCBS","SIGNATURE_MASTER","4","2026-06-29",""
"1185","VGCBS","SIGNATURE_MASTERVGCBS","0","2026-06-13",""
"1186","VGCBS","SIGNATURE_SCAN_DETAILS","0","2026-06-13",""
"1187","VGCBS","SLR_CRR_MASTER","0","2026-06-13",""
"1188","VGCBS","SMS_ERROR_DETAILS","0","2026-06-13",""
"1189","VGCBS","SMS_ERR_NAME_DETAILS","0","2026-06-13",""
"1190","VGCBS","SMS_MASTER","33","2026-09-30",""
"1191","VGCBS","SMS_PURCHASE_DETAILS","0","2026-06-13",""
"1192","VGCBS","SMS_SCHEME_MASTER","12","2026-06-13",""
"1193","VGCBS","SMS_SENT_DETAILS","1675","2026-06-30",""
"1194","VGCBS","SMS_SENT_PARA_DETAILS","0","2026-06-13",""
"1195","VGCBS","SMS_URL_DETAILS","0","2026-06-13",""
"1196","VGCBS","SMS_URL_DETAILS_OLD","0","2026-06-13",""
"1197","VGCBS","SMS_VENDOR_MASTER","1","2026-06-13",""
"1198","VGCBS","SMS_VENDOR_MASTER_OLD","0","2026-06-13",""
"1199","VGCBS","SPECIAL_INSTRUCTIONS","0","2026-06-13",""
"1200","VGCBS","SPL_MENU_MASTER","0","2026-06-13",""
"1201","VGCBS","STAX_CALC_CONFIG","0","2026-06-13",""
"1202","VGCBS","STAX_CALC_DETAILS","0","2026-06-13",""
"1203","VGCBS","STD_ORDER_DETAILS","0","2026-06-13",""
"1204","VGCBS","STD_ORDER_DET_MODI_LOG","0","2026-06-13",""
"1205","VGCBS","STD_ORDER_SKIP_HISTORY","0","2026-06-13",""
"1206","VGCBS","STOP_PAYMENT_DETAILS","0","2026-06-13",""
"1207","VGCBS","SUPPLIER_MASTER","363","2026-06-13",""
"1208","VGCBS","SUPPLIER_SECURITY_MASTER","2","2026-06-13",""
"1209","VGCBS","SUR_TEMP","0","2026-06-13",""
"1210","VGCBS","SWIFT_SETTING_MASTER","0","2026-06-13",""
"1211","VGCBS","TABLE_KEY_MASTER","868","2026-06-13",""
"1212","VGCBS","TAB_APP_SMS_SENT_DETAILS","0","2026-06-13",""
"1213","VGCBS","TAXBANK_ERRCODE_MASTER","0","2026-06-13",""
"1214","VGCBS","TAXBANK_REQUEST","0","2026-06-13",""
"1215","VGCBS","TAXBANK_REQUEST_LOG","0","2026-06-13",""
"1216","VGCBS","TAXBANK_TELLER_DETAILS","0","2026-06-13",""
"1217","VGCBS","TAX_RTN_FILE_DETAILS","0","2026-06-13",""
"1218","VGCBS","TAX_TRF_SETTING","0","2026-06-13",""
"1219","VGCBS","TDS_ACCOUNT_DETAILS","0","2026-06-13",""
"1220","VGCBS","TDS_EXEMPTED_CUST_RATES","0","2026-06-13",""
"1221","VGCBS","TDS_EXEMPTION_DETAILS","0","2026-06-13",""
"1222","VGCBS","TDS_GL_MAPPING","0","2026-06-13",""
"1223","VGCBS","TDS_SLAB_MASTER","12","2026-06-13",""
"1224","VGCBS","TDS_SPECIFIED_CUST","0","2026-06-13",""
"1225","VGCBS","TEMP_EMP","0","2026-06-13",""
"1226","VGCBS","TEMP_GL","0","2026-06-13",""
"1227","VGCBS","TEMP_MASTER","122","2026-10-04",""
"1228","VGCBS","TEMP_OVERCHARGED_INT","0","2026-06-13",""
"1229","VGCBS","TEMP_TABLE","0","2026-06-13",""
"1230","VGCBS","TEST","0","2026-06-13",""
"1231","VGCBS","THUMB_MACHINE_MASTER","0","2026-06-13",""
"1232","VGCBS","TISS_MT199","0","2026-06-13",""
"1233","VGCBS","TISS_MT999","0","2026-06-13",""
"1234","VGCBS","TOD_DETAILS","0","2026-06-13",""
"1235","VGCBS","TOD_INTEREST_PRODUCT","0","2026-06-13",""
"1236","VGCBS","TOD_INTEREST_PRODUCT_310319","0","2026-06-13",""
"1237","VGCBS","TOD_INTEREST_SUMMARY","0","2026-06-13",""
"1238","VGCBS","TOD_INTEREST_SUMMARY_310319","0","2026-06-13",""
"1239","VGCBS","TOD_INTSLAB_MASTER","0","2026-06-13",""
"1240","VGCBS","TOD_SCHEME_MASTER","0","2026-06-13",""
"1241","VGCBS","TRANSACTION_OPERATION","87","2026-06-13",""
"1242","VGCBS","TRANSPORTER_MASTER","0","2026-06-13",""
"1243","VGCBS","TRANTYPE","82","2026-06-13",""
"1244","VGCBS","TRANTYPE_NT_PROPER","0","2026-06-13",""
"1245","VGCBS","TRA_CONFIGURATION","0","2026-06-13",""
"1246","VGCBS","TRA_DETAILS","0","2026-06-13",""
"1247","VGCBS","TRA_INPUT_OUTPUT","0","2026-06-13",""
"1248","VGCBS","TRIAL_BALANCE","1560","2026-09-29",""
"1249","VGCBS","TRIAL_BALANCE_ALL","5224","2026-08-28",""
"1250","VGCBS","TRIAL_BALANCE_HISTORY","346261","2026-08-10",""
"1251","VGCBS","T_ACCOUNT","0","2026-06-13",""
"1252","VGCBS","T_ACCOUNTBALANCE","0","2026-06-13",""
"1253","VGCBS","T_ACCOUNTOPERATEDBY","0","2026-06-13",""
"1254","VGCBS","T_DORMANTACCOUNTS","0","2026-06-13",""
"1255","VGCBS","T_GL","0","2026-06-13",""
"1256","VGCBS","T_LOANSANDOVERDRAFTS","0","2026-06-13",""
"1257","VGCBS","T_PRODUCTS","0","2026-06-13",""
"1258","VGCBS","T_RESCHEDULE","0","2026-06-13",""
"1259","VGCBS","USERWISE_BATCHTYPE_LOG","0","2026-06-13",""
"1260","VGCBS","USERWISE_BATCHTYPE_RIGHTS","4750","2026-06-13",""
"1261","VGCBS","USER_ACOPEN_RIGHTS","12064","2026-06-13",""
"1262","VGCBS","USER_CASH_RETENTION_LIMIT","0","2026-06-13",""
"1263","VGCBS","USER_CASH_VIO_HISTORY","0","2026-06-13",""
"1264","VGCBS","USER_DEF_RIGHT_MASTER","13889","2026-07-14",""
"1265","VGCBS","USER_DOCUMENT_RIGHTS","0","2026-06-13",""
"1266","VGCBS","USER_LEVEL_MASTER","19","2026-06-13",""
"1267","VGCBS","USER_LOCK_DETAILS","13","2026-10-05",""
"1268","VGCBS","USER_LOGIN_REQUEST","0","2026-06-13",""
"1269","VGCBS","USER_LOG_DETAILS","23173","2026-09-17",""
"1270","VGCBS","USER_MAP","0","2026-06-13",""
"1271","VGCBS","USER_MASTER","57","2026-10-05",""
"1272","VGCBS","USER_MENU_ACCESS_LOG","8300339","2026-07-04",""
"1273","VGCBS","USER_MENU_RIGHTS_MASTER","41380","2026-06-13",""
"1274","VGCBS","VEHICLE_MACHINE_MASTER","0","2026-06-13",""
"1275","VGCBS","VERSION_DETAIL","1","2026-06-13",""
"1276","VGCBS","VISITOR_DETAILS","0","2026-06-13",""
"1277","VGCBS","VISITOR_MASTER","0","2026-06-13",""
"1278","VGCBS","VODACOM_TRAN_DETAILS","0","2026-06-13",""
"1279","VGCBS","WAREHOUSE_PLEDGE_DETAILS","0","2026-06-13",""
"1280","VGCBS","WEBSERVICE_REQUEST","0","2026-06-13",""
"1281","VGCBS","WRITEOFF_CUST_PTP_DETAILS","0","2026-06-13",""
"1282","VGCBS","WRITEOFF_RECOVERY_OFFICER","0","2026-06-13",""
"1283","VGCBS","WRITEOFF_VISIT_COMMENT","0","2026-06-13",""
"1284","VGCBS","WRONG_LOGIN_DETAILS","2429","2026-08-18",""
"1285","VGCBS","ZONE_MASTER","0","2026-06-13",""
