"   ","TABLE_NAME","NUM_ROWS","TABLE_DESCRIPTION"
"1","ABB_CHARGES_SLAB","0",""
"2","ACCOUNT_BALANCE","75607",""
"3","ACCOUNT_BALANCE_HISTORY","0",""
"4","ACCOUNT_STATUS_HISTORY","10482",""
"5","ACLOANMASTER","7154",""
"6","AC_MIN_BALANCE","2268",""
"7","AC_MIN_BALANCE_SEP20","0",""
"8","AC_TRAN_INTIMATE","0",""
"9","ADVICE_PRINT_DETAILS","0",""
"10","ADV_FEE_DETAILS","0",""
"11","ATM_CHARGES_MAST","0",""
"12","ATM_INSTACARD_REQRESDET","0",""
"13","ATM_LOAN_CONFIG","0",""
"14","AUTO_CHARGES_MASTER","1",""
"15","BASERATE_DETAILS","0",""
"16","BILL_INSTRUCTIONS_DETAILS","0",""
"17","BORROW_DISB_DETAILS","0",""
"18","BORROW_INST_DETAILS","0",""
"19","BORROW_SANCTION_DETAILS","0",""
"20","BRANCH_DAY_STATUS","813",""
"21","CG_PARTY_LOAN_DETAILS","2",""
"22","CHARGES_AMORTIZE_DETAILS","0",""
"23","CHARGES_AMORTIZE_SETTING","0",""
"24","CHARGES_POSTING_HISALL","0",""
"25","CHARGES_POSTING_HISTORY","0",""
"26","CLG_INSTRUMENT_TYPE","0",""
"27","CONSUMER_LOAN_DETAILS","0",""
"28","COURT_PARTY_LOAN_DETAILS","0",""
"29","COURT_TRAN_TYPE","0",""
"30","CREDIT_BALANCE","0",""
"31","CUMVOUCH","395162",""
"32","CUMVOUCH_310724","81",""
"33","CUMVOUCH_3110","742",""
"34","CUMVOUCH_BAK","19780",""
"35","CUMVOUCH_BK240824","12464",""
"36","CUMVOUCH_CHET13062025","71311",""
"37","CUMVOUCH_MW","58",""
"38","CUMVOUCH_NF","3217",""
"39","CUMVOUCH_STCK","0",""
"40","CURRENCY_RATE_MASTER","3",""
"41","CURR_RATE_MASTER_HIST","2",""
"42","CUST_INT_LINK_MASTER","0",""
"43","CUST_ORG_AUDITOR_INFO","105",""
"44","CUST_OTH_LOAN_DETAILS","171",""
"45","DAILY_INTEREST_ACCRUAL","54604",""
"46","DAILY_INTEREST_ACCRUAL_DEPOSIT","0",""
"47","DAILY_INT_ACCRUAL_LOANS","0",""
"48","DCB_LOAN_ADJUSTMENTS","0",""
"49","DD_PRINT_LOG","0",""
"50","DD_STATUS_HISTORY","0",""
"51","DELETE_CUMVOUCH","0",""
"52","DIFF_INTEREST_PRODUCT","7521",""
"53","DIFF_INTEREST_SUMMARY","29",""
"54","DISBURSE_CHARGES_DETAILS","0",""
"55","DIVIDEND_SLAB_DETAILS","0",""
"56","DIV_WARR_PRINT_LOG","0",""
"57","EDUCATION_LOAN_DETAILS","0",""
"58","EMPLOYEE_STATUS_HISTORY","22",""
"59","EMP_INSU_CONTRI_RATE","21",""
"60","EXCESS_INTEREST","0",""
"61","FDRECEIPT_PRINT_LOG","0",""
"62","FILE_LOAN_MASTER","0",""
"63","FIXLOAN_INST_CHART","95609",""
"64","FIXLOAN_INST_CHART1","3211",""
"65","FIXLOAN_INST_CHART_141124","9339",""
"66","FIXLOAN_INST_CHART_300824","4977",""
"67","FIXLOAN_INST_CHART_CORRECTION","0",""
"68","FIXLOAN_INST_CHART_TEMP","0",""
"69","FIXLOAN_OVERDUE_DETAILS","81829",""
"70","FIX_INST_CHART28SEP","9106",""
"71","FLAT_ACC_INT_CORR","0",""
"72","FORGIVE_INTEREST_DETAILS","2",""
"73","GL_OPENING_BALANCE","598",""
"74","GL_OPENING_BALANCE_02OCT24","357",""
"75","GL_OPENING_BALANCE_120423","331",""
"76","GL_OPENING_BALANCE_BK240824","331",""
"77","GL_OPENING_BALANCE_OLD","0",""
"78","GOLD_LOAN_DETAILS","0",""
"79","GROUP_EXIT_REINSTATE","0",""
"80","GROUP_EXREINSTATE_REASONS","0",""
"81","GROUP_LN_BALANCE","0",""
"82","G_ACLOANMASTER","",""
"83","G_BALANCE_SHEET","",""
"84","G_BALANCE_SHEET_AST","",""
"85","G_BALANCE_SHEET_LIB","",""
"86","G_BILL_INSTRUCTIONS_DETAILS","",""
"87","G_BORROW_DISB_DETAILS","",""
"88","G_BORROW_INST_DETAILS","",""
"89","G_BORROW_SANCTION_DETAILS","",""
"90","G_CONSUMER_LOAN_DETAILS","",""
"91","G_COURT_PARTY_LOAN_DETAILS","",""
"92","G_CUMVOUCH","",""
"93","G_CUST_ORG_AUDITOR_INFO","",""
"94","G_CUST_OTH_LOAN_DETAILS","",""
"95","G_EDUCATION_LOAN_DETAILS","",""
"96","G_EMP_INSU_CONTRI_RATE","",""
"97","G_FILE_LOAN_MASTER","",""
"98","G_GETUNPASSENTRY","",""
"99","G_GL_OPENING_BALANCE","",""
"100","G_GOLD_LOAN_DETAILS","",""
"101","G_GROUP_EXIT_REINSTATE","",""
"102","G_INTEREST_SLAB_DETAILS","",""
"103","G_LC_CHARGES_DETAILS","",""
"104","G_LEASE_FEE_DETAILS","",""
"105","G_LEASE_FEE_SCHEDULE","",""
"106","G_LOAN_BOOK_MAPPING","44",""
"107","G_LOAN_DISBURSMENT_SCHEDULE","",""
"108","G_LOAN_DP_DETAILS","",""
"109","G_LOAN_INSURANCE_DETAILS","",""
"110","G_LOAN_INT_SUBVEN_SETTING","",""
"111","G_LOAN_SECURITY_DETAILS","",""
"112","G_LOAN_SHARE_LINK_CONFIG","",""
"113","G_LOAN_SUBSIDY_DETAILS","",""
"114","G_LOCKER_RENT_MULTI_INST","",""
"115","G_MULTI_INST_DETAILS","",""
"116","G_NPA_CLASS_PARAMETERS","",""
"117","G_OSS_LOAN_ADVANCES","",""
"118","G_OSS_ODINTREC","",""
"119","G_PAC_MEM_DISB_DETAILS","",""
"120","G_PAC_MEM_INST_DETAILS","",""
"121","G_PRINT_STATEMENTOFAC","",""
"122","G_PURPWISE_SANCTION_DETAILS","",""
"123","G_SANCTION_DETAILS","",""
"124","G_SCHEME_MASTER","",""
"125","G_SPECIAL_INSTRUCTIONS","",""
"126","G_WRITEOFF_CUST_PTP_DETAILS","",""
"127","G_WRITEOFF_RECOVERY_OFFICER","",""
"128","G_WRITEOFF_VISIT_COMMENT","",""
"129","INET_CUMVOUCH","0",""
"130","INET_LOAN_REQUEST","0",""
"131","INET_POLICY_MASTER","0",""
"132","INET_TRAN_TYPE","0",""
"133","INET_USER_STATUS_HIST","0",""
"134","INTEREST_POSTING_HISTORY","0",""
"135","INTEREST_PRODUCT","9319",""
"136","INTEREST_PRODUCT_TEMP","0",""
"137","INTEREST_SLAB_DETAILS","11487",""
"138","INTEREST_SLAB_MASTER","94",""
"139","INTEREST_SUMMARY","3391",""
"140","INTEREST_SUMMARYFLAGN","0",""
"141","INTEREST_SUMMARY_TEMP","0",""
"142","INTERFACE_STATUS","0",""
"143","INTERNAL_USER","10",""
"144","INT_INCOME","0",""
"145","INT_POST_TEMP","0",""
"146","INT_POST_TEMP_TABATA","0",""
"147","INT_REVERSE_ACC","0",""
"148","INV_INSTITUTE_MASTER","16",""
"149","INV_MARKET_RATE","0",""
"150","INV_SHARE_MARKET_RATE","16",""
"151","LC_CHARGES_DETAILS","0",""
"152","LC_CHARGES_MASTER","0",""
"153","LEASE_FEE_DETAILS","1",""
"154","LEASE_FEE_SCHEDULE","120",""
"155","LEASE_INTEREST_SCHEDULE","120",""
"156","LOANACCOUNT","593",""
"157","LOANACCOUNT_MEGA_SEED","95",""
"158","LOANACCOUNT_MEGA_WORKING","116",""
"159","LOANSANDOVERDRAFTSINSTALLMENTS","0",""
"160","LOAN_APPRAISAL_TYPE","0",""
"161","LOAN_APPR_FIN_TYPES","0",""
"162","LOAN_APPR_MAPPING_DETAIL","0",""
"163","LOAN_APPR_OCCU_TYPES","0",""
"164","LOAN_APPR_TEMPLATE_DETAIL","0",""
"165","LOAN_APPR_TEMPLATE_MASTER","0",""
"166","LOAN_APPR_TRANS_DETAILS","0",""
"167","LOAN_BOOK_DETAILS","0",""
"168","LOAN_BOOK_DETAILS_ALL","725460",""
"169","LOAN_BOOK_MAPPING","29",""
"170","LOAN_DISBURSMENT_SCHEDULE","6880",""
"171","LOAN_DP_DETAILS","0",""
"172","LOAN_INSURANCE_DETAILS","73",""
"173","LOAN_INT_SUBVEN_DETAILS","70331",""
"174","LOAN_INT_SUBVEN_DETAILS_CHET13062025","8350",""
"175","LOAN_INT_SUBVEN_SETTING","12",""
"176","LOAN_RESCHEDULE_DETAILS","0",""
"177","LOAN_SANCTION_FORWARD","6192",""
"178","LOAN_SECURITY_DETAILS","3482",""
"179","LOAN_SHARE_LINK_CONFIG","0",""
"180","LOAN_SUBSIDY_DETAILS","0",""
"181","LOAN_SUBSIDY_SETTING","0",""
"182","LOAN_WRITEOFF_MASTER","0",""
"183","LOAN_WRITEOFF_TRANS","0",""
"184","LOCKER_RENT_MULTI_INST","0",""
"185","LOS_DISB_CHARGES_POST","10052",""
"186","MAIIC_GL_INTEREST_RECOGNIZED","3996","Interest income actually posted to the GL, per loan, per month and per year, with posting references for ledger traceability. Populated by PROC_BUILD_MAIIC_GL_INTEREST_RECON."
"187","MANUAL_CHARGES_MASTER","0",""
"188","MISSINT_ACCOUNTS","0",""
"189","MULTI_INST_DETAILS","8544",""
"190","NPA_CALCULATION_SETTING","7",""
"191","NPA_CLASS_PARAMETERS","10",""
"192","NPA_DETAILS","1999843",""
"193","NPA_LOSS_ASSET","0",""
"194","NPA_REASON_MASTER","0",""
"195","OVD_NPA_LOCK_DETAILS","15811",""
"196","PAC_MEM_DISB_DETAILS","0",""
"197","PAC_MEM_INST_CHART","0",""
"198","PAC_MEM_INST_DETAILS","0",""
"199","PAC_MEM_INTEREST_PRODUCT","0",""
"200","PA_INSURANCE_SLAB","0",""
"201","PEN_INTEREST_INACMASTER","0",""
"202","PIGMY_COMISSION_SLAB_MASTER","0",""
"203","PIGMY_COMM_SLAB_MASTER","0",""
"204","PLR_MASTER","46",""
"205","PLR_MASTER_09JAN","26",""
"206","PM_BIMA_PREMIUM_MASTER","0",""
"207","POS_CHARGES_MAST","0",""
"208","POS_CHARGES_SLAB","0",""
"209","PRINTING_INSTRUMENT_TYPE","0",""
"210","PROBABLE_TRIAL_BALANCE","2760",""
"211","PROMO_CHARGES_MASTER","0",""
"212","PURPWISE_SANCTION_DETAILS","318",""
"213","P_AMOUNTWISE_SLAB","0",""
"214","P_BENOFUND_SLAB_MASTER","3",""
"215","P_DA_SLAB_MASTER","1",""
"216","P_IT_SLAB_MASTER","4",""
"217","P_LEAVE_APPLICATION","0",""
"218","P_LOAN_DETAILS","1",""
"219","P_MWF_SLAB_MASTER","0",""
"220","P_NSC_INT_DETAILS","0",""
"221","P_PENSION_DA_SLAB_MASTER","0",""
"222","P_PF_SLAB_MASTER","0",""
"223","P_PT_SLAB_MASTER","0",""
"224","P_SALARY_POSTING_VOUCHER","0",""
"225","RECON_OPENING_BALANCE","16",""
"226","RECON_OTH_SLAB_DETAIL","8",""
"227","RECON_SLAB_DETAILS","2",""
"228","SALARY_LOAN_DETAILS","0",""
"229","SANCTION_DETAILS","7153",""
"230","SB_INT_PRODUCT","2268",""
"231","SB_INT_PRODUCT_AUG_DOUBLE","0",""
"232","SB_INT_PRODUCT_SEP20","0",""
"233","SB_INT_PRODUCT_TEMP","0",""
"234","SCHEME_MASTER","114",""
"235","SCHEME_MASTER_REX","0",""
"236","SHARE_CERTI_PRINT_LOG","0",""
"237","SHARE_HOLDING_BALANCES","0",""
"238","SHARE_RATE_MASTER","0",""
"239","SMS_SCHEME_MASTER","12",""
"240","SPECIAL_INSTRUCTIONS","0",""
"241","TDS_EXEMPTED_CUST_RATES","0",""
"242","TDS_SLAB_MASTER","12",""
"243","TEMP_OVERCHARGED_INT","0",""
"244","TOD_INTEREST_PRODUCT","0",""
"245","TOD_INTEREST_PRODUCT_310319","0",""
"246","TOD_INTEREST_SUMMARY","0",""
"247","TOD_INTEREST_SUMMARY_310319","0",""
"248","TOD_INTSLAB_MASTER","0",""
"249","TOD_SCHEME_MASTER","0",""
"250","TRANTYPE","82",""
"251","TRANTYPE_NT_PROPER","0",""
"252","TRIAL_BALANCE","1560",""
"253","TRIAL_BALANCE_ALL","5224",""
"254","TRIAL_BALANCE_HISTORY","346261",""
"255","T_ACCOUNTBALANCE","0",""
"256","T_ACCOUNTOPERATEDBY","0",""
"257","T_LOANSANDOVERDRAFTS","0",""
"258","T_RESCHEDULE","0",""
"259","WRITEOFF_CUST_PTP_DETAILS","0",""
"260","WRITEOFF_RECOVERY_OFFICER","0",""
"261","WRITEOFF_VISIT_COMMENT","0",""
