"   ","OBJECT_TYPE","OBJECT_NAME","READS_TABLE"
"1","FUNCTION","FN_ACCOUNT_STATUS","ACCOUNT_BALANCE"
"2","PACKAGE BODY","PKG_AUTO_PROCESS","ACCOUNT_BALANCE"
"3","PACKAGE BODY","PKG_LOAN_RENEWAL","ACCOUNT_BALANCE"
"4","PACKAGE BODY","PKG_LOAN_RESCHEDULE","ACCOUNT_BALANCE"
"5","PROCEDURE","PROC_BUILD_MAIIC_FACILITY_REGISTER","ACCOUNT_BALANCE"
"6","PROCEDURE","PR_ACCOUNTCLOSURE","ACCOUNT_BALANCE"
"7","PROCEDURE","PR_ACCOUNT_SHIFT","ACCOUNT_BALANCE"
"8","PROCEDURE","PR_AUTO_RENEWAL","ACCOUNT_BALANCE"
"9","PROCEDURE","PR_CHANGEBRACCOUNT","ACCOUNT_BALANCE"
"10","PROCEDURE","PR_CONVERT_BALANCING","ACCOUNT_BALANCE"
"11","PROCEDURE","PR_CONVERT_BALANCING_NEW","ACCOUNT_BALANCE"
"12","PROCEDURE","PR_CONVERT_BALANCING_SINGLE","ACCOUNT_BALANCE"
"13","PROCEDURE","PR_DATA_PURGEING","ACCOUNT_BALANCE"
"14","PROCEDURE","PR_DAYBEGIN","ACCOUNT_BALANCE"
"15","PROCEDURE","PR_DAYBEGIN_ALL","ACCOUNT_BALANCE"
"16","PROCEDURE","PR_FDINTERESTCALC","ACCOUNT_BALANCE"
"17","PROCEDURE","PR_FDINT_WITH_LIENINT","ACCOUNT_BALANCE"
"18","PROCEDURE","PR_FD_MATURITY","ACCOUNT_BALANCE"
"19","PROCEDURE","PR_FLEXI_DETAILS","ACCOUNT_BALANCE"
"20","PROCEDURE","PR_FLEXI_SWEEP_IN","ACCOUNT_BALANCE"
"21","PROCEDURE","PR_GEN_ACC_BAL_CONSOL","ACCOUNT_BALANCE"
"22","PROCEDURE","PR_GEN_MEND_FORCUR","ACCOUNT_BALANCE"
"23","PROCEDURE","PR_GEN_MONTHEND_BAL","ACCOUNT_BALANCE"
"24","PROCEDURE","PR_GEN_MONTHEND_BAL_GLWISE","ACCOUNT_BALANCE"
"25","PROCEDURE","PR_GET_BALANCING_FOR_LOANS","ACCOUNT_BALANCE"
"26","PROCEDURE","PR_GET_BALANCING_NEW","ACCOUNT_BALANCE"
"27","PROCEDURE","PR_GET_BALANCING_OLD","ACCOUNT_BALANCE"
"28","PROCEDURE","PR_GLMASTER","ACCOUNT_BALANCE"
"29","PROCEDURE","PR_GLMASTER_OLD","ACCOUNT_BALANCE"
"30","PROCEDURE","PR_GRPLN_COLLREPORT","ACCOUNT_BALANCE"
"31","PROCEDURE","PR_INTPAY_REVERSE","ACCOUNT_BALANCE"
"32","PROCEDURE","PR_INTREVERSE_POST","ACCOUNT_BALANCE"
"33","PROCEDURE","PR_INT_POSTING_FORNONPOSTED","ACCOUNT_BALANCE"
"34","PROCEDURE","PR_LOANCOMP_STATEMENT","ACCOUNT_BALANCE"
"35","PROCEDURE","PR_LOANWRITEOFF","ACCOUNT_BALANCE"
"36","PROCEDURE","PR_NEWLOAN_BIFURCATION","ACCOUNT_BALANCE"
"37","PROCEDURE","PR_PAC_LOAN_TRANSTAT","ACCOUNT_BALANCE"
"38","PROCEDURE","PR_PENDING_INTRECNULIFY","ACCOUNT_BALANCE"
"39","PROCEDURE","PR_PIGMY_INT_MATU","ACCOUNT_BALANCE"
"40","PROCEDURE","PR_REUPDATE_BALANCE","ACCOUNT_BALANCE"
"41","PROCEDURE","PR_TESTACBAL","ACCOUNT_BALANCE"
"42","PROCEDURE","PR_YEARLY_BALANCING","ACCOUNT_BALANCE"
"43","PROCEDURE","R_CHANGEAC","ACCOUNT_BALANCE"
"44","PROCEDURE","R_CHANGELOANAC","ACCOUNT_BALANCE"
"45","PROCEDURE","TPR_ACCOUNTCLOSURE","ACCOUNT_BALANCE"
"46","FUNCTION","FN_ACCOUNT_STATUS","ACLOANMASTER"
"47","FUNCTION","FN_ALM_INSTAMT_BETDATES","ACLOANMASTER"
"48","FUNCTION","FN_ALM_MATWISEBAL","ACLOANMASTER"
"49","FUNCTION","FN_CREATE_SMSSTRING","ACLOANMASTER"
"50","FUNCTION","FN_GETWITHDRAWBAL","ACLOANMASTER"
"51","FUNCTION","FN_GETWITHDRAWBAL_NEW","ACLOANMASTER"
"52","FUNCTION","FN_GET_OVERDUEAMOUNT","ACLOANMASTER"
"53","PACKAGE","PKG_LOAN_ACCOUNT_MODIFY","ACLOANMASTER"
"54","PACKAGE","PKG_LOAN_RENEWAL","ACLOANMASTER"
"55","PACKAGE","PKG_LOAN_RESCHEDULE","ACLOANMASTER"
"56","PACKAGE BODY","PKG_AGENCY_BANKING","ACLOANMASTER"
"57","PACKAGE BODY","PKG_AGENCY_BANKING_LIVE","ACLOANMASTER"
"58","PACKAGE BODY","PKG_AUTO_PROCESS","ACLOANMASTER"
"59","PACKAGE BODY","PKG_FILE_MODULE","ACLOANMASTER"
"60","PACKAGE BODY","PKG_GROUP_LOAN","ACLOANMASTER"
"61","PACKAGE BODY","PKG_INTERNET_BANKING","ACLOANMASTER"
"62","PACKAGE BODY","PKG_LOAN_ACCOUNT_MODIFY","ACLOANMASTER"
"63","PACKAGE BODY","PKG_LOAN_ACCOUNT_OPENING","ACLOANMASTER"
"64","PACKAGE BODY","PKG_LOAN_RENEWAL","ACLOANMASTER"
"65","PACKAGE BODY","PKG_LOAN_RESCHEDULE","ACLOANMASTER"
"66","PACKAGE BODY","PKG_LOAN_SOCS_DISBURSEMENT","ACLOANMASTER"
"67","PACKAGE BODY","PKG_LOS_PROCESS","ACLOANMASTER"
"68","PACKAGE BODY","PKG_OTS_TRAN","ACLOANMASTER"
"69","PACKAGE BODY","PKG_WRITEOFF_MODULE","ACLOANMASTER"
"70","PROCEDURE","PRAB_LOANACCOUNT","ACLOANMASTER"
"71","PROCEDURE","PRAB_LOANACCOUNT_SUNDRY","ACLOANMASTER"
"72","PROCEDURE","PROC_BUILD_MAIIC_FACILITY_REGISTER","ACLOANMASTER"
"73","PROCEDURE","PR_ABB_TRANSACTION","ACLOANMASTER"
"74","PROCEDURE","PR_ABSTRACT_PRIO_WEAK","ACLOANMASTER"
"75","PROCEDURE","PR_ACCLOSE_ENQUIRY","ACLOANMASTER"
"76","PROCEDURE","PR_ACCOUNTCLOSURE","ACLOANMASTER"
"77","PROCEDURE","PR_ACCOUNTVALIDATION","ACLOANMASTER"
"78","PROCEDURE","PR_ACCOUNT_DETAILS","ACLOANMASTER"
"79","PROCEDURE","PR_ACWISE_COMMITCHARPOST","ACLOANMASTER"
"80","PROCEDURE","PR_ACWISE_PLR","ACLOANMASTER"
"81","PROCEDURE","PR_ACWISE_PLR_MONTH","ACLOANMASTER"
"82","PROCEDURE","PR_ATM_LOAN_ACC_OPENING","ACLOANMASTER"
"83","PROCEDURE","PR_CHANGEBRACCOUNT","ACLOANMASTER"
"84","PROCEDURE","PR_CHARTINST_DIFF_TEMP","ACLOANMASTER"
"85","PROCEDURE","PR_CHECK_INWARD_VALIDATION","ACLOANMASTER"
"86","PROCEDURE","PR_CHECK_INWARD_VALID_PASS","ACLOANMASTER"
"87","PROCEDURE","PR_CHECK_INWARD_VALID_VERIFY","ACLOANMASTER"
"88","PROCEDURE","PR_CODE_WISE_COMPSTATMENT","ACLOANMASTER"
"89","PROCEDURE","PR_COLLATERAL_PROJ_REPORT","ACLOANMASTER"
"90","PROCEDURE","PR_COLLATERAL_RPT","ACLOANMASTER"
"91","PROCEDURE","PR_CRB_CLOSEAC_RPT","ACLOANMASTER"
"92","PROCEDURE","PR_CRB_FILE","ACLOANMASTER"
"93","PROCEDURE","PR_CRB_INFO","ACLOANMASTER"
"94","PROCEDURE","PR_CUST_ARREARS_SUMMARY","ACLOANMASTER"
"95","PROCEDURE","PR_DCB_GENERAL_REPORT","ACLOANMASTER"
"96","PROCEDURE","PR_DCB_GEN_CLOSEAC_RPT","ACLOANMASTER"
"97","PROCEDURE","PR_DCB_LN_AUDIT_RPT","ACLOANMASTER"
"98","PROCEDURE","PR_DCB_STATEMENT","ACLOANMASTER"
"99","PROCEDURE","PR_DEL_MFP","ACLOANMASTER"
"100","PROCEDURE","PR_DISBURSETRAN","ACLOANMASTER"
"101","PROCEDURE","PR_DISBURSE_REPORT","ACLOANMASTER"
"102","PROCEDURE","PR_ECL_COMPU_RPT","ACLOANMASTER"
"103","PROCEDURE","PR_EMAIL_STATEMENTOFAC","ACLOANMASTER"
"104","PROCEDURE","PR_EMAIL_STATEMENTOFAC_OLD","ACLOANMASTER"
"105","PROCEDURE","PR_EXCESS_AMT_INFO","ACLOANMASTER"
"106","PROCEDURE","PR_EXCESS_AMT_POST","ACLOANMASTER"
"107","PROCEDURE","PR_FIXLOAN_OVD_CALC","ACLOANMASTER"
"108","PROCEDURE","PR_FIX_INST_CHART","ACLOANMASTER"
"109","PROCEDURE","PR_FLAT_LOANINTCALC_ACCLO","ACLOANMASTER"
"110","PROCEDURE","PR_GENERATE_FIXLOANCHART","ACLOANMASTER"
"111","PROCEDURE","PR_GENERATE_FIXLOANCHART_OLD","ACLOANMASTER"
"112","PROCEDURE","PR_GEN_ACC_BAL_CONSOL","ACLOANMASTER"
"113","PROCEDURE","PR_GEN_CHART_MULTIPLEINST","ACLOANMASTER"
"114","PROCEDURE","PR_GEN_CHART_MULTIPLEINST_OLD","ACLOANMASTER"
"115","PROCEDURE","PR_GEN_LOANCHART","ACLOANMASTER"
"116","PROCEDURE","PR_GEN_LOANCHART_JAI","ACLOANMASTER"
"117","PROCEDURE","PR_GEN_LOANCHART_OLD","ACLOANMASTER"
"118","PROCEDURE","PR_GETACCDETAILS","ACLOANMASTER"
"119","PROCEDURE","PR_GETRECEIVABLE","ACLOANMASTER"
"120","PROCEDURE","PR_GET_ALERT","ACLOANMASTER"
"121","PROCEDURE","PR_GET_LOAN_DATA","ACLOANMASTER"
"122","PROCEDURE","PR_GET_OVDDETAILS","ACLOANMASTER"
"123","PROCEDURE","PR_GOLD_VERIFICATION","ACLOANMASTER"
"124","PROCEDURE","PR_HLOAN16_1","ACLOANMASTER"
"125","PROCEDURE","PR_IFRS9_DCB_REPORT","ACLOANMASTER"
"126","PROCEDURE","PR_IFRS9_OVERDRAFT_RPT","ACLOANMASTER"
"127","PROCEDURE","PR_INET_AC_DETAILS","ACLOANMASTER"
"128","PROCEDURE","PR_INSERTCHART","ACLOANMASTER"
"129","PROCEDURE","PR_INSERTCHART_RSCH","ACLOANMASTER"
"130","PROCEDURE","PR_INSERT_COMMITMENTAC","ACLOANMASTER"
"131","PROCEDURE","PR_INTERBRANCH_TRANSACTION","ACLOANMASTER"
"132","PROCEDURE","PR_INT_INC_REPT","ACLOANMASTER"
"133","PROCEDURE","PR_INT_SLAB_DET","ACLOANMASTER"
"134","PROCEDURE","PR_INT_SLAB_DET_OLD","ACLOANMASTER"
"135","PROCEDURE","PR_LIMIT_UTL","ACLOANMASTER"
"136","PROCEDURE","PR_LIQUIDITY_SCHEDULE_RPT","ACLOANMASTER"
"137","PROCEDURE","PR_LN_DEPO_REP","ACLOANMASTER"
"138","PROCEDURE","PR_LOANCOMP_STATEMENT","ACLOANMASTER"
"139","PROCEDURE","PR_LOANINTCERTI","ACLOANMASTER"
"140","PROCEDURE","PR_LOAN_BOOK_RPT","ACLOANMASTER"
"141","PROCEDURE","PR_LOAN_BOOK_RPT1","ACLOANMASTER"
"142","PROCEDURE","PR_LOAN_DAILY_RPT","ACLOANMASTER"
"143","PROCEDURE","PR_LOAN_DISB_REPORT","ACLOANMASTER"
"144","PROCEDURE","PR_LOAN_INTCAL_DLY_SINGLE","ACLOANMASTER"
"145","PROCEDURE","PR_LOAN_INTCAL_MON_SINGLE","ACLOANMASTER"
"146","PROCEDURE","PR_LOAN_INT_CALC_DAILY","ACLOANMASTER"
"147","PROCEDURE","PR_LOAN_INT_CALC_FLAT","ACLOANMASTER"
"148","PROCEDURE","PR_LOAN_INT_CALC_MONTHLY","ACLOANMASTER"
"149","PROCEDURE","PR_LOAN_PORTFOLIO_DASHBOARD","ACLOANMASTER"
"150","PROCEDURE","PR_LOAN_PORTFOLIO_REPORT","ACLOANMASTER"
"151","PROCEDURE","PR_LOAN_PORTFOLIO_RPT","ACLOANMASTER"
"152","PROCEDURE","PR_LOAN_SANCTION_FORWARD","ACLOANMASTER"
"153","PROCEDURE","PR_MANUAL_ACCOUNT_OPENING","ACLOANMASTER"
"154","PROCEDURE","PR_MANUAL_SANC_DISB_ENTRY","ACLOANMASTER"
"155","PROCEDURE","PR_MANUAL_SMS","ACLOANMASTER"
"156","PROCEDURE","PR_NEWLOAN_STATEMENTOFAC","ACLOANMASTER"
"157","PROCEDURE","PR_NPA_DETAILS","ACLOANMASTER"
"158","PROCEDURE","PR_OFFER_LETTER","ACLOANMASTER"
"159","PROCEDURE","PR_OFFLINE_ABB_TRAN","ACLOANMASTER"
"160","PROCEDURE","PR_OPENING_BAL_ENTRY","ACLOANMASTER"
"161","PROCEDURE","PR_OPENING_BAL_ENTRYNEW","ACLOANMASTER"
"162","PROCEDURE","PR_OVERCHARGED_INT","ACLOANMASTER"
"163","PROCEDURE","PR_OVERDUE_CALC","ACLOANMASTER"
"164","PROCEDURE","PR_OVERDUE_CALC_FIXLOAN","ACLOANMASTER"
"165","PROCEDURE","PR_OVERDUE_NPA_VALID","ACLOANMASTER"
"166","PROCEDURE","PR_OVERDUE_RECOVERY","ACLOANMASTER"
"167","PROCEDURE","PR_PA_INSURANCE","ACLOANMASTER"
"168","PROCEDURE","PR_POST_CURRENT_INT","ACLOANMASTER"
"169","PROCEDURE","PR_POST_INT_TEMP","ACLOANMASTER"
"170","PROCEDURE","PR_RBI_INSPECTION_5","ACLOANMASTER"
"171","PROCEDURE","PR_RBI_STATEMENT_7","ACLOANMASTER"
"172","PROCEDURE","PR_RESCHEDULE","ACLOANMASTER"
"173","PROCEDURE","PR_RESTRUCTURED_LN_RPT","ACLOANMASTER"
"174","PROCEDURE","PR_SALARY_AGINST_LOAN","ACLOANMASTER"
"175","PROCEDURE","PR_SMS_MANUAL","ACLOANMASTER"
"176","PROCEDURE","PR_SOSS_6","ACLOANMASTER"
"177","PROCEDURE","PR_TEMP_231018","ACLOANMASTER"
"178","PROCEDURE","PR_TOP_LIST_REGISTER","ACLOANMASTER"
"179","PROCEDURE","PR_TRANSACTIONENTRY","ACLOANMASTER"
"180","PROCEDURE","PR_TURNOVER_STAT","ACLOANMASTER"
"181","PROCEDURE","PR_UPDATE_LOAN_DETAILS","ACLOANMASTER"
"182","PROCEDURE","PR_UPDENTBY","ACLOANMASTER"
"183","PROCEDURE","R_CHANGELOANAC","ACLOANMASTER"
"184","PROCEDURE","TPR_ACCOUNTCLOSURE","ACLOANMASTER"
"185","TRIGGER","TRG_ACLOANMASTER","ACLOANMASTER"
"186","VIEW","VW_LOAN","ACLOANMASTER"
"187","FUNCTION","FN_ACCOUNT_STATUS","ACMASTER"
"188","FUNCTION","FN_ACEXISTS","ACMASTER"
"189","FUNCTION","FN_AC_HIDEORNOT","ACMASTER"
"190","FUNCTION","FN_ALM_INSTAMT_BETDATES","ACMASTER"
"191","FUNCTION","FN_ALM_MATWISEBAL","ACMASTER"
"192","FUNCTION","FN_CHEQUEBOOKVALIDATION","ACMASTER"
"193","FUNCTION","FN_CREATE_SMSSTRING","ACMASTER"
"194","FUNCTION","FN_EMP_STAT_VALIDATE","ACMASTER"
"195","FUNCTION","FN_GETACCOUNTBALANCE","ACMASTER"
"196","FUNCTION","FN_GETACCOUNTID","ACMASTER"
"197","FUNCTION","FN_GETACCOUNTNAME","ACMASTER"
"198","FUNCTION","FN_GETACCOUNTSTATUS","ACMASTER"
"199","FUNCTION","FN_GETACTEMPBAL","ACMASTER"
"200","FUNCTION","FN_GETCHEQUESTATUS","ACMASTER"
"201","FUNCTION","FN_GETCUMVOUSBBAL","ACMASTER"
"202","FUNCTION","FN_GETINTRATE","ACMASTER"
"203","FUNCTION","FN_GETLNCRINTRATE","ACMASTER"
"204","FUNCTION","FN_GETNETBAL","ACMASTER"
"205","FUNCTION","FN_GETOVDINTRATE","ACMASTER"
"206","FUNCTION","FN_GETTDSDEDUCTED_NEW","ACMASTER"
"207","FUNCTION","FN_GETTRFBRANCH","ACMASTER"
"208","FUNCTION","FN_GETWITHDRAWBAL","ACMASTER"
"209","FUNCTION","FN_GETWITHDRAWBAL_NEW","ACMASTER"
"210","FUNCTION","FN_GET_AUTO_PROCHGSAMT","ACMASTER"
"211","FUNCTION","FN_GET_AVG_BALANCE","ACMASTER"
"212","FUNCTION","FN_GET_BG_BALANCE","ACMASTER"
"213","FUNCTION","FN_GET_CALL_BALANCE","ACMASTER"
"214","FUNCTION","FN_GET_DISBURS_AMT","ACMASTER"
"215","FUNCTION","FN_GET_GOVT_BALANCE","ACMASTER"
"216","FUNCTION","FN_GET_KYC_FLAG","ACMASTER"
"217","FUNCTION","FN_GET_LASTCRAMT","ACMASTER"
"218","FUNCTION","FN_GET_MISCCHGBAL","ACMASTER"
"219","FUNCTION","FN_GET_OVERDUEAMOUNT","ACMASTER"
"220","FUNCTION","FN_GET_RECO_AMT","ACMASTER"
"221","FUNCTION","FN_INTEREST_SLAB_EXIST","ACMASTER"
"222","FUNCTION","FN_PIGMY_COLLECTAMOUNT","ACMASTER"
"223","FUNCTION","FN_SHACEXISTS","ACMASTER"
"224","FUNCTION","FN_SMS_BAL","ACMASTER"
"225","FUNCTION","FN_SUBSIDY_BAL_FORINT","ACMASTER"
"226","PACKAGE","PKG_ACCOUNT_CODE_DETAILS","ACMASTER"
"227","PACKAGE","PKG_ACCOUNT_MODIFY","ACMASTER"
"228","PACKAGE","PKG_ACCOUNT_MODIFY_NEW","ACMASTER"
"229","PACKAGE","PKG_ACCOUNT_OPENING","ACMASTER"
"230","PACKAGE","PKG_AGENCY_BANKING","ACMASTER"
"231","PACKAGE","PKG_AGENCY_BANKING_API","ACMASTER"
"232","PACKAGE","PKG_AGENCY_BANKING_LIVE","ACMASTER"
"233","PACKAGE","PKG_ATM_ADVICE_UPLOAD","ACMASTER"
"234","PACKAGE","PKG_ATM_PROCESS","ACMASTER"
"235","PACKAGE","PKG_ATM_STRING_SETTING","ACMASTER"
"236","PACKAGE","PKG_ATM_SWITCH_STR_SET","ACMASTER"
"237","PACKAGE","PKG_BANK_GUARANTEE","ACMASTER"
"238","PACKAGE","PKG_BORROW_ACCOUNT_MODIFY","ACMASTER"
"239","PACKAGE","PKG_BORROW_ACCOUNT_OPENING","ACMASTER"
"240","PACKAGE","PKG_CUSTOMER_CREATION","ACMASTER"
"241","PACKAGE","PKG_DECEASE_AC_DETAILS","ACMASTER"
"242","PACKAGE","PKG_FILE_MODULE","ACMASTER"
"243","PACKAGE","PKG_GROUP_LOAN","ACMASTER"
"244","PACKAGE","PKG_IBC","ACMASTER"
"245","PACKAGE","PKG_INTERNET_BANKING","ACMASTER"
"246","PACKAGE","PKG_INV_CALL_TRAN","ACMASTER"
"247","PACKAGE","PKG_INV_FD_TRAN","ACMASTER"
"248","PACKAGE","PKG_INV_GOVT_TRAN","ACMASTER"
"249","PACKAGE","PKG_KIOS_PROCESS","ACMASTER"
"250","PACKAGE","PKG_LC_DETAILS","ACMASTER"
"251","PACKAGE","PKG_LOAN_ACCOUNT_MODIFY","ACMASTER"
"252","PACKAGE","PKG_LOAN_ACCOUNT_OPENING","ACMASTER"
"253","PACKAGE","PKG_LOAN_RENEWAL","ACMASTER"
"254","PACKAGE","PKG_LOAN_RESCHEDULE","ACMASTER"
"255","PACKAGE","PKG_MOBILE_BANKING","ACMASTER"
"256","PACKAGE","PKG_OBC","ACMASTER"
"257","PACKAGE","PKG_OTS_TRAN","ACMASTER"
"258","PACKAGE","PKG_OW_CLG_INSERT","ACMASTER"
"259","PACKAGE","PKG_PACS_MEMBER","ACMASTER"
"260","PACKAGE","PKG_PACS_SOCIETY","ACMASTER"
"261","PACKAGE","PKG_PACS_TRAN","ACMASTER"
"262","PACKAGE","PKG_REFCURSOR","ACMASTER"
"263","PACKAGE","PKG_SHARE_TRANSACTION","ACMASTER"
"264","PACKAGE BODY","PKG_ACCOUNT_CODE_DETAILS","ACMASTER"
"265","PACKAGE BODY","PKG_ACCOUNT_MODIFY","ACMASTER"
"266","PACKAGE BODY","PKG_ACCOUNT_MODIFY_NEW","ACMASTER"
"267","PACKAGE BODY","PKG_ACCOUNT_OPENING","ACMASTER"
"268","PACKAGE BODY","PKG_AGENCY_BANKING","ACMASTER"
"269","PACKAGE BODY","PKG_AGENCY_BANKING_API","ACMASTER"
"270","PACKAGE BODY","PKG_AGENCY_BANKING_LIVE","ACMASTER"
"271","PACKAGE BODY","PKG_AML_REPORTING","ACMASTER"
"272","PACKAGE BODY","PKG_ATM_ADVICE_UPLOAD","ACMASTER"
"273","PACKAGE BODY","PKG_ATM_PROCESS","ACMASTER"
"274","PACKAGE BODY","PKG_AUTO_PROCESS","ACMASTER"
"275","PACKAGE BODY","PKG_BANK_GUARANTEE","ACMASTER"
"276","PACKAGE BODY","PKG_BORROW_ACCOUNT_MODIFY","ACMASTER"
"277","PACKAGE BODY","PKG_BORROW_ACCOUNT_OPENING","ACMASTER"
"278","PACKAGE BODY","PKG_CLEARING_FILE_GEN","ACMASTER"
"279","PACKAGE BODY","PKG_CTS_PROCESS","ACMASTER"
"280","PACKAGE BODY","PKG_CUSTOMER_CREATION","ACMASTER"
"281","PACKAGE BODY","PKG_DECEASE_AC_DETAILS","ACMASTER"
"282","PACKAGE BODY","PKG_DEMAND_DRAFT","ACMASTER"
"283","PACKAGE BODY","PKG_DMS_PROCESS","ACMASTER"
"284","PACKAGE BODY","PKG_FILE_MODULE","ACMASTER"
"285","PACKAGE BODY","PKG_GPEP_APP_REQ_RES","ACMASTER"
"286","PACKAGE BODY","PKG_GROUP_LOAN","ACMASTER"
"287","PACKAGE BODY","PKG_IBC","ACMASTER"
"288","PACKAGE BODY","PKG_INTERNET_BANKING","ACMASTER"
"289","PACKAGE BODY","PKG_INV_CALL_TRAN","ACMASTER"
"290","PACKAGE BODY","PKG_INV_FD_TRAN","ACMASTER"
"291","PACKAGE BODY","PKG_INV_GOVT_TRAN","ACMASTER"
"292","PACKAGE BODY","PKG_KIOS_PROCESS","ACMASTER"
"293","PACKAGE BODY","PKG_LC_DETAILS","ACMASTER"
"294","PACKAGE BODY","PKG_LEASE_DETAILS","ACMASTER"
"295","PACKAGE BODY","PKG_LOAN_ACCOUNT_MODIFY","ACMASTER"
"296","PACKAGE BODY","PKG_LOAN_ACCOUNT_OPENING","ACMASTER"
"297","PACKAGE BODY","PKG_LOAN_RENEWAL","ACMASTER"
"298","PACKAGE BODY","PKG_LOAN_RESCHEDULE","ACMASTER"
"299","PACKAGE BODY","PKG_LOAN_SOCS_DISBURSEMENT","ACMASTER"
"300","PACKAGE BODY","PKG_LOAN_SOCS_RECOVERY","ACMASTER"
"301","PACKAGE BODY","PKG_LOS_PROCESS","ACMASTER"
"302","PACKAGE BODY","PKG_MOBILE_BANKING","ACMASTER"
"303","PACKAGE BODY","PKG_OBC","ACMASTER"
"304","PACKAGE BODY","PKG_OTS_TRAN","ACMASTER"
"305","PACKAGE BODY","PKG_OW_CLG_INSERT","ACMASTER"
"306","PACKAGE BODY","PKG_PACS_MEMBER","ACMASTER"
"307","PACKAGE BODY","PKG_PACS_SOCIETY","ACMASTER"
"308","PACKAGE BODY","PKG_PACS_TRAN","ACMASTER"
"309","PACKAGE BODY","PKG_RTGS_API_PROCESS","ACMASTER"
"310","PACKAGE BODY","PKG_RTGS_DETAILS","ACMASTER"
"311","PACKAGE BODY","PKG_RTGS_FILE_PROCESS","ACMASTER"
"312","PACKAGE BODY","PKG_SELCOM_PROCESS","ACMASTER"
"313","PACKAGE BODY","PKG_SHARE_TRANSACTION","ACMASTER"
"314","PACKAGE BODY","PKG_STOCK_TRANSACTION","ACMASTER"
"315","PACKAGE BODY","PKG_TAXBANK_TRAN","ACMASTER"
"316","PACKAGE BODY","PKG_TOD_DETAILS","ACMASTER"
"317","PACKAGE BODY","PKG_TRA","ACMASTER"
"318","PACKAGE BODY","PKG_WRITEOFF_MODULE","ACMASTER"
"319","PROCEDURE","INSERT_IMAGE_FILE","ACMASTER"
"320","PROCEDURE","PRAB_EXCELTRAN","ACMASTER"
"321","PROCEDURE","PRAB_FIXLOANMIG","ACMASTER"
"322","PROCEDURE","PRAB_FIXLOANMIGNEW","ACMASTER"
"323","PROCEDURE","PRAB_LOANACCOUNT","ACMASTER"
"324","PROCEDURE","PRAB_LOANACCOUNT_SUNDRY","ACMASTER"
"325","PROCEDURE","PRAB_OPERATOREXCEL","ACMASTER"
"326","PROCEDURE","PRAB_PROPERTYEXCEL","ACMASTER"
"327","PROCEDURE","PRCK_OFFLINE_AC_OPEN","ACMASTER"
"328","PROCEDURE","PROC_BUILD_MAIIC_CASHFLOW_REGISTER","ACMASTER"
"329","PROCEDURE","PROC_BUILD_MAIIC_FACILITY_REGISTER","ACMASTER"
"330","PROCEDURE","PROC_BUILD_MAIIC_GL_INTEREST_RECON","ACMASTER"
"331","PROCEDURE","PR_10OVERDRAFT","ACMASTER"
"332","PROCEDURE","PR_ABB_CHARGES_TRANS","ACMASTER"
"333","PROCEDURE","PR_ABB_TRANS","ACMASTER"
"334","PROCEDURE","PR_ABB_TRANSACTION","ACMASTER"
"335","PROCEDURE","PR_ABSTRACT_PRIO_WEAK","ACMASTER"
"336","PROCEDURE","PR_ACCHGPOSTING_TRAN","ACMASTER"
"337","PROCEDURE","PR_ACCLOSE_ENQUIRY","ACMASTER"
"338","PROCEDURE","PR_ACCOUNTCLOSURE","ACMASTER"
"339","PROCEDURE","PR_ACCOUNTVALIDATION","ACMASTER"
"340","PROCEDURE","PR_ACCOUNT_DETAILS","ACMASTER"
"341","PROCEDURE","PR_ACCOUNT_LOCK","ACMASTER"
"342","PROCEDURE","PR_ACCOUNT_PAY_RECON","ACMASTER"
"343","PROCEDURE","PR_ACCOUNT_SHIFT","ACMASTER"
"344","PROCEDURE","PR_ACCOUNT_TRANSFER","ACMASTER"
"345","PROCEDURE","PR_ACCOUNT_TRANSFER_BULK","ACMASTER"
"346","PROCEDURE","PR_ACC_STATUS_REPORT","ACMASTER"
"347","PROCEDURE","PR_ACC_SUMM_REP","ACMASTER"
"348","PROCEDURE","PR_ACC_SUMM_REP_NEW","ACMASTER"
"349","PROCEDURE","PR_ACC_TRF_TEMP","ACMASTER"
"350","PROCEDURE","PR_ACPL_DIFF","ACMASTER"
"351","PROCEDURE","PR_ACSTATEMENT_BIFURCATE","ACMASTER"
"352","PROCEDURE","PR_ACWISECHARGES_POSTING","ACMASTER"
"353","PROCEDURE","PR_ACWISEOVDINFO","ACMASTER"
"354","PROCEDURE","PR_ACWISE_COMMITCHARPOST","ACMASTER"
"355","PROCEDURE","PR_ACWISE_PLR","ACMASTER"
"356","PROCEDURE","PR_ACWISE_PLR_MONTH","ACMASTER"
"357","PROCEDURE","PR_AC_DIFF","ACMASTER"
"358","PROCEDURE","PR_AC_FORWARD_CONTRACT","ACMASTER"
"359","PROCEDURE","PR_AC_SHORTINFO","ACMASTER"
"360","PROCEDURE","PR_AC_WISE_BALANCING","ACMASTER"
"361","PROCEDURE","PR_ADD_REMOVE_LIEN","ACMASTER"
"362","PROCEDURE","PR_AGEING_ANALYSIS_RPT","ACMASTER"
"363","PROCEDURE","PR_ALMSTATEMENT","ACMASTER"
"364","PROCEDURE","PR_ALMSTATEMENT_MULTI","ACMASTER"
"365","PROCEDURE","PR_ALM_STATEMENT_ALL","ACMASTER"
"366","PROCEDURE","PR_AML_EXCEP_REPORT","ACMASTER"
"367","PROCEDURE","PR_AML_REPORTING","ACMASTER"
"368","PROCEDURE","PR_AML_REPORTS","ACMASTER"
"369","PROCEDURE","PR_AMORTIZE_CHARGES_REPOST","ACMASTER"
"370","PROCEDURE","PR_ANNUAL_NPA","ACMASTER"
"371","PROCEDURE","PR_ARREARS_RPT","ACMASTER"
"372","PROCEDURE","PR_ATM_AC_GEN_FILE","ACMASTER"
"373","PROCEDURE","PR_ATM_AC_MASTER","ACMASTER"
"374","PROCEDURE","PR_ATM_INSTA_CARD_INSERT","ACMASTER"
"375","PROCEDURE","PR_ATM_LOAN_ACC_OPENING","ACMASTER"
"376","PROCEDURE","PR_ATM_RECON_FILE","ACMASTER"
"377","PROCEDURE","PR_AUTO_AMORTIZE_CALLBOINV","ACMASTER"
"378","PROCEDURE","PR_AUTO_INT_POSTING_SINGLE","ACMASTER"
"379","PROCEDURE","PR_AUTO_RENEWAL","ACMASTER"
"380","PROCEDURE","PR_BACKDATED_TRAN_ENTRY","ACMASTER"
"381","PROCEDURE","PR_BACKDATED_TRAN_PROCESS","ACMASTER"
"382","PROCEDURE","PR_BATCHDET","ACMASTER"
"383","PROCEDURE","PR_BATCHDETFRMBATTYPE","ACMASTER"
"384","PROCEDURE","PR_BORROWER_DETAILS","ACMASTER"
"385","PROCEDURE","PR_BORROWINSERTCHART","ACMASTER"
"386","PROCEDURE","PR_BORROW_DISBURSE","ACMASTER"
"387","PROCEDURE","PR_BORROW_INTEREST_CALC","ACMASTER"
"388","PROCEDURE","PR_BORROW_OVD_CALC","ACMASTER"
"389","PROCEDURE","PR_BRANCH_INTEREST_CALC","ACMASTER"
"390","PROCEDURE","PR_BRANCH_INTEREST_CALCNEW","ACMASTER"
"391","PROCEDURE","PR_BRANCH_INTEREST_CALCULATION","ACMASTER"
"392","PROCEDURE","PR_CALCULATEAGENTCOMMISSION","ACMASTER"
"393","PROCEDURE","PR_CALL_ACSTATEMENT_BIFURCATE","ACMASTER"
"394","PROCEDURE","PR_CALL_STATEMENT_GOVT_TRANS","ACMASTER"
"395","PROCEDURE","PR_CALL_TB_GL_RPT","ACMASTER"
"396","PROCEDURE","PR_CAL_CREDIT_RATING","ACMASTER"
"397","PROCEDURE","PR_CASH_TRAN_REPORT","ACMASTER"
"398","PROCEDURE","PR_CBIL_REPORT","ACMASTER"
"399","PROCEDURE","PR_CHANGEBRACCOUNT","ACMASTER"
"400","PROCEDURE","PR_CHARGESENQUIRY","ACMASTER"
"401","PROCEDURE","PR_CHARGES_CALC","ACMASTER"
"402","PROCEDURE","PR_CHARGES_VOUCHER_POSTING","ACMASTER"
"403","PROCEDURE","PR_CHARTINST_DIFF_TEMP","ACMASTER"
"404","PROCEDURE","PR_CHECKLIEN","ACMASTER"
"405","PROCEDURE","PR_CHECK_INWARD_VALIDATION","ACMASTER"
"406","PROCEDURE","PR_CHECK_INWARD_VALID_PASS","ACMASTER"
"407","PROCEDURE","PR_CHECK_INWARD_VALID_VERIFY","ACMASTER"
"408","PROCEDURE","PR_CHEQUEBOOKMAST","ACMASTER"
"409","PROCEDURE","PR_CHEQUE_DISCOUNT","ACMASTER"
"410","PROCEDURE","PR_CLASS_LOAN_AND_ADV","ACMASTER"
"411","PROCEDURE","PR_CLASS_LOAN_AND_OUT","ACMASTER"
"412","PROCEDURE","PR_CLOSENILBALAC","ACMASTER"
"413","PROCEDURE","PR_CODEWISE_ANALYSIS","ACMASTER"
"414","PROCEDURE","PR_CODEWISE_OVDNPALOAN","ACMASTER"
"415","PROCEDURE","PR_CODE_WISE_COMPSTATMENT","ACMASTER"
"416","PROCEDURE","PR_CODE_WISE_STATMENT","ACMASTER"
"417","PROCEDURE","PR_COLLATERAL_PROJ_REPORT","ACMASTER"
"418","PROCEDURE","PR_COLLATERAL_RPT","ACMASTER"
"419","PROCEDURE","PR_COMP_DEPO","ACMASTER"
"420","PROCEDURE","PR_CONVERTING_SHARE","ACMASTER"
"421","PROCEDURE","PR_CONVERT_BALANCING_NEW","ACMASTER"
"422","PROCEDURE","PR_CONVERT_BALANCING_SINGLE","ACMASTER"
"423","PROCEDURE","PR_CONVERT_STOCK_BAL","ACMASTER"
"424","PROCEDURE","PR_CORRECT_LOAN_DATA","ACMASTER"
"425","PROCEDURE","PR_CRB_CLOSEAC_RPT","ACMASTER"
"426","PROCEDURE","PR_CRB_FILE","ACMASTER"
"427","PROCEDURE","PR_CRB_INFO","ACMASTER"
"428","PROCEDURE","PR_CREDIT_BALANCE","ACMASTER"
"429","PROCEDURE","PR_CREDIT_RATING_RPT","ACMASTER"
"430","PROCEDURE","PR_CRLOAN_REVERSE","ACMASTER"
"431","PROCEDURE","PR_CTS_FILE","ACMASTER"
"432","PROCEDURE","PR_CTS_FILE_GENERATE","ACMASTER"
"433","PROCEDURE","PR_CUSTOMER_360","ACMASTER"
"434","PROCEDURE","PR_CUSTOMER_LINK","ACMASTER"
"435","PROCEDURE","PR_CUSTPRFT_LOSS_REP","ACMASTER"
"436","PROCEDURE","PR_CUSTPRFT_LOSS_REP_SUMMARY","ACMASTER"
"437","PROCEDURE","PR_CUST_ARREARS_SUMMARY","ACMASTER"
"438","PROCEDURE","PR_CUST_PRFLS_DASHBOARD","ACMASTER"
"439","PROCEDURE","PR_DAILY_GRPINT_ACCRUAL","ACMASTER"
"440","PROCEDURE","PR_DAILY_INT_ACCRUAL_ACWISE","ACMASTER"
"441","PROCEDURE","PR_DAILY_INT_ACCRUAL_ACWISE1","ACMASTER"
"442","PROCEDURE","PR_DAILY_INT_ACCRUAL_NEW","ACMASTER"
"443","PROCEDURE","PR_DAILY_INT_ACCRUAL_TEST","ACMASTER"
"444","PROCEDURE","PR_DAILY_INT_FORNONPOSTED","ACMASTER"
"445","PROCEDURE","PR_DASHBOARD_REPORT","ACMASTER"
"446","PROCEDURE","PR_DATA_PURGEING","ACMASTER"
"447","PROCEDURE","PR_DAYBEGIN_ALL","ACMASTER"
"448","PROCEDURE","PR_DAYWISEINTCALC","ACMASTER"
"449","PROCEDURE","PR_DCB_GENERAL_REPORT","ACMASTER"
"450","PROCEDURE","PR_DCB_GEN_CLOSEAC_RPT","ACMASTER"
"451","PROCEDURE","PR_DCB_LN_AUDIT_RPT","ACMASTER"
"452","PROCEDURE","PR_DCB_STATEMENT","ACMASTER"
"453","PROCEDURE","PR_DD_FUNDING_TRANS","ACMASTER"
"454","PROCEDURE","PR_DD_SUSPENSE_WITHDRAW","ACMASTER"
"455","PROCEDURE","PR_DECEASE_CASE_DETAILS","ACMASTER"
"456","PROCEDURE","PR_DELETE_LOANINT","ACMASTER"
"457","PROCEDURE","PR_DELETE_TRANSACTION","ACMASTER"
"458","PROCEDURE","PR_DEL_MFP","ACMASTER"
"459","PROCEDURE","PR_DEPO_INT_INC_REPT","ACMASTER"
"460","PROCEDURE","PR_DEPRI_REVERSAL","ACMASTER"
"461","PROCEDURE","PR_DICGC","ACMASTER"
"462","PROCEDURE","PR_DIFF_LOAN_INTCAL","ACMASTER"
"463","PROCEDURE","PR_DIFF_LOAN_INTCAL2","ACMASTER"
"464","PROCEDURE","PR_DIFF_MATUAMT","ACMASTER"
"465","PROCEDURE","PR_DISBURSETRAN","ACMASTER"
"466","PROCEDURE","PR_DISBURSE_REPORT","ACMASTER"
"467","PROCEDURE","PR_DIVIDEND_CALC","ACMASTER"
"468","PROCEDURE","PR_DIVIDEND_REPORT","ACMASTER"
"469","PROCEDURE","PR_DIVIDENT_PAID","ACMASTER"
"470","PROCEDURE","PR_DRAWAL_ANNEXTURE2","ACMASTER"
"471","PROCEDURE","PR_DRW_ACWISESTOCKDET","ACMASTER"
"472","PROCEDURE","PR_DUEDATEWISE_BORROW_DETAILS","ACMASTER"
"473","PROCEDURE","PR_ECLECTICS_TRAN_DETAILS","ACMASTER"
"474","PROCEDURE","PR_ECL_COMPU_RPT","ACMASTER"
"475","PROCEDURE","PR_EMAIL_SENT_DETAILS","ACMASTER"
"476","PROCEDURE","PR_EMAIL_STATEMENTOFAC","ACMASTER"
"477","PROCEDURE","PR_EMAIL_STATEMENTOFAC_OLD","ACMASTER"
"478","PROCEDURE","PR_EMICHART_RESCH","ACMASTER"
"479","PROCEDURE","PR_EXCESS_AMT_INFO","ACMASTER"
"480","PROCEDURE","PR_EXCESS_AMT_POST","ACMASTER"
"481","PROCEDURE","PR_EXCESS_INT_INFO","ACMASTER"
"482","PROCEDURE","PR_EXCHANGEDETAILS","ACMASTER"
"483","PROCEDURE","PR_EXEPROCS","ACMASTER"
"484","PROCEDURE","PR_FDINTCALC_DAYBEGIN","ACMASTER"
"485","PROCEDURE","PR_FDINTCALC_TDS","ACMASTER"
"486","PROCEDURE","PR_FDINTERESTCALC","ACMASTER"
"487","PROCEDURE","PR_FDINTERESTCALC_MATU","ACMASTER"
"488","PROCEDURE","PR_FDINT_WITH_LIENINT","ACMASTER"
"489","PROCEDURE","PR_FDR_RECEIPT","ACMASTER"
"490","PROCEDURE","PR_FD_MATURITY","ACMASTER"
"491","PROCEDURE","PR_FILE_TRANSACTION","ACMASTER"
"492","PROCEDURE","PR_FIXED_TRFR","ACMASTER"
"493","PROCEDURE","PR_FIXED_TRFR_DP","ACMASTER"
"494","PROCEDURE","PR_FIXLOAN_OVD_CALC","ACMASTER"
"495","PROCEDURE","PR_FIX_INST_CHART","ACMASTER"
"496","PROCEDURE","PR_FLAT_LOANINTCALC_ACCLO","ACMASTER"
"497","PROCEDURE","PR_FLEXIINTCALCULATION","ACMASTER"
"498","PROCEDURE","PR_FLEXI_DETAILS","ACMASTER"
"499","PROCEDURE","PR_FLEXI_STATOFAC","ACMASTER"
"500","PROCEDURE","PR_FLEXI_SWEEP_IN","ACMASTER"
"501","PROCEDURE","PR_FOREXTRANSACTION","ACMASTER"
"502","PROCEDURE","PR_FUND_PROVISION","ACMASTER"
"503","PROCEDURE","PR_GENACWISECRBAL","ACMASTER"
"504","PROCEDURE","PR_GENERATE_FIXLOANCHART","ACMASTER"
"505","PROCEDURE","PR_GENERATE_FIXLOANCHART_OLD","ACMASTER"
"506","PROCEDURE","PR_GENERATE_MMBCS","ACMASTER"
"507","PROCEDURE","PR_GEN_ACCOUNTSTAT","ACMASTER"
"508","PROCEDURE","PR_GEN_ACC_BAL_CONSOL","ACMASTER"
"509","PROCEDURE","PR_GEN_BAL_FILE","ACMASTER"
"510","PROCEDURE","PR_GEN_CHART_MULTIPLEINST","ACMASTER"
"511","PROCEDURE","PR_GEN_CHART_MULTIPLEINST_OLD","ACMASTER"
"512","PROCEDURE","PR_GEN_LOANCHART","ACMASTER"
"513","PROCEDURE","PR_GEN_LOANCHART_JAI","ACMASTER"
"514","PROCEDURE","PR_GEN_LOANCHART_OLD","ACMASTER"
"515","PROCEDURE","PR_GEN_MEND_FORCUR","ACMASTER"
"516","PROCEDURE","PR_GEN_MONTHEND_BAL","ACMASTER"
"517","PROCEDURE","PR_GEN_MONTHEND_BAL_GLWISE","ACMASTER"
"518","PROCEDURE","PR_GETACCDETAILS","ACMASTER"
"519","PROCEDURE","PR_GETACCNO","ACMASTER"
"520","PROCEDURE","PR_GETACCOUNTSTATUS","ACMASTER"
"521","PROCEDURE","PR_GETACDETAILS","ACMASTER"
"522","PROCEDURE","PR_GETBATCH_BY_DETID","ACMASTER"
"523","PROCEDURE","PR_GETCHARGESAMOUNT","ACMASTER"
"524","PROCEDURE","PR_GETCHARGESENQUIRY","ACMASTER"
"525","PROCEDURE","PR_GETDD_STATUS","ACMASTER"
"526","PROCEDURE","PR_GETMATUDET","ACMASTER"
"527","PROCEDURE","PR_GETOFFLINEGL_BAL","ACMASTER"
"528","PROCEDURE","PR_GETPREMATMATURATE","ACMASTER"
"529","PROCEDURE","PR_GETRECEIVABLEMAIN","ACMASTER"
"530","PROCEDURE","PR_GETRECEIVABLE_SAT","ACMASTER"
"531","PROCEDURE","PR_GETRECEIVABLE_SAT_NEW","ACMASTER"
"532","PROCEDURE","PR_GETSPECIALDETAILS","ACMASTER"
"533","PROCEDURE","PR_GET_ALERT","ACMASTER"
"534","PROCEDURE","PR_GET_ATM_TRANSACTION_DETAILS","ACMASTER"
"535","PROCEDURE","PR_GET_AUTOPROCESS_INFO","ACMASTER"
"536","PROCEDURE","PR_GET_BALANCING","ACMASTER"
"537","PROCEDURE","PR_GET_BALANCING1","ACMASTER"
"538","PROCEDURE","PR_GET_BALANCING_FOR_LOANS","ACMASTER"
"539","PROCEDURE","PR_GET_BALANCING_NEW","ACMASTER"
"540","PROCEDURE","PR_GET_BALANCING_OLD","ACMASTER"
"541","PROCEDURE","PR_GET_CASHWITH_CHG","ACMASTER"
"542","PROCEDURE","PR_GET_CR_BALANCE","ACMASTER"
"543","PROCEDURE","PR_GET_EXCHANGE_DET","ACMASTER"
"544","PROCEDURE","PR_GET_INV_MATUDET","ACMASTER"
"545","PROCEDURE","PR_GET_LN_BALANCE","ACMASTER"
"546","PROCEDURE","PR_GET_LN_REC_RPT","ACMASTER"
"547","PROCEDURE","PR_GET_LN_SUBVEN_RPT","ACMASTER"
"548","PROCEDURE","PR_GET_LOAN_DATA","ACMASTER"
"549","PROCEDURE","PR_GET_MATURITYAMT","ACMASTER"
"550","PROCEDURE","PR_GET_OVDDETAILS","ACMASTER"
"551","PROCEDURE","PR_GET_RTGS_COMDET","ACMASTER"
"552","PROCEDURE","PR_GLMASTER","ACMASTER"
"553","PROCEDURE","PR_GLMASTER_OLD","ACMASTER"
"554","PROCEDURE","PR_GOLD_VERIFICATION","ACMASTER"
"555","PROCEDURE","PR_GROUP_MEETING_DET","ACMASTER"
"556","PROCEDURE","PR_GRPLN_COLLREPORT","ACMASTER"
"557","PROCEDURE","PR_GRPLN_MEMBER_EXIT","ACMASTER"
"558","PROCEDURE","PR_GRP_INFO","ACMASTER"
"559","PROCEDURE","PR_GRP_MEMBER_TRANSFER","ACMASTER"
"560","PROCEDURE","PR_GRP_REGIONINFO","ACMASTER"
"561","PROCEDURE","PR_HLOAN16_1","ACMASTER"
"562","PROCEDURE","PR_HOBIFUR_VOUCHERS","ACMASTER"
"563","PROCEDURE","PR_IBC_TRANS","ACMASTER"
"564","PROCEDURE","PR_IDEAL_CHART_POS","ACMASTER"
"565","PROCEDURE","PR_IFRS9_DCB_REPORT","ACMASTER"
"566","PROCEDURE","PR_IFRS9_OVERDRAFT_RPT","ACMASTER"
"567","PROCEDURE","PR_IFRS9_RPT","ACMASTER"
"568","PROCEDURE","PR_IFRS9_SUMMARY_REPORT","ACMASTER"
"569","PROCEDURE","PR_IFRS9_WRITEOFF_RPT","ACMASTER"
"570","PROCEDURE","PR_INET_AC_DETAILS","ACMASTER"
"571","PROCEDURE","PR_INET_DETAILS","ACMASTER"
"572","PROCEDURE","PR_INET_TRANSACTION","ACMASTER"
"573","PROCEDURE","PR_INSERTCHART","ACMASTER"
"574","PROCEDURE","PR_INSERTCHART_RSCH","ACMASTER"
"575","PROCEDURE","PR_INSERT_BALACNE","ACMASTER"
"576","PROCEDURE","PR_INSERT_COMMITMENTAC","ACMASTER"
"577","PROCEDURE","PR_INST_DETAILS","ACMASTER"
"578","PROCEDURE","PR_INST_DETAILS_NEW","ACMASTER"
"579","PROCEDURE","PR_INTCALRULE78","ACMASTER"
"580","PROCEDURE","PR_INTERBRANCH_TRANSACTION","ACMASTER"
"581","PROCEDURE","PR_INTERBRANCH_VALIDATION","ACMASTER"
"582","PROCEDURE","PR_INTERBR_CASHTRANSMISSION","ACMASTER"
"583","PROCEDURE","PR_INTEREST_POSTING","ACMASTER"
"584","PROCEDURE","PR_INTPAY_REVERSE","ACMASTER"
"585","PROCEDURE","PR_INTREC_ZERO","ACMASTER"
"586","PROCEDURE","PR_INTREVERSE_POST","ACMASTER"
"587","PROCEDURE","PR_INT_ACCRUAL_SINGLE","ACMASTER"
"588","PROCEDURE","PR_INT_INC_REPT","ACMASTER"
"589","PROCEDURE","PR_INT_POSTING_FORNONPOSTED","ACMASTER"
"590","PROCEDURE","PR_INT_SLAB_DET","ACMASTER"
"591","PROCEDURE","PR_INT_SLAB_DET_OLD","ACMASTER"
"592","PROCEDURE","PR_INVCALL_PROVISION","ACMASTER"
"593","PROCEDURE","PR_INV_AMORTIZE_POSTING","ACMASTER"
"594","PROCEDURE","PR_INV_CALL_TRAN","ACMASTER"
"595","PROCEDURE","PR_INV_INTEREST_CALC","ACMASTER"
"596","PROCEDURE","PR_INV_INTEREST_STAT","ACMASTER"
"597","PROCEDURE","PR_INWARD_CLEARING","ACMASTER"
"598","PROCEDURE","PR_INWARD_CLEARING_POST","ACMASTER"
"599","PROCEDURE","PR_LARGEXPO_ANALYSIS","ACMASTER"
"600","PROCEDURE","PR_LAST_FRIDAY","ACMASTER"
"601","PROCEDURE","PR_LIEN_PASSING","ACMASTER"
"602","PROCEDURE","PR_LIMIT_UTL","ACMASTER"
"603","PROCEDURE","PR_LIQUIDITY_SCHEDULE_RPT","ACMASTER"
"604","PROCEDURE","PR_LN_DEPO_REP","ACMASTER"
"605","PROCEDURE","PR_LN_INTCAL_ACCRUAL","ACMASTER"
"606","PROCEDURE","PR_LN_INTCAL_CHARTBASE","ACMASTER"
"607","PROCEDURE","PR_LN_INTPAY_REVERSE","ACMASTER"
"608","PROCEDURE","PR_LN_REP","ACMASTER"
"609","PROCEDURE","PR_LOANCOMP_STATEMENT","ACMASTER"
"610","PROCEDURE","PR_LOANINTCERTI","ACMASTER"
"611","PROCEDURE","PR_LOANWRITEOFF","ACMASTER"
"612","PROCEDURE","PR_LOAN_BOOK_RPT","ACMASTER"
"613","PROCEDURE","PR_LOAN_BOOK_RPT1","ACMASTER"
"614","PROCEDURE","PR_LOAN_BY_INDUSTRY","ACMASTER"
"615","PROCEDURE","PR_LOAN_DAILY_RPT","ACMASTER"
"616","PROCEDURE","PR_LOAN_DISB_REPORT","ACMASTER"
"617","PROCEDURE","PR_LOAN_INTCAL_DLY_SINGLE","ACMASTER"
"618","PROCEDURE","PR_LOAN_INTCAL_MON_SINGLE","ACMASTER"
"619","PROCEDURE","PR_LOAN_INTCAL_SINGLE","ACMASTER"
"620","PROCEDURE","PR_LOAN_INT_CALC","ACMASTER"
"621","PROCEDURE","PR_LOAN_INT_CALC_DAILY","ACMASTER"
"622","PROCEDURE","PR_LOAN_INT_CALC_FLAT","ACMASTER"
"623","PROCEDURE","PR_LOAN_INT_CALC_MONTHLY","ACMASTER"
"624","PROCEDURE","PR_LOAN_INT_RATE_REP","ACMASTER"
"625","PROCEDURE","PR_LOAN_ISSUED_AND_OUT","ACMASTER"
"626","PROCEDURE","PR_LOAN_PORTFOLIO_DASHBOARD","ACMASTER"
"627","PROCEDURE","PR_LOAN_PORTFOLIO_REPORT","ACMASTER"
"628","PROCEDURE","PR_LOAN_PORTFOLIO_RPT","ACMASTER"
"629","PROCEDURE","PR_LOAN_RECOVERY","ACMASTER"
"630","PROCEDURE","PR_LOAN_RENEWAL","ACMASTER"
"631","PROCEDURE","PR_LOAN_SANCTION_FORWARD","ACMASTER"
"632","PROCEDURE","PR_LOCKERRENT_CALC","ACMASTER"
"633","PROCEDURE","PR_LOCKER_INFO","ACMASTER"
"634","PROCEDURE","PR_MALAVITRAN","ACMASTER"
"635","PROCEDURE","PR_MANUAL_ACCOUNT_OPENING","ACMASTER"
"636","PROCEDURE","PR_MANUAL_SANC_DISB_ENTRY","ACMASTER"
"637","PROCEDURE","PR_MANUAL_SMS","ACMASTER"
"638","PROCEDURE","PR_MATURED_FD_PROV","ACMASTER"
"639","PROCEDURE","PR_MINORITY_WITH_PRIORITY","ACMASTER"
"640","PROCEDURE","PR_MINORITY_WITH_PRIORITY_1","ACMASTER"
"641","PROCEDURE","PR_MODIFY_INST_CHART","ACMASTER"
"642","PROCEDURE","PR_MONTHLY_PAID","ACMASTER"
"643","PROCEDURE","PR_MONTHLY_SBINT_TEMP","ACMASTER"
"644","PROCEDURE","PR_NEWLOAN_STATEMENTOFAC","ACMASTER"
"645","PROCEDURE","PR_NEWLOAN_TRANSACTION","ACMASTER"
"646","PROCEDURE","PR_NPACAL","ACMASTER"
"647","PROCEDURE","PR_NPA_DASHBOARD","ACMASTER"
"648","PROCEDURE","PR_NPA_DETAILS","ACMASTER"
"649","PROCEDURE","PR_NPA_GROUP_CALCULATION","ACMASTER"
"650","PROCEDURE","PR_NPA_OUTSTANDING_REPORT","ACMASTER"
"651","PROCEDURE","PR_NPA_PROV_POSTING","ACMASTER"
"652","PROCEDURE","PR_NPA_REC_REPORT","ACMASTER"
"653","PROCEDURE","PR_NPA_STD_PROV_POSTING","ACMASTER"
"654","PROCEDURE","PR_NULLIFY_RECEIVABLE","ACMASTER"
"655","PROCEDURE","PR_OBCIBC_COMMISSION","ACMASTER"
"656","PROCEDURE","PR_OBC_TRANS","ACMASTER"
"657","PROCEDURE","PR_OFFER_LETTER","ACMASTER"
"658","PROCEDURE","PR_OFFLINE_ABB_TRAN","ACMASTER"
"659","PROCEDURE","PR_OFFLINE_AC_OPEN","ACMASTER"
"660","PROCEDURE","PR_OFFLINE_BATCH_POSTING","ACMASTER"
"661","PROCEDURE","PR_OFFLINE_TRANSFER_DCB","ACMASTER"
"662","PROCEDURE","PR_OPENING_BAL_ENTRY","ACMASTER"
"663","PROCEDURE","PR_OPENING_BAL_ENTRYNEW","ACMASTER"
"664","PROCEDURE","PR_OP_RENEW_AC","ACMASTER"
"665","PROCEDURE","PR_OSS_ASSET_QUALITY","ACMASTER"
"666","PROCEDURE","PR_OSS_LOAN_ADVANCES","ACMASTER"
"667","PROCEDURE","PR_OSS_ODINTREC","ACMASTER"
"668","PROCEDURE","PR_OSS_SEGMENT_ANALYSIS","ACMASTER"
"669","PROCEDURE","PR_OSS_STATEMENT3","ACMASTER"
"670","PROCEDURE","PR_OTS_REPORT","ACMASTER"
"671","PROCEDURE","PR_OUTWARD_CLG_FILE_IMPORT","ACMASTER"
"672","PROCEDURE","PR_OVD_AND_RECOVERY","ACMASTER"
"673","PROCEDURE","PR_OVD_DASHBOARD","ACMASTER"
"674","PROCEDURE","PR_OVERCHARGED_INT","ACMASTER"
"675","PROCEDURE","PR_OVERDUE_CALC","ACMASTER"
"676","PROCEDURE","PR_OVERDUE_CALC_FIXLOAN","ACMASTER"
"677","PROCEDURE","PR_OVERDUE_NPA_VALID","ACMASTER"
"678","PROCEDURE","PR_OVERDUE_RECOVERY","ACMASTER"
"679","PROCEDURE","PR_OVERLIMIT_STATEMENT","ACMASTER"
"680","PROCEDURE","PR_OWD_CLG_EXPORT","ACMASTER"
"681","PROCEDURE","PR_OWD_CLG_EXP_CENTRALIZE","ACMASTER"
"682","PROCEDURE","PR_OWD_CLG_INST","ACMASTER"
"683","PROCEDURE","PR_OWD_CLG_VERIFY","ACMASTER"
"684","PROCEDURE","PR_PACSOCS_PENDINGTRAN","ACMASTER"
"685","PROCEDURE","PR_PACS_RECOVERY_INFO","ACMASTER"
"686","PROCEDURE","PR_PAC_LOAN_TRANSTAT","ACMASTER"
"687","PROCEDURE","PR_PAC_MEM_INTCALC","ACMASTER"
"688","PROCEDURE","PR_PAC_MEM_OVDCALC","ACMASTER"
"689","PROCEDURE","PR_PASSBOOKMAST","ACMASTER"
"690","PROCEDURE","PR_PASSING","ACMASTER"
"691","PROCEDURE","PR_PASSMODIFICATION","ACMASTER"
"692","PROCEDURE","PR_PA_INSURANCE","ACMASTER"
"693","PROCEDURE","PR_PENDINGDENOM","ACMASTER"
"694","PROCEDURE","PR_PENDING_INTRECNULIFY","ACMASTER"
"695","PROCEDURE","PR_PIGMY_INT_CAL","ACMASTER"
"696","PROCEDURE","PR_PIGMY_INT_MATU","ACMASTER"
"697","PROCEDURE","PR_PIGMY_MATURITY","ACMASTER"
"698","PROCEDURE","PR_PIGMY_TO_LOAN","ACMASTER"
"699","PROCEDURE","PR_PIGMY_TRANS","ACMASTER"
"700","PROCEDURE","PR_POSTSALARY","ACMASTER"
"701","PROCEDURE","PR_POST_AMORTIZE_CHARGES","ACMASTER"
"702","PROCEDURE","PR_POST_AMORTIZE_REVERSE","ACMASTER"
"703","PROCEDURE","PR_POST_BALENQ_CHG","ACMASTER"
"704","PROCEDURE","PR_POST_CURRENT_INT","ACMASTER"
"705","PROCEDURE","PR_POST_EXCHANGE_VOU_POST","ACMASTER"
"706","PROCEDURE","PR_POST_FILE_TRANSACTION","ACMASTER"
"707","PROCEDURE","PR_POST_INT_BY_NEFT","ACMASTER"
"708","PROCEDURE","PR_POST_INT_TEMP","ACMASTER"
"709","PROCEDURE","PR_POST_LOAN_INT_SUBVEN","ACMASTER"
"710","PROCEDURE","PR_POST_PAYFREQCHARGES","ACMASTER"
"711","PROCEDURE","PR_POST_REVALUATE_VOUCHERS","ACMASTER"
"712","PROCEDURE","PR_POST_REVALUATE_VOUCHERS_CH","ACMASTER"
"713","PROCEDURE","PR_POST_REVALUATE_VOUCHERS_OLD","ACMASTER"
"714","PROCEDURE","PR_POST_REVALUATE_VOUCH_BK","ACMASTER"
"715","PROCEDURE","PR_POST_REVALUATE_VOU_TEMP","ACMASTER"
"716","PROCEDURE","PR_PRESENT_POSITION","ACMASTER"
"717","PROCEDURE","PR_PRINT_STATEMENTOFAC","ACMASTER"
"718","PROCEDURE","PR_PRINT_STATEMENTOFAC_1","ACMASTER"
"719","PROCEDURE","PR_PURPOSE_WISE_DISB","ACMASTER"
"720","PROCEDURE","PR_PURPWISE_LNREPORT","ACMASTER"
"721","PROCEDURE","PR_RBI_INSPECTION_13","ACMASTER"
"722","PROCEDURE","PR_RBI_INSPECTION_14","ACMASTER"
"723","PROCEDURE","PR_RBI_INSPECTION_15","ACMASTER"
"724","PROCEDURE","PR_RBI_INSPECTION_16","ACMASTER"
"725","PROCEDURE","PR_RBI_INSPECTION_17","ACMASTER"
"726","PROCEDURE","PR_RBI_INSPECTION_18","ACMASTER"
"727","PROCEDURE","PR_RBI_INSPECTION_19","ACMASTER"
"728","PROCEDURE","PR_RBI_INSPECTION_20","ACMASTER"
"729","PROCEDURE","PR_RBI_INSPECTION_23","ACMASTER"
"730","PROCEDURE","PR_RBI_INSPECTION_24","ACMASTER"
"731","PROCEDURE","PR_RBI_INSPECTION_27","ACMASTER"
"732","PROCEDURE","PR_RBI_INSPECTION_33","ACMASTER"
"733","PROCEDURE","PR_RBI_INSPECTION_5","ACMASTER"
"734","PROCEDURE","PR_RBI_INSPECTION_50","ACMASTER"
"735","PROCEDURE","PR_RBI_INSPECTION_51","ACMASTER"
"736","PROCEDURE","PR_RBI_INSPECTION_52","ACMASTER"
"737","PROCEDURE","PR_RBI_INSPECTION_8","ACMASTER"
"738","PROCEDURE","PR_RBI_MINORITY_DETAILS","ACMASTER"
"739","PROCEDURE","PR_RBI_STATEMENT_3","ACMASTER"
"740","PROCEDURE","PR_RBI_STATEMENT_4","ACMASTER"
"741","PROCEDURE","PR_RBI_STATEMENT_5","ACMASTER"
"742","PROCEDURE","PR_RBI_STATEMENT_6","ACMASTER"
"743","PROCEDURE","PR_RBI_STATEMENT_7","ACMASTER"
"744","PROCEDURE","PR_RBI_STATEMENT_9","ACMASTER"
"745","PROCEDURE","PR_RDMATURITY","ACMASTER"
"746","PROCEDURE","PR_RD_INTEREST_CALC","ACMASTER"
"747","PROCEDURE","PR_RD_INTEREST_MATU","ACMASTER"
"748","PROCEDURE","PR_RE","ACMASTER"
"749","PROCEDURE","PR_RECEIVABL_POSTING","ACMASTER"
"750","PROCEDURE","PR_RECEIVABL_POSTING_TEMP","ACMASTER"
"751","PROCEDURE","PR_RECONTRANSACTION","ACMASTER"
"752","PROCEDURE","PR_RECON_OTHER_GLWISE","ACMASTER"
"753","PROCEDURE","PR_RECON_REPORT","ACMASTER"
"754","PROCEDURE","PR_RECOV_MISCCHG","ACMASTER"
"755","PROCEDURE","PR_RECOV_MISCCHG_NEHA","ACMASTER"
"756","PROCEDURE","PR_RECPAY_DRILL_DOWN","ACMASTER"
"757","PROCEDURE","PR_REFBRANCHTRANSACTION","ACMASTER"
"758","PROCEDURE","PR_REGISTER_MAINTENANCE","ACMASTER"
"759","PROCEDURE","PR_RESCHEDULE","ACMASTER"
"760","PROCEDURE","PR_RESTRUCTURED_LN_RPT","ACMASTER"
"761","PROCEDURE","PR_REUPDATE_BALANCE","ACMASTER"
"762","PROCEDURE","PR_REUPDATE_FIXLOANINTBAL","ACMASTER"
"763","PROCEDURE","PR_REUPDATE_INT_BAL","ACMASTER"
"764","PROCEDURE","PR_REUPDATE_INT_BAL_NEW","ACMASTER"
"765","PROCEDURE","PR_REVALUATE_OFFLINEGL","ACMASTER"
"766","PROCEDURE","PR_REVALUATE_REPORT","ACMASTER"
"767","PROCEDURE","PR_RPT_HOUSEDETAILS","ACMASTER"
"768","PROCEDURE","PR_RTGS_INWARD_PROCESS","ACMASTER"
"769","PROCEDURE","PR_RTGS_INWARD_PROCESS_AUTO","ACMASTER"
"770","PROCEDURE","PR_S9_2","ACMASTER"
"771","PROCEDURE","PR_SALARY_AGINST_LOAN","ACMASTER"
"772","PROCEDURE","PR_SAVING_INT_CALC_MULTI","ACMASTER"
"773","PROCEDURE","PR_SBINT_DIFF","ACMASTER"
"774","PROCEDURE","PR_SBINT_PROPER","ACMASTER"
"775","PROCEDURE","PR_SB_INTEREST_CALC","ACMASTER"
"776","PROCEDURE","PR_SB_INTEREST_CALC_FRDT","ACMASTER"
"777","PROCEDURE","PR_SB_INT_PROD","ACMASTER"
"778","PROCEDURE","PR_SB_INT_PRODUCT","ACMASTER"
"779","PROCEDURE","PR_SCROLLWISE_DENO_TRAN","ACMASTER"
"780","PROCEDURE","PR_SECURITY_DETAILS_RPT","ACMASTER"
"781","PROCEDURE","PR_SETCUMVOUCH","ACMASTER"
"782","PROCEDURE","PR_SETCUMVOUCH_OLD","ACMASTER"
"783","PROCEDURE","PR_SETLOANCHART","ACMASTER"
"784","PROCEDURE","PR_SETONLINE","ACMASTER"
"785","PROCEDURE","PR_SET_DAILY_ACCRUAL","ACMASTER"
"786","PROCEDURE","PR_SET_GRPLNCHART","ACMASTER"
"787","PROCEDURE","PR_SET_LOANCHART_RECEIVABLE","ACMASTER"
"788","PROCEDURE","PR_SGL_RPT_FORMAT","ACMASTER"
"789","PROCEDURE","PR_SHAREI_REGISTER","ACMASTER"
"790","PROCEDURE","PR_SHARESHOLDING","ACMASTER"
"791","PROCEDURE","PR_SLBC_STATEMENT","ACMASTER"
"792","PROCEDURE","PR_SMS_MANUAL","ACMASTER"
"793","PROCEDURE","PR_SMS_SEND","ACMASTER"
"794","PROCEDURE","PR_SOCIETYWISE_STATEMENT","ACMASTER"
"795","PROCEDURE","PR_SOC_ACDETAILS","ACMASTER"
"796","PROCEDURE","PR_SOSC_SHAREDEDUCT_INFO","ACMASTER"
"797","PROCEDURE","PR_SOSS_1","ACMASTER"
"798","PROCEDURE","PR_SOSS_2","ACMASTER"
"799","PROCEDURE","PR_SOSS_3","ACMASTER"
"800","PROCEDURE","PR_SOSS_4","ACMASTER"
"801","PROCEDURE","PR_SOSS_5","ACMASTER"
"802","PROCEDURE","PR_SOSS_6","ACMASTER"
"803","PROCEDURE","PR_SOSS_8","ACMASTER"
"804","PROCEDURE","PR_SOSS_ACT1","ACMASTER"
"805","PROCEDURE","PR_SOSS_ACT2","ACMASTER"
"806","PROCEDURE","PR_SOSS_ACT4","ACMASTER"
"807","PROCEDURE","PR_STANDING_ORDER_EXEC","ACMASTER"
"808","PROCEDURE","PR_STANDING_ORDER_POSTING","ACMASTER"
"809","PROCEDURE","PR_STATEMENT5","ACMASTER"
"810","PROCEDURE","PR_STATEMENTOFAC","ACMASTER"
"811","PROCEDURE","PR_STATEMENTOFMT940","ACMASTER"
"812","PROCEDURE","PR_STATEMENT_6","ACMASTER"
"813","PROCEDURE","PR_STATEMENT_GOVT_TRANS","ACMASTER"
"814","PROCEDURE","PR_STAX_CALCULATION","ACMASTER"
"815","PROCEDURE","PR_STOCK_DEPRI_CALC","ACMASTER"
"816","PROCEDURE","PR_STOCK_EXCESS_DEPRI","ACMASTER"
"817","PROCEDURE","PR_STOP_PAYMENT","ACMASTER"
"818","PROCEDURE","PR_SUNDRY_ACOPEN","ACMASTER"
"819","PROCEDURE","PR_SUPPLEMENTARY_DAY_BOOK","ACMASTER"
"820","PROCEDURE","PR_SUPPL_DAY_BOOK_UID_BAT","ACMASTER"
"821","PROCEDURE","PR_TAXBANK_TRANSACTIONS","ACMASTER"
"822","PROCEDURE","PR_TDS_CALCULATION","ACMASTER"
"823","PROCEDURE","PR_TEMP","ACMASTER"
"824","PROCEDURE","PR_TEMP_231018","ACMASTER"
"825","PROCEDURE","PR_TESTACBAL","ACMASTER"
"826","PROCEDURE","PR_TOD_DETAILS","ACMASTER"
"827","PROCEDURE","PR_TOD_INT_CAL","ACMASTER"
"828","PROCEDURE","PR_TOD_REPORT","ACMASTER"
"829","PROCEDURE","PR_TOP_10_TRANSACTION","ACMASTER"
"830","PROCEDURE","PR_TOP_IMPAIRED","ACMASTER"
"831","PROCEDURE","PR_TOP_LIST_REGISTER","ACMASTER"
"832","PROCEDURE","PR_TRANSACTIONENTRY","ACMASTER"
"833","PROCEDURE","PR_TRANSACTIONPASSING","ACMASTER"
"834","PROCEDURE","PR_TRAN_PASSING","ACMASTER"
"835","PROCEDURE","PR_TRF_OPTOINOP","ACMASTER"
"836","PROCEDURE","PR_TRIAL_BALANCE_SCHEMEWISE","ACMASTER"
"837","PROCEDURE","PR_TURNOVER_STAT","ACMASTER"
"838","PROCEDURE","PR_UNCLAIMED_HOSHIFT","ACMASTER"
"839","PROCEDURE","PR_UNCLAIM_DEP","ACMASTER"
"840","PROCEDURE","PR_UNDERCHARGED_INT","ACMASTER"
"841","PROCEDURE","PR_UNSECURED_LOANS","ACMASTER"
"842","PROCEDURE","PR_UNTALLY_BATCH","ACMASTER"
"843","PROCEDURE","PR_UPDATE_AC_BAL","ACMASTER"
"844","PROCEDURE","PR_UPDATE_AC_BAL_ACWISE","ACMASTER"
"845","PROCEDURE","PR_UPDATE_EMAIL_STAC","ACMASTER"
"846","PROCEDURE","PR_UPDATE_FIXLOANCHART","ACMASTER"
"847","PROCEDURE","PR_UPDATE_LOAN_DETAILS","ACMASTER"
"848","PROCEDURE","PR_UPDATE_OVERCHARGED_INT","ACMASTER"
"849","PROCEDURE","PR_UPDENTBY","ACMASTER"
"850","PROCEDURE","PR_UPLOAD_RTGS_FILE","ACMASTER"
"851","PROCEDURE","PR_USERWISE_ACTIVITY","ACMASTER"
"852","PROCEDURE","PR_WEAKER_SACTION","ACMASTER"
"853","PROCEDURE","PR_WITH_HOLD_BAL_REVERSE","ACMASTER"
"854","PROCEDURE","PR_WRITEOFF_MODULE_RPT","ACMASTER"
"855","PROCEDURE","PR_WRONG_CHART_INSERT","ACMASTER"
"856","PROCEDURE","PR_YEAREND","ACMASTER"
"857","PROCEDURE","PR_YEARLY_BALANCING","ACMASTER"
"858","PROCEDURE","PR_ZEROBAL_BT_NPAINT","ACMASTER"
"859","PROCEDURE","R_CHANGEAC","ACMASTER"
"860","PROCEDURE","R_CHANGELOANAC","ACMASTER"
"861","PROCEDURE","R_DATA_PURGING_NEW","ACMASTER"
"862","PROCEDURE","R_FDTRANS","ACMASTER"
"863","PROCEDURE","R_FOREINMASTER","ACMASTER"
"864","PROCEDURE","R_FOREINTRANS","ACMASTER"
"865","PROCEDURE","R_GET_LOAN_STATEMENT","ACMASTER"
"866","PROCEDURE","R_GET_TRANSACTION","ACMASTER"
"867","PROCEDURE","R_INTUPD_67","ACMASTER"
"868","PROCEDURE","R_OTHER_MAST","ACMASTER"
"869","PROCEDURE","R_OVCHARGEINT","ACMASTER"
"870","PROCEDURE","TDS_IMPORT","ACMASTER"
"871","PROCEDURE","TPR_ACCOUNTCLOSURE","ACMASTER"
"872","TRIGGER","TRG_ACMASTER","ACMASTER"
"873","VIEW","VW_ACMASTER","ACMASTER"
"874","VIEW","VW_INTEREST_ACCRUAL","ACMASTER"
"875","VIEW","VW_LOAN","ACMASTER"
"876","VIEW","VW_LOAN_INFO","ACMASTER"
"877","FUNCTION","FN_CHECKTRANPASSRIGHTS","CUMVOUCH"
"878","FUNCTION","FN_GETACBAL_BEFOREREV","CUMVOUCH"
"879","FUNCTION","FN_GETCASH_BEFOREREVAL","CUMVOUCH"
"880","FUNCTION","FN_GETCLOSING_BAL","CUMVOUCH"
"881","FUNCTION","FN_GETINTPAID","CUMVOUCH"
"882","FUNCTION","FN_GETOFFLINEGL_BAL","CUMVOUCH"
"883","FUNCTION","FN_GETOFFLINEGL_BALNEW","CUMVOUCH"
"884","FUNCTION","FN_GETUNPASSALL","CUMVOUCH"
"885","FUNCTION","FN_GET_DEPOSITED_AMT","CUMVOUCH"
"886","FUNCTION","FN_GET_UNCLEARBAL","CUMVOUCH"
"887","FUNCTION","FN_OFFLINE_GLBAL_BFOREREV","CUMVOUCH"
"888","FUNCTION","FN_SMS_BAL","CUMVOUCH"
"889","FUNCTION","FN_SUBSIDY_BAL_FORINT","CUMVOUCH"
"890","PACKAGE","PKG_ATM_ADVICE_UPLOAD","CUMVOUCH"
"891","PACKAGE","PKG_ATM_PROCESS","CUMVOUCH"
"892","PACKAGE","PKG_BANK_GUARANTEE","CUMVOUCH"
"893","PACKAGE","PKG_DEMAND_DRAFT","CUMVOUCH"
"894","PACKAGE","PKG_GROUP_LOAN","CUMVOUCH"
"895","PACKAGE","PKG_IBC","CUMVOUCH"
"896","PACKAGE","PKG_INTERNET_BANKING","CUMVOUCH"
"897","PACKAGE","PKG_INV_CALL_TRAN","CUMVOUCH"
"898","PACKAGE","PKG_INV_FD_TRAN","CUMVOUCH"
"899","PACKAGE","PKG_INV_GOVT_TRAN","CUMVOUCH"
"900","PACKAGE","PKG_LC_DETAILS","CUMVOUCH"
"901","PACKAGE","PKG_LOAN_RENEWAL","CUMVOUCH"
"902","PACKAGE","PKG_LOAN_RESCHEDULE","CUMVOUCH"
"903","PACKAGE","PKG_LOAN_SOCS_DISBURSEMENT","CUMVOUCH"
"904","PACKAGE","PKG_LOAN_SOCS_RECOVERY","CUMVOUCH"
"905","PACKAGE","PKG_LOS_PROCESS","CUMVOUCH"
"906","PACKAGE","PKG_OBC","CUMVOUCH"
"907","PACKAGE","PKG_PACS_TRAN","CUMVOUCH"
"908","PACKAGE","PKG_RTGS_DETAILS","CUMVOUCH"
"909","PACKAGE","PKG_SHARE_TRANSACTION","CUMVOUCH"
"910","PACKAGE","PKG_STOCK_TRANSACTION","CUMVOUCH"
"911","PACKAGE BODY","PKG_AGENCY_BANKING","CUMVOUCH"
"912","PACKAGE BODY","PKG_AGENCY_BANKING_API","CUMVOUCH"
"913","PACKAGE BODY","PKG_AGENCY_BANKING_LIVE","CUMVOUCH"
"914","PACKAGE BODY","PKG_AML_REPORTING","CUMVOUCH"
"915","PACKAGE BODY","PKG_ATM_ADVICE_UPLOAD","CUMVOUCH"
"916","PACKAGE BODY","PKG_ATM_PROCESS","CUMVOUCH"
"917","PACKAGE BODY","PKG_AUTO_PROCESS","CUMVOUCH"
"918","PACKAGE BODY","PKG_BANK_GUARANTEE","CUMVOUCH"
"919","PACKAGE BODY","PKG_DEMAND_DRAFT","CUMVOUCH"
"920","PACKAGE BODY","PKG_GPEP_APP_REQ_RES","CUMVOUCH"
"921","PACKAGE BODY","PKG_GROUP_LOAN","CUMVOUCH"
"922","PACKAGE BODY","PKG_INTERNET_BANKING","CUMVOUCH"
"923","PACKAGE BODY","PKG_INV_CALL_TRAN","CUMVOUCH"
"924","PACKAGE BODY","PKG_INV_FD_TRAN","CUMVOUCH"
"925","PACKAGE BODY","PKG_INV_GOVT_TRAN","CUMVOUCH"
"926","PACKAGE BODY","PKG_KIOS_PROCESS","CUMVOUCH"
"927","PACKAGE BODY","PKG_LC_DETAILS","CUMVOUCH"
"928","PACKAGE BODY","PKG_LEASE_DETAILS","CUMVOUCH"
"929","PACKAGE BODY","PKG_LOAN_RENEWAL","CUMVOUCH"
"930","PACKAGE BODY","PKG_LOAN_RESCHEDULE","CUMVOUCH"
"931","PACKAGE BODY","PKG_LOAN_SOCS_DISBURSEMENT","CUMVOUCH"
"932","PACKAGE BODY","PKG_LOAN_SOCS_RECOVERY","CUMVOUCH"
"933","PACKAGE BODY","PKG_LOS_PROCESS","CUMVOUCH"
"934","PACKAGE BODY","PKG_MOBILE_BANKING","CUMVOUCH"
"935","PACKAGE BODY","PKG_OTS_TRAN","CUMVOUCH"
"936","PACKAGE BODY","PKG_PACS_TRAN","CUMVOUCH"
"937","PACKAGE BODY","PKG_RTGS_API_PROCESS","CUMVOUCH"
"938","PACKAGE BODY","PKG_RTGS_DETAILS","CUMVOUCH"
"939","PACKAGE BODY","PKG_RTGS_FILE_PROCESS","CUMVOUCH"
"940","PACKAGE BODY","PKG_SELCOM_PROCESS","CUMVOUCH"
"941","PACKAGE BODY","PKG_SHARE_TRANSACTION","CUMVOUCH"
"942","PACKAGE BODY","PKG_STOCK_TRANSACTION","CUMVOUCH"
"943","PACKAGE BODY","PKG_TAXBANK_TRAN","CUMVOUCH"
"944","PACKAGE BODY","PKG_TOD_DETAILS","CUMVOUCH"
"945","PACKAGE BODY","PKG_TRA","CUMVOUCH"
"946","PROCEDURE","PRAB_EXCELGLMARCH","CUMVOUCH"
"947","PROCEDURE","PRAB_EXCELGLMARCH_TERM","CUMVOUCH"
"948","PROCEDURE","PRAB_EXCELTRAN","CUMVOUCH"
"949","PROCEDURE","PRAB_LOANACCOUNT","CUMVOUCH"
"950","PROCEDURE","PROC_BUILD_MAIIC_CASHFLOW_REGISTER","CUMVOUCH"
"951","PROCEDURE","PROC_BUILD_MAIIC_GL_INTEREST_RECON","CUMVOUCH"
"952","PROCEDURE","PR_10OVERDRAFT","CUMVOUCH"
"953","PROCEDURE","PR_ABB_CHARGES_TRANS","CUMVOUCH"
"954","PROCEDURE","PR_ABB_TRANS","CUMVOUCH"
"955","PROCEDURE","PR_ABB_TRANSACTION","CUMVOUCH"
"956","PROCEDURE","PR_ACCEPT_CASH","CUMVOUCH"
"957","PROCEDURE","PR_ACCHGPOSTING_TRAN","CUMVOUCH"
"958","PROCEDURE","PR_ACCOUNTCLOSURE","CUMVOUCH"
"959","PROCEDURE","PR_ACCOUNTVALIDATION","CUMVOUCH"
"960","PROCEDURE","PR_ACCOUNT_SHIFT","CUMVOUCH"
"961","PROCEDURE","PR_ACCOUNT_TRANSFER","CUMVOUCH"
"962","PROCEDURE","PR_ACCOUNT_TRANSFER_BULK","CUMVOUCH"
"963","PROCEDURE","PR_ACC_SUMM_REP","CUMVOUCH"
"964","PROCEDURE","PR_ACC_SUMM_REP_NEW","CUMVOUCH"
"965","PROCEDURE","PR_ACC_TRF_TEMP","CUMVOUCH"
"966","PROCEDURE","PR_ACSTATEMENT_BIFURCATE","CUMVOUCH"
"967","PROCEDURE","PR_ACWISECHARGES_POSTING","CUMVOUCH"
"968","PROCEDURE","PR_ACWISE_COMMITCHARPOST","CUMVOUCH"
"969","PROCEDURE","PR_AC_WISE_BALANCING","CUMVOUCH"
"970","PROCEDURE","PR_AML_EXCEP_REPORT","CUMVOUCH"
"971","PROCEDURE","PR_AML_REPORTING","CUMVOUCH"
"972","PROCEDURE","PR_AML_REPORTS","CUMVOUCH"
"973","PROCEDURE","PR_AMORTIZE_CHARGES_REPOST","CUMVOUCH"
"974","PROCEDURE","PR_ATM_LOAN_ACC_OPENING","CUMVOUCH"
"975","PROCEDURE","PR_ATM_RECON","CUMVOUCH"
"976","PROCEDURE","PR_ATM_TRAN_REGISTER","CUMVOUCH"
"977","PROCEDURE","PR_AUTO_AMORTIZE_CALLBOINV","CUMVOUCH"
"978","PROCEDURE","PR_AUTO_INT_POSTING_SINGLE","CUMVOUCH"
"979","PROCEDURE","PR_AUTO_RENEWAL","CUMVOUCH"
"980","PROCEDURE","PR_BACKDATED_TRAN_ENTRY","CUMVOUCH"
"981","PROCEDURE","PR_BACKDATED_TRAN_PROCESS","CUMVOUCH"
"982","PROCEDURE","PR_BACK_DATED_DELETE","CUMVOUCH"
"983","PROCEDURE","PR_BATCHDET","CUMVOUCH"
"984","PROCEDURE","PR_BATCHDETFRMBATTYPE","CUMVOUCH"
"985","PROCEDURE","PR_BATCH_AUTHO_RPT","CUMVOUCH"
"986","PROCEDURE","PR_BATCH_MULTI_PASS","CUMVOUCH"
"987","PROCEDURE","PR_BK_YEAREND","CUMVOUCH"
"988","PROCEDURE","PR_BORROWER_DETAILS","CUMVOUCH"
"989","PROCEDURE","PR_BORROW_DISBURSE","CUMVOUCH"
"990","PROCEDURE","PR_BRANCH_INTEREST_CALC","CUMVOUCH"
"991","PROCEDURE","PR_CALCULATEAGENTCOMMISSION","CUMVOUCH"
"992","PROCEDURE","PR_CALL_TB_GL_RPT","CUMVOUCH"
"993","PROCEDURE","PR_CAL_CREDIT_RATING","CUMVOUCH"
"994","PROCEDURE","PR_CASHBOOK","CUMVOUCH"
"995","PROCEDURE","PR_CASHBOOKINSERT","CUMVOUCH"
"996","PROCEDURE","PR_CASH_BOOK","CUMVOUCH"
"997","PROCEDURE","PR_CASH_HANDOVER","CUMVOUCH"
"998","PROCEDURE","PR_CASH_HANDOVER_REVOKE","CUMVOUCH"
"999","PROCEDURE","PR_CASH_POSITION","CUMVOUCH"
"1000","PROCEDURE","PR_CASH_SUMMARY","CUMVOUCH"
"1001","PROCEDURE","PR_CASH_TRAN_REPORT","CUMVOUCH"
"1002","PROCEDURE","PR_CHANGEBRACCOUNT","CUMVOUCH"
"1003","PROCEDURE","PR_CHARGES_CALC","CUMVOUCH"
"1004","PROCEDURE","PR_CHARGES_VOUCHER_POSTING","CUMVOUCH"
"1005","PROCEDURE","PR_CHEQUEBOOKMAST","CUMVOUCH"
"1006","PROCEDURE","PR_CHEQUE_DISCOUNT","CUMVOUCH"
"1007","PROCEDURE","PR_COMP_DEPO","CUMVOUCH"
"1008","PROCEDURE","PR_CONTROL_ENTRY_DETAILS","CUMVOUCH"
"1009","PROCEDURE","PR_CONVERTING_SHARE","CUMVOUCH"
"1010","PROCEDURE","PR_CONVERT_BALANCING","CUMVOUCH"
"1011","PROCEDURE","PR_CONVERT_BALANCING_SINGLE","CUMVOUCH"
"1012","PROCEDURE","PR_CONVERT_STOCK_BAL","CUMVOUCH"
"1013","PROCEDURE","PR_CORRECT_LOAN_DATA","CUMVOUCH"
"1014","PROCEDURE","PR_CRB_INFO","CUMVOUCH"
"1015","PROCEDURE","PR_CREDIT_BALANCE","CUMVOUCH"
"1016","PROCEDURE","PR_CRLOAN_REVERSE","CUMVOUCH"
"1017","PROCEDURE","PR_CUSTOMER_360","CUMVOUCH"
"1018","PROCEDURE","PR_CUSTPRFT_LOSS_REP","CUMVOUCH"
"1019","PROCEDURE","PR_DASHBOARD_REPORT","CUMVOUCH"
"1020","PROCEDURE","PR_DATA_PURGEING","CUMVOUCH"
"1021","PROCEDURE","PR_DAYEND","CUMVOUCH"
"1022","PROCEDURE","PR_DAYEND_ALL","CUMVOUCH"
"1023","PROCEDURE","PR_DCB_STATEMENT","CUMVOUCH"
"1024","PROCEDURE","PR_DD_FUNDING_TRANS","CUMVOUCH"
"1025","PROCEDURE","PR_DD_SUSPENSE_WITHDRAW","CUMVOUCH"
"1026","PROCEDURE","PR_DELETE_LOANINT","CUMVOUCH"
"1027","PROCEDURE","PR_DELETE_REVALUATE","CUMVOUCH"
"1028","PROCEDURE","PR_DELETE_TRANSACTION","CUMVOUCH"
"1029","PROCEDURE","PR_DEL_MFP","CUMVOUCH"
"1030","PROCEDURE","PR_DEPO_INT_INC_REPT","CUMVOUCH"
"1031","PROCEDURE","PR_DEPRI_REVERSAL","CUMVOUCH"
"1032","PROCEDURE","PR_DEP_ENTRY","CUMVOUCH"
"1033","PROCEDURE","PR_DIFF_LOAN_INTCAL","CUMVOUCH"
"1034","PROCEDURE","PR_DIFF_LOAN_INTCAL2","CUMVOUCH"
"1035","PROCEDURE","PR_DISBURSETRAN","CUMVOUCH"
"1036","PROCEDURE","PR_DISBURSE_REPORT","CUMVOUCH"
"1037","PROCEDURE","PR_DIVIDEND_CALC","CUMVOUCH"
"1038","PROCEDURE","PR_DIVIDENT_PAID","CUMVOUCH"
"1039","PROCEDURE","PR_ECLECTICS_TRAN_DETAILS","CUMVOUCH"
"1040","PROCEDURE","PR_EMAIL_STATEMENTOFAC","CUMVOUCH"
"1041","PROCEDURE","PR_EMAIL_STATEMENTOFAC_OLD","CUMVOUCH"
"1042","PROCEDURE","PR_EXCESS_INT_INFO","CUMVOUCH"
"1043","PROCEDURE","PR_FDINTCALC_TDS","CUMVOUCH"
"1044","PROCEDURE","PR_FDINTERESTCALC","CUMVOUCH"
"1045","PROCEDURE","PR_FDINTERESTCALC_MATU","CUMVOUCH"
"1046","PROCEDURE","PR_FDINT_WITH_LIENINT","CUMVOUCH"
"1047","PROCEDURE","PR_FD_MATURITY","CUMVOUCH"
"1048","PROCEDURE","PR_FIXED_TRFR","CUMVOUCH"
"1049","PROCEDURE","PR_FIXED_TRFR_DP","CUMVOUCH"
"1050","PROCEDURE","PR_FLAT_LOANINTCALC_ACCLO","CUMVOUCH"
"1051","PROCEDURE","PR_FLEXIINTCALCULATION","CUMVOUCH"
"1052","PROCEDURE","PR_FLEXI_DETAILS","CUMVOUCH"
"1053","PROCEDURE","PR_FLEXI_STATOFAC","CUMVOUCH"
"1054","PROCEDURE","PR_FLEXI_SWEEP_IN","CUMVOUCH"
"1055","PROCEDURE","PR_FOREXTRANSACTION","CUMVOUCH"
"1056","PROCEDURE","PR_FOREX_TRADING_REP","CUMVOUCH"
"1057","PROCEDURE","PR_FUND_PROVISION","CUMVOUCH"
"1058","PROCEDURE","PR_GETACCDETAILS","CUMVOUCH"
"1059","PROCEDURE","PR_GETBATCH_BY_DETID","CUMVOUCH"
"1060","PROCEDURE","PR_GETOFFLINEGL_BAL","CUMVOUCH"
"1061","PROCEDURE","PR_GETRECEIVABLE_SAT_NEW","CUMVOUCH"
"1062","PROCEDURE","PR_GETUNPASSENTRY","CUMVOUCH"
"1063","PROCEDURE","PR_GET_ATM_TRANSACTION_DETAILS","CUMVOUCH"
"1064","PROCEDURE","PR_GET_AUTOPROCESS_INFO","CUMVOUCH"
"1065","PROCEDURE","PR_GET_BALANCING","CUMVOUCH"
"1066","PROCEDURE","PR_GET_BALANCING1","CUMVOUCH"
"1067","PROCEDURE","PR_GET_BALANCING_FOR_LOANS","CUMVOUCH"
"1068","PROCEDURE","PR_GET_BALANCING_NEW","CUMVOUCH"
"1069","PROCEDURE","PR_GET_BALANCING_OLD","CUMVOUCH"
"1070","PROCEDURE","PR_GET_CASHWITH_CHG","CUMVOUCH"
"1071","PROCEDURE","PR_GET_CR_BALANCE","CUMVOUCH"
"1072","PROCEDURE","PR_GET_LN_REC_RPT","CUMVOUCH"
"1073","PROCEDURE","PR_GET_LN_SUBVEN_RPT","CUMVOUCH"
"1074","PROCEDURE","PR_GET_OVDDETAILS","CUMVOUCH"
"1075","PROCEDURE","PR_GLMASTER","CUMVOUCH"
"1076","PROCEDURE","PR_GLMASTER_OLD","CUMVOUCH"
"1077","PROCEDURE","PR_GLSTATEMENT","CUMVOUCH"
"1078","PROCEDURE","PR_GLSTATEMENT_PARENT","CUMVOUCH"
"1079","PROCEDURE","PR_GOLD_VERIFICATION","CUMVOUCH"
"1080","PROCEDURE","PR_GROUP_MEETING_DET","CUMVOUCH"
"1081","PROCEDURE","PR_HLOAN16_1","CUMVOUCH"
"1082","PROCEDURE","PR_HOBIFUR_VOUCHERS","CUMVOUCH"
"1083","PROCEDURE","PR_HO_LOAN_SANCTION","CUMVOUCH"
"1084","PROCEDURE","PR_IBC_TRANS","CUMVOUCH"
"1085","PROCEDURE","PR_IDEAL_CHART_POS","CUMVOUCH"
"1086","PROCEDURE","PR_IFRS9_DCB_REPORT","CUMVOUCH"
"1087","PROCEDURE","PR_IFRS9_OVERDRAFT_RPT","CUMVOUCH"
"1088","PROCEDURE","PR_IFRS9_RPT","CUMVOUCH"
"1089","PROCEDURE","PR_IFRS9_WRITEOFF_RPT","CUMVOUCH"
"1090","PROCEDURE","PR_INET_AC_STATEMENT","CUMVOUCH"
"1091","PROCEDURE","PR_INET_TRANSACTION","CUMVOUCH"
"1092","PROCEDURE","PR_INSERT_BALACNE","CUMVOUCH"
"1093","PROCEDURE","PR_INST_DETAILS","CUMVOUCH"
"1094","PROCEDURE","PR_INST_DETAILS_NEW","CUMVOUCH"
"1095","PROCEDURE","PR_INTERBRANCH_CASHINFO","CUMVOUCH"
"1096","PROCEDURE","PR_INTERBRANCH_TRANSACTION","CUMVOUCH"
"1097","PROCEDURE","PR_INTERBR_CASHTRANSMISSION","CUMVOUCH"
"1098","PROCEDURE","PR_INTEREST_POSTING","CUMVOUCH"
"1099","PROCEDURE","PR_INTPAY_REVERSE","CUMVOUCH"
"1100","PROCEDURE","PR_INTREC_ZERO","CUMVOUCH"
"1101","PROCEDURE","PR_INTREVERSE_POST","CUMVOUCH"
"1102","PROCEDURE","PR_INT_INC_REPT","CUMVOUCH"
"1103","PROCEDURE","PR_INT_POSTING_FORNONPOSTED","CUMVOUCH"
"1104","PROCEDURE","PR_INVCALL_PROVISION","CUMVOUCH"
"1105","PROCEDURE","PR_INV_AMORTIZE_POSTING","CUMVOUCH"
"1106","PROCEDURE","PR_INV_CALL_TRAN","CUMVOUCH"
"1107","PROCEDURE","PR_INWARD_CLEARING_POST","CUMVOUCH"
"1108","PROCEDURE","PR_IW_FINALIZATION","CUMVOUCH"
"1109","PROCEDURE","PR_IW_FINAL_CENTRALIZE","CUMVOUCH"
"1110","PROCEDURE","PR_LIMIT_UTL","CUMVOUCH"
"1111","PROCEDURE","PR_LN_DEPO_REP","CUMVOUCH"
"1112","PROCEDURE","PR_LN_INTPAY_REVERSE","CUMVOUCH"
"1113","PROCEDURE","PR_LN_REP","CUMVOUCH"
"1114","PROCEDURE","PR_LOANCOMP_STATEMENT","CUMVOUCH"
"1115","PROCEDURE","PR_LOANINTCERTI","CUMVOUCH"
"1116","PROCEDURE","PR_LOANWRITEOFF","CUMVOUCH"
"1117","PROCEDURE","PR_LOAN_DAILY_RPT","CUMVOUCH"
"1118","PROCEDURE","PR_LOAN_INTCAL_DLY_SINGLE","CUMVOUCH"
"1119","PROCEDURE","PR_LOAN_INT_CALC_DAILY","CUMVOUCH"
"1120","PROCEDURE","PR_LOAN_PORTFOLIO_DASHBOARD","CUMVOUCH"
"1121","PROCEDURE","PR_LOAN_RECOVERY","CUMVOUCH"
"1122","PROCEDURE","PR_LOCKER_BAL_INFO","CUMVOUCH"
"1123","PROCEDURE","PR_MALAVITRAN","CUMVOUCH"
"1124","PROCEDURE","PR_MONTHLY_PAID","CUMVOUCH"
"1125","PROCEDURE","PR_MONTHLY_SBINT_TEMP","CUMVOUCH"
"1126","PROCEDURE","PR_NEWLOAN_STATEMENTOFAC","CUMVOUCH"
"1127","PROCEDURE","PR_NEWLOAN_TRANSACTION","CUMVOUCH"
"1128","PROCEDURE","PR_NPA_PROV_POSTING","CUMVOUCH"
"1129","PROCEDURE","PR_NPA_STD_PROV_POSTING","CUMVOUCH"
"1130","PROCEDURE","PR_NULLIFY_RECEIVABLE","CUMVOUCH"
"1131","PROCEDURE","PR_OBC_IBC_BATCH","CUMVOUCH"
"1132","PROCEDURE","PR_OBC_TRANS","CUMVOUCH"
"1133","PROCEDURE","PR_OFFLINE_ABB_TRAN","CUMVOUCH"
"1134","PROCEDURE","PR_OFFLINE_BATCH_POSTING","CUMVOUCH"
"1135","PROCEDURE","PR_OFFLINE_TRANSFER_DCB","CUMVOUCH"
"1136","PROCEDURE","PR_OPENING_BAL_ENTRY","CUMVOUCH"
"1137","PROCEDURE","PR_OPENING_BAL_ENTRYNEW","CUMVOUCH"
"1138","PROCEDURE","PR_OTS_REPORT","CUMVOUCH"
"1139","PROCEDURE","PR_OVERCHARGED_INT","CUMVOUCH"
"1140","PROCEDURE","PR_OVERDUE_CALC","CUMVOUCH"
"1141","PROCEDURE","PR_OVERLIMIT_STATEMENT","CUMVOUCH"
"1142","PROCEDURE","PR_OWD_CLG_EXPORT","CUMVOUCH"
"1143","PROCEDURE","PR_OWD_CLG_EXP_CENTRALIZE","CUMVOUCH"
"1144","PROCEDURE","PR_OWD_CLG_VERIFY","CUMVOUCH"
"1145","PROCEDURE","PR_OWD_EXPORT_CENTRALIZE","CUMVOUCH"
"1146","PROCEDURE","PR_PACPENDINGTRANS","CUMVOUCH"
"1147","PROCEDURE","PR_PACSOCS_PENDINGTRAN","CUMVOUCH"
"1148","PROCEDURE","PR_PACS_RECOVERY_INFO","CUMVOUCH"
"1149","PROCEDURE","PR_PAC_LOAN_TRANSTAT","CUMVOUCH"
"1150","PROCEDURE","PR_PASSBOOKMAST","CUMVOUCH"
"1151","PROCEDURE","PR_PA_INSURANCE","CUMVOUCH"
"1152","PROCEDURE","PR_PENDINGDENOM","CUMVOUCH"
"1153","PROCEDURE","PR_PENDING_INTRECNULIFY","CUMVOUCH"
"1154","PROCEDURE","PR_PIGMY_INT_CAL","CUMVOUCH"
"1155","PROCEDURE","PR_PIGMY_MATURITY","CUMVOUCH"
"1156","PROCEDURE","PR_PIGMY_TO_LOAN","CUMVOUCH"
"1157","PROCEDURE","PR_PIGMY_TRANS","CUMVOUCH"
"1158","PROCEDURE","PR_POSTSALARY","CUMVOUCH"
"1159","PROCEDURE","PR_POSTSALARY_SINGLE","CUMVOUCH"
"1160","PROCEDURE","PR_POST_AMORTIZE_CHARGES","CUMVOUCH"
"1161","PROCEDURE","PR_POST_AMORTIZE_REVERSE","CUMVOUCH"
"1162","PROCEDURE","PR_POST_BALENQ_CHG","CUMVOUCH"
"1163","PROCEDURE","PR_POST_CURRENT_INT","CUMVOUCH"
"1164","PROCEDURE","PR_POST_EXCHANGE_VOU_POST","CUMVOUCH"
"1165","PROCEDURE","PR_POST_FILE_TRANSACTION","CUMVOUCH"
"1166","PROCEDURE","PR_POST_INT_BY_NEFT","CUMVOUCH"
"1167","PROCEDURE","PR_POST_INT_TEMP","CUMVOUCH"
"1168","PROCEDURE","PR_POST_LOAN_INT_SUBVEN","CUMVOUCH"
"1169","PROCEDURE","PR_POST_PAYFREQCHARGES","CUMVOUCH"
"1170","PROCEDURE","PR_POST_REVALUATE_VOUCHERS","CUMVOUCH"
"1171","PROCEDURE","PR_POST_REVALUATE_VOUCHERS_CH","CUMVOUCH"
"1172","PROCEDURE","PR_POST_REVALUATE_VOUCHERS_OLD","CUMVOUCH"
"1173","PROCEDURE","PR_POST_REVALUATE_VOUCH_BK","CUMVOUCH"
"1174","PROCEDURE","PR_POST_REVALUATE_VOU_TEMP","CUMVOUCH"
"1175","PROCEDURE","PR_PRESENT_POSITION","CUMVOUCH"
"1176","PROCEDURE","PR_PRINT_STATEMENTOFAC","CUMVOUCH"
"1177","PROCEDURE","PR_PRINT_STATEMENTOFAC_1","CUMVOUCH"
"1178","PROCEDURE","PR_PURCHASEWISE_STATEMENT","CUMVOUCH"
"1179","PROCEDURE","PR_PURPOSEWISE_STATEMENT","CUMVOUCH"
"1180","PROCEDURE","PR_PURPWISE_LNREPORT","CUMVOUCH"
"1181","PROCEDURE","PR_RBI_INSPECTION_15","CUMVOUCH"
"1182","PROCEDURE","PR_RBI_INSPECTION_16","CUMVOUCH"
"1183","PROCEDURE","PR_RBI_INSPECTION_33","CUMVOUCH"
"1184","PROCEDURE","PR_RDMATURITY","CUMVOUCH"
"1185","PROCEDURE","PR_RE","CUMVOUCH"
"1186","PROCEDURE","PR_RECEIVABL_POSTING","CUMVOUCH"
"1187","PROCEDURE","PR_RECONTRANSACTION","CUMVOUCH"
"1188","PROCEDURE","PR_RECOV_MISCCHG","CUMVOUCH"
"1189","PROCEDURE","PR_RECOV_MISCCHG_NEHA","CUMVOUCH"
"1190","PROCEDURE","PR_RECPAY_DRILL_DOWN","CUMVOUCH"
"1191","PROCEDURE","PR_RECVCALL","CUMVOUCH"
"1192","PROCEDURE","PR_REFBRANCHTRANSACTION","CUMVOUCH"
"1193","PROCEDURE","PR_RESCHEDULE","CUMVOUCH"
"1194","PROCEDURE","PR_REUPDATE_BALANCE","CUMVOUCH"
"1195","PROCEDURE","PR_REUPDATE_INT_BAL","CUMVOUCH"
"1196","PROCEDURE","PR_REUPDATE_INT_BAL_NEW","CUMVOUCH"
"1197","PROCEDURE","PR_REVALUATE_OFFLINEGL","CUMVOUCH"
"1198","PROCEDURE","PR_RTGS_INWARD_PROCESS","CUMVOUCH"
"1199","PROCEDURE","PR_RTGS_INWARD_PROCESS_AUTO","CUMVOUCH"
"1200","PROCEDURE","PR_SBINT_DIFF","CUMVOUCH"
"1201","PROCEDURE","PR_SBINT_DIFF_AC","CUMVOUCH"
"1202","PROCEDURE","PR_SBINT_PROPER","CUMVOUCH"
"1203","PROCEDURE","PR_SB_INTEREST_CALC","CUMVOUCH"
"1204","PROCEDURE","PR_SB_INTEREST_CALC_FRDT","CUMVOUCH"
"1205","PROCEDURE","PR_SB_INT_PROD","CUMVOUCH"
"1206","PROCEDURE","PR_SB_INT_PRODUCT","CUMVOUCH"
"1207","PROCEDURE","PR_SCROLLWISE_DENO_TRAN","CUMVOUCH"
"1208","PROCEDURE","PR_SETCUMVOUCH","CUMVOUCH"
"1209","PROCEDURE","PR_SETCUMVOUCH_OLD","CUMVOUCH"
"1210","PROCEDURE","PR_SETDCBCASHGL","CUMVOUCH"
"1211","PROCEDURE","PR_SETDENOMINATION","CUMVOUCH"
"1212","PROCEDURE","PR_SET_GRPLNCHART","CUMVOUCH"
"1213","PROCEDURE","PR_SOCACPURPWISE_INFO","CUMVOUCH"
"1214","PROCEDURE","PR_SOCIETYWISE_STATEMENT","CUMVOUCH"
"1215","PROCEDURE","PR_STANDING_ORDER_POSTING","CUMVOUCH"
"1216","PROCEDURE","PR_STATEMENTOFAC","CUMVOUCH"
"1217","PROCEDURE","PR_STATEMENTOFMT940","CUMVOUCH"
"1218","PROCEDURE","PR_STAX_CALCULATION","CUMVOUCH"
"1219","PROCEDURE","PR_STOCK_DEPRI_CALC","CUMVOUCH"
"1220","PROCEDURE","PR_STOCK_EXCESS_DEPRI","CUMVOUCH"
"1221","PROCEDURE","PR_STOCK_POSTING","CUMVOUCH"
"1222","PROCEDURE","PR_STOP_PAYMENT","CUMVOUCH"
"1223","PROCEDURE","PR_STOP_PAYMENT_PASSING","CUMVOUCH"
"1224","PROCEDURE","PR_SUPPLEMENTARY_DAY_BOOK","CUMVOUCH"
"1225","PROCEDURE","PR_SUPPL_DAY_BOOK_UID_BAT","CUMVOUCH"
"1226","PROCEDURE","PR_TAXBANK_TRANSACTIONS","CUMVOUCH"
"1227","PROCEDURE","PR_TBFOOTER","CUMVOUCH"
"1228","PROCEDURE","PR_TBFOOTER_ALL","CUMVOUCH"
"1229","PROCEDURE","PR_TB_ACCRUAL","CUMVOUCH"
"1230","PROCEDURE","PR_TB_ACCRUAL_ALL","CUMVOUCH"
"1231","PROCEDURE","PR_TDS_CALCULATION","CUMVOUCH"
"1232","PROCEDURE","PR_TEMP_231018","CUMVOUCH"
"1233","PROCEDURE","PR_TOD_INT_CAL","CUMVOUCH"
"1234","PROCEDURE","PR_TOP_10_TRANSACTION","CUMVOUCH"
"1235","PROCEDURE","PR_TRANSACTIONENTRY","CUMVOUCH"
"1236","PROCEDURE","PR_TRANSACTIONPASSING","CUMVOUCH"
"1237","PROCEDURE","PR_TRAN_PASSING","CUMVOUCH"
"1238","PROCEDURE","PR_TRA_ENTRY","CUMVOUCH"
"1239","PROCEDURE","PR_TRF_OPTOINOP","CUMVOUCH"
"1240","PROCEDURE","PR_TRIAL_BALANCE","CUMVOUCH"
"1241","PROCEDURE","PR_TRIAL_BALANCE_ALL","CUMVOUCH"
"1242","PROCEDURE","PR_TRIAL_BALANCE_NEW","CUMVOUCH"
"1243","PROCEDURE","PR_TRIAL_BALANCE_SCHEMEWISE","CUMVOUCH"
"1244","PROCEDURE","PR_TURNOVER_STAT","CUMVOUCH"
"1245","PROCEDURE","PR_UNCLAIMED_HOSHIFT","CUMVOUCH"
"1246","PROCEDURE","PR_UNCLAIM_DEP","CUMVOUCH"
"1247","PROCEDURE","PR_UNDERCHARGED_INT","CUMVOUCH"
"1248","PROCEDURE","PR_UNTALLY_BATCH","CUMVOUCH"
"1249","PROCEDURE","PR_UPDATE_AC_BAL","CUMVOUCH"
"1250","PROCEDURE","PR_UPDATE_AC_BAL_ACWISE","CUMVOUCH"
"1251","PROCEDURE","PR_UPDATE_FIXLOANCHART","CUMVOUCH"
"1252","PROCEDURE","PR_UPDATE_OVERCHARGED_INT","CUMVOUCH"
"1253","PROCEDURE","PR_UPDATE_TRANTYPE","CUMVOUCH"
"1254","PROCEDURE","PR_UPDCHART_BY_RECOV","CUMVOUCH"
"1255","PROCEDURE","PR_UPDENTBY","CUMVOUCH"
"1256","PROCEDURE","PR_USERWISE_ACTIVITY","CUMVOUCH"
"1257","PROCEDURE","PR_USERWISE_ACTIVITY_DET","CUMVOUCH"
"1258","PROCEDURE","PR_WITH_HOLD_BAL_REVERSE","CUMVOUCH"
"1259","PROCEDURE","PR_WRITEOFF_MODULE_RPT","CUMVOUCH"
"1260","PROCEDURE","PR_YEAREND","CUMVOUCH"
"1261","PROCEDURE","PR_YEAREND_REVOKE","CUMVOUCH"
"1262","PROCEDURE","PR_ZEROBAL_BT_NPAINT","CUMVOUCH"
"1263","PROCEDURE","R_CHANGEAC","CUMVOUCH"
"1264","PROCEDURE","R_CHANGELOANAC","CUMVOUCH"
"1265","PROCEDURE","R_DATA_PURGING_NEW","CUMVOUCH"
"1266","PROCEDURE","R_FDTRANS","CUMVOUCH"
"1267","PROCEDURE","R_FOREINTRANS","CUMVOUCH"
"1268","PROCEDURE","R_GET_LOAN_STATEMENT","CUMVOUCH"
"1269","PROCEDURE","R_GET_TRANSACTION","CUMVOUCH"
"1270","PROCEDURE","R_INTUPD_67","CUMVOUCH"
"1271","PROCEDURE","R_SHCERT","CUMVOUCH"
"1272","PROCEDURE","TDS_IMPORT","CUMVOUCH"
"1273","PROCEDURE","TPR_ACCOUNTCLOSURE","CUMVOUCH"
"1274","VIEW","VW_CUMVOUCH","CUMVOUCH"
"1275","VIEW","VW_INTEREST_ACCRUAL","CUMVOUCH"
"1276","VIEW","VW_RDTRAN","CUMVOUCH"
"1277","FUNCTION","FN_GET_INSTDATE","FIXLOAN_INST_CHART"
"1278","FUNCTION","FN_GET_OUTSTANDING_LOAN","FIXLOAN_INST_CHART"
"1279","FUNCTION","FN_GET_OVERDUEAMOUNT","FIXLOAN_INST_CHART"
"1280","PACKAGE BODY","PKG_AUTO_PROCESS","FIXLOAN_INST_CHART"
"1281","PACKAGE BODY","PKG_GROUP_LOAN","FIXLOAN_INST_CHART"
"1282","PACKAGE BODY","PKG_LOAN_RENEWAL","FIXLOAN_INST_CHART"
"1283","PACKAGE BODY","PKG_LOAN_RESCHEDULE","FIXLOAN_INST_CHART"
"1284","PACKAGE BODY","PKG_LOAN_SOCS_DISBURSEMENT","FIXLOAN_INST_CHART"
"1285","PACKAGE BODY","PKG_LOS_PROCESS","FIXLOAN_INST_CHART"
"1286","PROCEDURE","PRAB_FIXLOANMIG","FIXLOAN_INST_CHART"
"1287","PROCEDURE","PRAB_FIXLOANMIGNEW","FIXLOAN_INST_CHART"
"1288","PROCEDURE","PROC_BUILD_MAIIC_CASHFLOW_REGISTER","FIXLOAN_INST_CHART"
"1289","PROCEDURE","PROC_BUILD_MAIIC_FACILITY_REGISTER","FIXLOAN_INST_CHART"
"1290","PROCEDURE","PR_ACCOUNTCLOSURE","FIXLOAN_INST_CHART"
"1291","PROCEDURE","PR_ACWISE_PLR","FIXLOAN_INST_CHART"
"1292","PROCEDURE","PR_ACWISE_PLR_MONTH","FIXLOAN_INST_CHART"
"1293","PROCEDURE","PR_AUTO_INT_POSTING_SINGLE","FIXLOAN_INST_CHART"
"1294","PROCEDURE","PR_CALL_FIXLOANINSTRPT","FIXLOAN_INST_CHART"
"1295","PROCEDURE","PR_CHARTINST_DIFF_TEMP","FIXLOAN_INST_CHART"
"1296","PROCEDURE","PR_CHARTWISEINSTDETAILS","FIXLOAN_INST_CHART"
"1297","PROCEDURE","PR_CHART_FM_TRANENTRY","FIXLOAN_INST_CHART"
"1298","PROCEDURE","PR_CORRECT_LOAN_DATA","FIXLOAN_INST_CHART"
"1299","PROCEDURE","PR_CRB_INFO","FIXLOAN_INST_CHART"
"1300","PROCEDURE","PR_CUST_ARREARS_SUMMARY","FIXLOAN_INST_CHART"
"1301","PROCEDURE","PR_DCB_GENERAL_REPORT","FIXLOAN_INST_CHART"
"1302","PROCEDURE","PR_DCB_GEN_CLOSEAC_RPT","FIXLOAN_INST_CHART"
"1303","PROCEDURE","PR_DCB_LN_AUDIT_RPT","FIXLOAN_INST_CHART"
"1304","PROCEDURE","PR_DCB_STATEMENT","FIXLOAN_INST_CHART"
"1305","PROCEDURE","PR_DELETE_LOANINT","FIXLOAN_INST_CHART"
"1306","PROCEDURE","PR_DELETE_TRANSACTION","FIXLOAN_INST_CHART"
"1307","PROCEDURE","PR_DEL_MFP","FIXLOAN_INST_CHART"
"1308","PROCEDURE","PR_DISBURSETRAN","FIXLOAN_INST_CHART"
"1309","PROCEDURE","PR_EMAIL_STATEMENTOFAC","FIXLOAN_INST_CHART"
"1310","PROCEDURE","PR_EMICHART_RESCH","FIXLOAN_INST_CHART"
"1311","PROCEDURE","PR_EXCESS_AMT_INFO","FIXLOAN_INST_CHART"
"1312","PROCEDURE","PR_EXCESS_AMT_POST","FIXLOAN_INST_CHART"
"1313","PROCEDURE","PR_FIXLOANINSTRPT","FIXLOAN_INST_CHART"
"1314","PROCEDURE","PR_FIXLOAN_OVD_CALC","FIXLOAN_INST_CHART"
"1315","PROCEDURE","PR_FIX_INST_CHART","FIXLOAN_INST_CHART"
"1316","PROCEDURE","PR_GENERATE_FIXLOANCHART_OLD","FIXLOAN_INST_CHART"
"1317","PROCEDURE","PR_GEN_CHART_MULTIPLEINST","FIXLOAN_INST_CHART"
"1318","PROCEDURE","PR_GEN_CHART_MULTIPLEINST_OLD","FIXLOAN_INST_CHART"
"1319","PROCEDURE","PR_GEN_LOANCHART","FIXLOAN_INST_CHART"
"1320","PROCEDURE","PR_GEN_LOANCHART_JAI","FIXLOAN_INST_CHART"
"1321","PROCEDURE","PR_GEN_LOANCHART_OLD","FIXLOAN_INST_CHART"
"1322","PROCEDURE","PR_GETACCDETAILS","FIXLOAN_INST_CHART"
"1323","PROCEDURE","PR_GET_LN_BALANCE","FIXLOAN_INST_CHART"
"1324","PROCEDURE","PR_GROUP_MEETING_DET","FIXLOAN_INST_CHART"
"1325","PROCEDURE","PR_GRPLN_COLLREPORT","FIXLOAN_INST_CHART"
"1326","PROCEDURE","PR_GRP_REGIONINFO","FIXLOAN_INST_CHART"
"1327","PROCEDURE","PR_IDEAL_CHART_POS","FIXLOAN_INST_CHART"
"1328","PROCEDURE","PR_IFRS9_DCB_REPORT","FIXLOAN_INST_CHART"
"1329","PROCEDURE","PR_INSERTCHART","FIXLOAN_INST_CHART"
"1330","PROCEDURE","PR_INSERTCHART_RSCH","FIXLOAN_INST_CHART"
"1331","PROCEDURE","PR_INST_DETAILS","FIXLOAN_INST_CHART"
"1332","PROCEDURE","PR_INST_DETAILS_NEW","FIXLOAN_INST_CHART"
"1333","PROCEDURE","PR_INTCALRULE78","FIXLOAN_INST_CHART"
"1334","PROCEDURE","PR_INTEREST_POSTING","FIXLOAN_INST_CHART"
"1335","PROCEDURE","PR_INT_SLAB_DET","FIXLOAN_INST_CHART"
"1336","PROCEDURE","PR_LN_INTCAL_ACCRUAL","FIXLOAN_INST_CHART"
"1337","PROCEDURE","PR_LN_INTCAL_CHARTBASE","FIXLOAN_INST_CHART"
"1338","PROCEDURE","PR_LN_REP","FIXLOAN_INST_CHART"
"1339","PROCEDURE","PR_LOAN_BOOK_RPT1","FIXLOAN_INST_CHART"
"1340","PROCEDURE","PR_LOAN_PORTFOLIO_RPT","FIXLOAN_INST_CHART"
"1341","PROCEDURE","PR_MANUAL_SANC_DISB_ENTRY","FIXLOAN_INST_CHART"
"1342","PROCEDURE","PR_MODIFY_INST_CHART","FIXLOAN_INST_CHART"
"1343","PROCEDURE","PR_OVERCHARGED_INT","FIXLOAN_INST_CHART"
"1344","PROCEDURE","PR_OVERDUE_CALC","FIXLOAN_INST_CHART"
"1345","PROCEDURE","PR_PAC_LOAN_TRANSTAT","FIXLOAN_INST_CHART"
"1346","PROCEDURE","PR_POST_CURRENT_INT","FIXLOAN_INST_CHART"
"1347","PROCEDURE","PR_POST_INT_TEMP","FIXLOAN_INST_CHART"
"1348","PROCEDURE","PR_RESCHEDULE","FIXLOAN_INST_CHART"
"1349","PROCEDURE","PR_REUPDATE_FIXLOANINTBAL","FIXLOAN_INST_CHART"
"1350","PROCEDURE","PR_REUPDATE_INT_BAL","FIXLOAN_INST_CHART"
"1351","PROCEDURE","PR_REUPDATE_INT_BAL_NEW","FIXLOAN_INST_CHART"
"1352","PROCEDURE","PR_SETLOANCHART","FIXLOAN_INST_CHART"
"1353","PROCEDURE","PR_SET_GRPLNCHART","FIXLOAN_INST_CHART"
"1354","PROCEDURE","PR_SET_LOANCHART_RECEIVABLE","FIXLOAN_INST_CHART"
"1355","PROCEDURE","PR_UNDERCHARGED_INT","FIXLOAN_INST_CHART"
"1356","PROCEDURE","PR_UPDATE_FIXLOANCHART","FIXLOAN_INST_CHART"
"1357","PROCEDURE","PR_UPDATE_OVERCHARGED_INT","FIXLOAN_INST_CHART"
"1358","PROCEDURE","PR_UPDCHART_BY_RECOV","FIXLOAN_INST_CHART"
"1359","PROCEDURE","PR_WRONG_CHART_INSERT","FIXLOAN_INST_CHART"
"1360","PROCEDURE","R_CHANGELOANAC","FIXLOAN_INST_CHART"
"1361","FUNCTION","FN_GET_DISBURS_AMT","LOAN_DISBURSMENT_SCHEDULE"
"1362","FUNCTION","FN_GET_OVERDUEAMOUNT","LOAN_DISBURSMENT_SCHEDULE"
"1363","PACKAGE","PKG_LOAN_ACCOUNT_MODIFY","LOAN_DISBURSMENT_SCHEDULE"
"1364","PACKAGE BODY","PKG_AUTO_PROCESS","LOAN_DISBURSMENT_SCHEDULE"
"1365","PACKAGE BODY","PKG_LOAN_ACCOUNT_MODIFY","LOAN_DISBURSMENT_SCHEDULE"
"1366","PACKAGE BODY","PKG_LOAN_ACCOUNT_OPENING","LOAN_DISBURSMENT_SCHEDULE"
"1367","PACKAGE BODY","PKG_LOAN_RENEWAL","LOAN_DISBURSMENT_SCHEDULE"
"1368","PACKAGE BODY","PKG_LOAN_RESCHEDULE","LOAN_DISBURSMENT_SCHEDULE"
"1369","PACKAGE BODY","PKG_LOAN_SOCS_DISBURSEMENT","LOAN_DISBURSMENT_SCHEDULE"
"1370","PACKAGE BODY","PKG_LOS_PROCESS","LOAN_DISBURSMENT_SCHEDULE"
"1371","PROCEDURE","PRAB_FIXLOANMIG","LOAN_DISBURSMENT_SCHEDULE"
"1372","PROCEDURE","PRAB_LOANACCOUNT","LOAN_DISBURSMENT_SCHEDULE"
"1373","PROCEDURE","PRAB_LOANACCOUNT_SUNDRY","LOAN_DISBURSMENT_SCHEDULE"
"1374","PROCEDURE","PROC_BUILD_MAIIC_FACILITY_REGISTER","LOAN_DISBURSMENT_SCHEDULE"
"1375","PROCEDURE","PR_ACCOUNT_DETAILS","LOAN_DISBURSMENT_SCHEDULE"
"1376","PROCEDURE","PR_ACWISE_COMMITCHARPOST","LOAN_DISBURSMENT_SCHEDULE"
"1377","PROCEDURE","PR_ACWISE_PLR","LOAN_DISBURSMENT_SCHEDULE"
"1378","PROCEDURE","PR_ACWISE_PLR_MONTH","LOAN_DISBURSMENT_SCHEDULE"
"1379","PROCEDURE","PR_BORROW_DISBURSE","LOAN_DISBURSMENT_SCHEDULE"
"1380","PROCEDURE","PR_CHANGEBRACCOUNT","LOAN_DISBURSMENT_SCHEDULE"
"1381","PROCEDURE","PR_COLLATERAL_RPT","LOAN_DISBURSMENT_SCHEDULE"
"1382","PROCEDURE","PR_CORRECT_LOAN_DATA","LOAN_DISBURSMENT_SCHEDULE"
"1383","PROCEDURE","PR_DAILY_INT_ACCRUAL_NEW","LOAN_DISBURSMENT_SCHEDULE"
"1384","PROCEDURE","PR_DCB_GENERAL_REPORT","LOAN_DISBURSMENT_SCHEDULE"
"1385","PROCEDURE","PR_DCB_GEN_CLOSEAC_RPT","LOAN_DISBURSMENT_SCHEDULE"
"1386","PROCEDURE","PR_DCB_LN_AUDIT_RPT","LOAN_DISBURSMENT_SCHEDULE"
"1387","PROCEDURE","PR_DEL_MFP","LOAN_DISBURSMENT_SCHEDULE"
"1388","PROCEDURE","PR_DISBURSETRAN","LOAN_DISBURSMENT_SCHEDULE"
"1389","PROCEDURE","PR_DISBURSE_REPORT","LOAN_DISBURSMENT_SCHEDULE"
"1390","PROCEDURE","PR_EXCESS_AMT_INFO","LOAN_DISBURSMENT_SCHEDULE"
"1391","PROCEDURE","PR_EXCESS_AMT_POST","LOAN_DISBURSMENT_SCHEDULE"
"1392","PROCEDURE","PR_FIXLOAN_OVD_CALC","LOAN_DISBURSMENT_SCHEDULE"
"1393","PROCEDURE","PR_FIX_INST_CHART","LOAN_DISBURSMENT_SCHEDULE"
"1394","PROCEDURE","PR_GENERATE_FIXLOANCHART","LOAN_DISBURSMENT_SCHEDULE"
"1395","PROCEDURE","PR_GENERATE_FIXLOANCHART_OLD","LOAN_DISBURSMENT_SCHEDULE"
"1396","PROCEDURE","PR_GEN_CHART_MULTIPLEINST","LOAN_DISBURSMENT_SCHEDULE"
"1397","PROCEDURE","PR_GEN_CHART_MULTIPLEINST_OLD","LOAN_DISBURSMENT_SCHEDULE"
"1398","PROCEDURE","PR_GEN_LOANCHART","LOAN_DISBURSMENT_SCHEDULE"
"1399","PROCEDURE","PR_GEN_LOANCHART_JAI","LOAN_DISBURSMENT_SCHEDULE"
"1400","PROCEDURE","PR_GEN_LOANCHART_OLD","LOAN_DISBURSMENT_SCHEDULE"
"1401","PROCEDURE","PR_GETACCDETAILS","LOAN_DISBURSMENT_SCHEDULE"
"1402","PROCEDURE","PR_GET_LN_BALANCE","LOAN_DISBURSMENT_SCHEDULE"
"1403","PROCEDURE","PR_GRP_REGIONINFO","LOAN_DISBURSMENT_SCHEDULE"
"1404","PROCEDURE","PR_IDEAL_CHART_POS","LOAN_DISBURSMENT_SCHEDULE"
"1405","PROCEDURE","PR_IFRS9_DCB_REPORT","LOAN_DISBURSMENT_SCHEDULE"
"1406","PROCEDURE","PR_INST_DETAILS","LOAN_DISBURSMENT_SCHEDULE"
"1407","PROCEDURE","PR_INST_DETAILS_NEW","LOAN_DISBURSMENT_SCHEDULE"
"1408","PROCEDURE","PR_INT_INC_REPT","LOAN_DISBURSMENT_SCHEDULE"
"1409","PROCEDURE","PR_INT_SLAB_DET","LOAN_DISBURSMENT_SCHEDULE"
"1410","PROCEDURE","PR_LN_DEPO_REP","LOAN_DISBURSMENT_SCHEDULE"
"1411","PROCEDURE","PR_LN_REP","LOAN_DISBURSMENT_SCHEDULE"
"1412","PROCEDURE","PR_LOAN_BY_INDUSTRY","LOAN_DISBURSMENT_SCHEDULE"
"1413","PROCEDURE","PR_LOAN_DAILY_RPT","LOAN_DISBURSMENT_SCHEDULE"
"1414","PROCEDURE","PR_LOAN_DISB_REPORT","LOAN_DISBURSMENT_SCHEDULE"
"1415","PROCEDURE","PR_MANUAL_ACCOUNT_OPENING","LOAN_DISBURSMENT_SCHEDULE"
"1416","PROCEDURE","PR_MANUAL_SANC_DISB_ENTRY","LOAN_DISBURSMENT_SCHEDULE"
"1417","PROCEDURE","PR_MINORITY_WITH_PRIORITY_1","LOAN_DISBURSMENT_SCHEDULE"
"1418","PROCEDURE","PR_MODIFY_INST_CHART","LOAN_DISBURSMENT_SCHEDULE"
"1419","PROCEDURE","PR_OFFER_LETTER","LOAN_DISBURSMENT_SCHEDULE"
"1420","PROCEDURE","PR_OVERCHARGED_INT","LOAN_DISBURSMENT_SCHEDULE"
"1421","PROCEDURE","PR_OVERDUE_CALC_FIXLOAN","LOAN_DISBURSMENT_SCHEDULE"
"1422","PROCEDURE","PR_PACPENDINGTRANS","LOAN_DISBURSMENT_SCHEDULE"
"1423","PROCEDURE","PR_PURPOSE_WISE_DISB","LOAN_DISBURSMENT_SCHEDULE"
"1424","PROCEDURE","PR_RBI_MINORITY_DETAILS","LOAN_DISBURSMENT_SCHEDULE"
"1425","PROCEDURE","PR_RBI_STATEMENT_3","LOAN_DISBURSMENT_SCHEDULE"
"1426","PROCEDURE","PR_RESCHEDULE","LOAN_DISBURSMENT_SCHEDULE"
"1427","PROCEDURE","PR_RESTRUCTURED_LN_RPT","LOAN_DISBURSMENT_SCHEDULE"
"1428","PROCEDURE","PR_SET_DAILY_ACCRUAL","LOAN_DISBURSMENT_SCHEDULE"
"1429","PROCEDURE","PR_SET_GRPLNCHART","LOAN_DISBURSMENT_SCHEDULE"
"1430","PROCEDURE","PR_SOCACPURPWISE_INFO","LOAN_DISBURSMENT_SCHEDULE"
"1431","PROCEDURE","PR_SOSC_SHAREDEDUCT_INFO","LOAN_DISBURSMENT_SCHEDULE"
"1432","PROCEDURE","PR_TEMP_231018","LOAN_DISBURSMENT_SCHEDULE"
"1433","PROCEDURE","PR_UNDERCHARGED_INT","LOAN_DISBURSMENT_SCHEDULE"
"1434","PROCEDURE","PR_UPDATE_FIXLOANCHART","LOAN_DISBURSMENT_SCHEDULE"
"1435","PROCEDURE","PR_UPDENTBY","LOAN_DISBURSMENT_SCHEDULE"
"1436","PROCEDURE","PR_WRONG_CHART_INSERT","LOAN_DISBURSMENT_SCHEDULE"
"1437","PROCEDURE","R_CHANGELOANAC","LOAN_DISBURSMENT_SCHEDULE"
"1438","PROCEDURE","R_INSERT_CHART","LOAN_DISBURSMENT_SCHEDULE"
"1439","PROCEDURE","R_OVCHARGEINT","LOAN_DISBURSMENT_SCHEDULE"
"1440","PROCEDURE","R_UPDMULTIINST","LOAN_DISBURSMENT_SCHEDULE"
"1441","PACKAGE BODY","PKG_LOAN_RESCHEDULE","LOAN_RESCHEDULE_DETAILS"
"1442","PROCEDURE","PROC_BUILD_MAIIC_FACILITY_REGISTER","LOAN_RESCHEDULE_DETAILS"
"1443","PROCEDURE","PR_CRB_CLOSEAC_RPT","LOAN_RESCHEDULE_DETAILS"
"1444","PROCEDURE","PR_CRB_FILE","LOAN_RESCHEDULE_DETAILS"
"1445","PROCEDURE","PR_CRB_INFO","LOAN_RESCHEDULE_DETAILS"
"1446","PROCEDURE","PR_DISBURSE_REPORT","LOAN_RESCHEDULE_DETAILS"
"1447","PROCEDURE","PR_IFRS9_DCB_REPORT","LOAN_RESCHEDULE_DETAILS"
"1448","PROCEDURE","PR_RESTRUCTURED_LN_RPT","LOAN_RESCHEDULE_DETAILS"
"1449","PACKAGE BODY","PKG_WRITEOFF_MODULE","LOAN_WRITEOFF_MASTER"
"1450","PROCEDURE","PROC_BUILD_MAIIC_CASHFLOW_REGISTER","LOAN_WRITEOFF_MASTER"
"1451","PROCEDURE","PROC_BUILD_MAIIC_FACILITY_REGISTER","LOAN_WRITEOFF_MASTER"
"1452","PROCEDURE","PR_TRANSACTIONENTRY","LOAN_WRITEOFF_MASTER"
"1453","PROCEDURE","PR_TRANSACTIONPASSING","LOAN_WRITEOFF_MASTER"
"1454","PROCEDURE","PR_WRITEOFF_MODULE_RPT","LOAN_WRITEOFF_MASTER"
"1455","PACKAGE BODY","PKG_WRITEOFF_MODULE","LOAN_WRITEOFF_TRANS"
"1456","PROCEDURE","PR_IFRS9_WRITEOFF_RPT","LOAN_WRITEOFF_TRANS"
"1457","PROCEDURE","PR_STATEMENTOFAC","LOAN_WRITEOFF_TRANS"
"1458","PROCEDURE","PR_TRANSACTIONENTRY","LOAN_WRITEOFF_TRANS"
"1459","PROCEDURE","PR_TRANSACTIONPASSING","LOAN_WRITEOFF_TRANS"
"1460","PROCEDURE","PR_WRITEOFF_MODULE_RPT","LOAN_WRITEOFF_TRANS"
"1461","FUNCTION","FN_ALM_INSTAMT_BETDATES","MULTI_INST_DETAILS"
"1462","FUNCTION","FN_CREATE_SMSSTRING","MULTI_INST_DETAILS"
"1463","FUNCTION","FN_GETLOANINSTAMT","MULTI_INST_DETAILS"
"1464","FUNCTION","FN_GET_OUTSTANDING_LOAN","MULTI_INST_DETAILS"
"1465","FUNCTION","FN_GET_OVERDUEAMOUNT","MULTI_INST_DETAILS"
"1466","FUNCTION","FN_INSTEXITSORNOT","MULTI_INST_DETAILS"
"1467","PACKAGE","PKG_LOAN_RENEWAL","MULTI_INST_DETAILS"
"1468","PACKAGE","PKG_LOAN_RESCHEDULE","MULTI_INST_DETAILS"
"1469","PACKAGE BODY","PKG_AUTO_PROCESS","MULTI_INST_DETAILS"
"1470","PACKAGE BODY","PKG_LOAN_ACCOUNT_OPENING","MULTI_INST_DETAILS"
"1471","PACKAGE BODY","PKG_LOAN_RENEWAL","MULTI_INST_DETAILS"
"1472","PACKAGE BODY","PKG_LOAN_RESCHEDULE","MULTI_INST_DETAILS"
"1473","PACKAGE BODY","PKG_LOAN_SOCS_DISBURSEMENT","MULTI_INST_DETAILS"
"1474","PACKAGE BODY","PKG_LOS_PROCESS","MULTI_INST_DETAILS"
"1475","PROCEDURE","PRAB_FIXLOANMIG","MULTI_INST_DETAILS"
"1476","PROCEDURE","PRAB_FIXLOANMIGNEW","MULTI_INST_DETAILS"
"1477","PROCEDURE","PRAB_LOANACCOUNT","MULTI_INST_DETAILS"
"1478","PROCEDURE","PRAB_LOANACCOUNT_SUNDRY","MULTI_INST_DETAILS"
"1479","PROCEDURE","PROC_BUILD_MAIIC_FACILITY_REGISTER","MULTI_INST_DETAILS"
"1480","PROCEDURE","PR_ACCOUNT_DETAILS","MULTI_INST_DETAILS"
"1481","PROCEDURE","PR_ACWISE_COMMITCHARPOST","MULTI_INST_DETAILS"
"1482","PROCEDURE","PR_ACWISE_PLR","MULTI_INST_DETAILS"
"1483","PROCEDURE","PR_ACWISE_PLR_MONTH","MULTI_INST_DETAILS"
"1484","PROCEDURE","PR_ATM_LOAN_ACC_OPENING","MULTI_INST_DETAILS"
"1485","PROCEDURE","PR_AUTO_INT_POSTING_SINGLE","MULTI_INST_DETAILS"
"1486","PROCEDURE","PR_BORROW_DISBURSE","MULTI_INST_DETAILS"
"1487","PROCEDURE","PR_CHANGEBRACCOUNT","MULTI_INST_DETAILS"
"1488","PROCEDURE","PR_CHARTINST_DIFF_TEMP","MULTI_INST_DETAILS"
"1489","PROCEDURE","PR_CHART_FM_TRANENTRY","MULTI_INST_DETAILS"
"1490","PROCEDURE","PR_CORRECT_LOAN_DATA","MULTI_INST_DETAILS"
"1491","PROCEDURE","PR_CRB_CLOSEAC_RPT","MULTI_INST_DETAILS"
"1492","PROCEDURE","PR_CRB_FILE","MULTI_INST_DETAILS"
"1493","PROCEDURE","PR_CRB_INFO","MULTI_INST_DETAILS"
"1494","PROCEDURE","PR_DAILY_GRPINT_ACCRUAL","MULTI_INST_DETAILS"
"1495","PROCEDURE","PR_DAILY_INT_ACCRUAL_ACWISE","MULTI_INST_DETAILS"
"1496","PROCEDURE","PR_DAILY_INT_ACCRUAL_NEW","MULTI_INST_DETAILS"
"1497","PROCEDURE","PR_DAILY_INT_ACCRUAL_TEST","MULTI_INST_DETAILS"
"1498","PROCEDURE","PR_DAILY_INT_FORNONPOSTED","MULTI_INST_DETAILS"
"1499","PROCEDURE","PR_DCB_GENERAL_REPORT","MULTI_INST_DETAILS"
"1500","PROCEDURE","PR_DCB_GEN_CLOSEAC_RPT","MULTI_INST_DETAILS"
"1501","PROCEDURE","PR_DCB_LN_AUDIT_RPT","MULTI_INST_DETAILS"
"1502","PROCEDURE","PR_DCB_STATEMENT","MULTI_INST_DETAILS"
"1503","PROCEDURE","PR_DEL_MFP","MULTI_INST_DETAILS"
"1504","PROCEDURE","PR_DISBURSETRAN","MULTI_INST_DETAILS"
"1505","PROCEDURE","PR_EMAIL_STATEMENTOFAC","MULTI_INST_DETAILS"
"1506","PROCEDURE","PR_EMAIL_STATEMENTOFAC_OLD","MULTI_INST_DETAILS"
"1507","PROCEDURE","PR_EXCESS_AMT_INFO","MULTI_INST_DETAILS"
"1508","PROCEDURE","PR_EXCESS_AMT_POST","MULTI_INST_DETAILS"
"1509","PROCEDURE","PR_FIXLOAN_OVD_CALC","MULTI_INST_DETAILS"
"1510","PROCEDURE","PR_FIX_INST_CHART","MULTI_INST_DETAILS"
"1511","PROCEDURE","PR_GENERATE_FIXLOANCHART","MULTI_INST_DETAILS"
"1512","PROCEDURE","PR_GENERATE_FIXLOANCHART_OLD","MULTI_INST_DETAILS"
"1513","PROCEDURE","PR_GEN_ACCBAL_HISTORY","MULTI_INST_DETAILS"
"1514","PROCEDURE","PR_GEN_ACC_BAL_CONSOL","MULTI_INST_DETAILS"
"1515","PROCEDURE","PR_GEN_CHART_MULTIPLEINST","MULTI_INST_DETAILS"
"1516","PROCEDURE","PR_GEN_CHART_MULTIPLEINST_OLD","MULTI_INST_DETAILS"
"1517","PROCEDURE","PR_GEN_LOANCHART","MULTI_INST_DETAILS"
"1518","PROCEDURE","PR_GEN_LOANCHART_JAI","MULTI_INST_DETAILS"
"1519","PROCEDURE","PR_GEN_LOANCHART_OLD","MULTI_INST_DETAILS"
"1520","PROCEDURE","PR_GETACCDETAILS","MULTI_INST_DETAILS"
"1521","PROCEDURE","PR_GETOVDPRINDATE","MULTI_INST_DETAILS"
"1522","PROCEDURE","PR_GETRECEIVABLE","MULTI_INST_DETAILS"
"1523","PROCEDURE","PR_GET_LN_BALANCE","MULTI_INST_DETAILS"
"1524","PROCEDURE","PR_GET_LOAN_DATA","MULTI_INST_DETAILS"
"1525","PROCEDURE","PR_GET_OVDDETAILS","MULTI_INST_DETAILS"
"1526","PROCEDURE","PR_GRPLN_COLLREPORT","MULTI_INST_DETAILS"
"1527","PROCEDURE","PR_IDEAL_CHART_POS","MULTI_INST_DETAILS"
"1528","PROCEDURE","PR_IFRS9_DCB_REPORT","MULTI_INST_DETAILS"
"1529","PROCEDURE","PR_INET_AC_DETAILS","MULTI_INST_DETAILS"
"1530","PROCEDURE","PR_INSERTCHART","MULTI_INST_DETAILS"
"1531","PROCEDURE","PR_INSERTCHART_RSCH","MULTI_INST_DETAILS"
"1532","PROCEDURE","PR_INSERT_COMMITMENTAC","MULTI_INST_DETAILS"
"1533","PROCEDURE","PR_INST_DETAILS_NEW","MULTI_INST_DETAILS"
"1534","PROCEDURE","PR_INTEREST_POSTING","MULTI_INST_DETAILS"
"1535","PROCEDURE","PR_INT_ACCRUAL_SINGLE","MULTI_INST_DETAILS"
"1536","PROCEDURE","PR_INT_SLAB_DET","MULTI_INST_DETAILS"
"1537","PROCEDURE","PR_INT_SLAB_DET_OLD","MULTI_INST_DETAILS"
"1538","PROCEDURE","PR_LN_DEPO_REP","MULTI_INST_DETAILS"
"1539","PROCEDURE","PR_LN_REP","MULTI_INST_DETAILS"
"1540","PROCEDURE","PR_LOANINTCERTI","MULTI_INST_DETAILS"
"1541","PROCEDURE","PR_LOAN_INT_CALC_DAILY","MULTI_INST_DETAILS"
"1542","PROCEDURE","PR_MANUAL_ACCOUNT_OPENING","MULTI_INST_DETAILS"
"1543","PROCEDURE","PR_MANUAL_SANC_DISB_ENTRY","MULTI_INST_DETAILS"
"1544","PROCEDURE","PR_MANUAL_SMS","MULTI_INST_DETAILS"
"1545","PROCEDURE","PR_MODIFY_INST_CHART","MULTI_INST_DETAILS"
"1546","PROCEDURE","PR_NEWLOAN_BIFURCATION","MULTI_INST_DETAILS"
"1547","PROCEDURE","PR_NEWLOAN_STATEMENTOFAC","MULTI_INST_DETAILS"
"1548","PROCEDURE","PR_OFFER_LETTER","MULTI_INST_DETAILS"
"1549","PROCEDURE","PR_OVERCHARGED_INT","MULTI_INST_DETAILS"
"1550","PROCEDURE","PR_OVERDUE_CALC_FIXLOAN","MULTI_INST_DETAILS"
"1551","PROCEDURE","PR_OVERDUE_NPA_VALID","MULTI_INST_DETAILS"
"1552","PROCEDURE","PR_OVERDUE_RECOVERY","MULTI_INST_DETAILS"
"1553","PROCEDURE","PR_PACPENDINGTRANS","MULTI_INST_DETAILS"
"1554","PROCEDURE","PR_RESCHEDULE","MULTI_INST_DETAILS"
"1555","PROCEDURE","PR_SET_DAILY_ACCRUAL","MULTI_INST_DETAILS"
"1556","PROCEDURE","PR_SET_GRPLNCHART","MULTI_INST_DETAILS"
"1557","PROCEDURE","PR_SMS_MANUAL","MULTI_INST_DETAILS"
"1558","PROCEDURE","PR_SOCACPURPWISE_INFO","MULTI_INST_DETAILS"
"1559","PROCEDURE","PR_UNDERCHARGED_INT","MULTI_INST_DETAILS"
"1560","PROCEDURE","PR_UPDATE_FIXLOANCHART","MULTI_INST_DETAILS"
"1561","PROCEDURE","PR_UPDATE_LOAN_DETAILS","MULTI_INST_DETAILS"
"1562","PROCEDURE","PR_UPDCHART_BY_RECOV","MULTI_INST_DETAILS"
"1563","PROCEDURE","PR_UPDENTBY","MULTI_INST_DETAILS"
"1564","PROCEDURE","PR_WRONG_CHART_INSERT","MULTI_INST_DETAILS"
"1565","PROCEDURE","R_CHANGELOANAC","MULTI_INST_DETAILS"
"1566","PROCEDURE","R_INSERT_CHART","MULTI_INST_DETAILS"
"1567","PROCEDURE","R_UPDMULTIINST","MULTI_INST_DETAILS"
"1568","VIEW","VW_LOAN_INFO","MULTI_INST_DETAILS"
"1569","FUNCTION","FN_CHEQUEBOOKVALIDATION","SCHEME_MASTER"
"1570","FUNCTION","FN_GETCUMVOUSBBAL","SCHEME_MASTER"
"1571","FUNCTION","FN_GETINTSLABDET","SCHEME_MASTER"
"1572","FUNCTION","FN_GETNETBAL","SCHEME_MASTER"
"1573","FUNCTION","FN_GETSCHEMENAME","SCHEME_MASTER"
"1574","FUNCTION","FN_GETSLABEXISTORNOT","SCHEME_MASTER"
"1575","FUNCTION","FN_GETWITHDRAWBAL","SCHEME_MASTER"
"1576","FUNCTION","FN_GETWITHDRAWBAL_NEW","SCHEME_MASTER"
"1577","FUNCTION","FN_GET_GL_SCHEME_TITLE","SCHEME_MASTER"
"1578","FUNCTION","FN_GET_OVERDUEAMOUNT","SCHEME_MASTER"
"1579","PACKAGE","PKG_GROUP_LOAN","SCHEME_MASTER"
"1580","PACKAGE","PKG_INTERNET_BANKING","SCHEME_MASTER"
"1581","PACKAGE BODY","PKG_ACCOUNT_OPENING","SCHEME_MASTER"
"1582","PACKAGE BODY","PKG_AGENCY_BANKING","SCHEME_MASTER"
"1583","PACKAGE BODY","PKG_AGENCY_BANKING_API","SCHEME_MASTER"
"1584","PACKAGE BODY","PKG_AGENCY_BANKING_LIVE","SCHEME_MASTER"
"1585","PACKAGE BODY","PKG_ATM_PROCESS","SCHEME_MASTER"
"1586","PACKAGE BODY","PKG_AUTO_PROCESS","SCHEME_MASTER"
"1587","PACKAGE BODY","PKG_BANK_GUARANTEE","SCHEME_MASTER"
"1588","PACKAGE BODY","PKG_GROUP_LOAN","SCHEME_MASTER"
"1589","PACKAGE BODY","PKG_INTERNET_BANKING","SCHEME_MASTER"
"1590","PACKAGE BODY","PKG_INV_GOVT_TRAN","SCHEME_MASTER"
"1591","PACKAGE BODY","PKG_LOAN_RENEWAL","SCHEME_MASTER"
"1592","PACKAGE BODY","PKG_LOAN_RESCHEDULE","SCHEME_MASTER"
"1593","PACKAGE BODY","PKG_LOS_PROCESS","SCHEME_MASTER"
"1594","PACKAGE BODY","PKG_MOBILE_BANKING","SCHEME_MASTER"
"1595","PROCEDURE","PRAB_LOANACCOUNT","SCHEME_MASTER"
"1596","PROCEDURE","PRAB_LOANACCOUNT_SUNDRY","SCHEME_MASTER"
"1597","PROCEDURE","PROC_BUILD_MAIIC_CASHFLOW_REGISTER","SCHEME_MASTER"
"1598","PROCEDURE","PROC_BUILD_MAIIC_FACILITY_REGISTER","SCHEME_MASTER"
"1599","PROCEDURE","PROC_BUILD_MAIIC_GL_INTEREST_RECON","SCHEME_MASTER"
"1600","PROCEDURE","PR_ABB_TRANSACTION","SCHEME_MASTER"
"1601","PROCEDURE","PR_ACCLOSE_ENQUIRY","SCHEME_MASTER"
"1602","PROCEDURE","PR_ACCOUNTCLOSURE","SCHEME_MASTER"
"1603","PROCEDURE","PR_ACCOUNTVALIDATION","SCHEME_MASTER"
"1604","PROCEDURE","PR_ACCOUNT_DETAILS","SCHEME_MASTER"
"1605","PROCEDURE","PR_ACWISE_PLR","SCHEME_MASTER"
"1606","PROCEDURE","PR_ACWISE_PLR_MONTH","SCHEME_MASTER"
"1607","PROCEDURE","PR_AC_SHORTINFO","SCHEME_MASTER"
"1608","PROCEDURE","PR_ATM_LOAN_ACC_OPENING","SCHEME_MASTER"
"1609","PROCEDURE","PR_AUTO_INT_POSTING_SINGLE","SCHEME_MASTER"
"1610","PROCEDURE","PR_BORROWINSERTCHART","SCHEME_MASTER"
"1611","PROCEDURE","PR_BORROW_DISBURSE","SCHEME_MASTER"
"1612","PROCEDURE","PR_BORROW_INTEREST_CALC","SCHEME_MASTER"
"1613","PROCEDURE","PR_CHARGES_CALC","SCHEME_MASTER"
"1614","PROCEDURE","PR_CHARTINST_DIFF_TEMP","SCHEME_MASTER"
"1615","PROCEDURE","PR_CHECK_INWARD_VALIDATION","SCHEME_MASTER"
"1616","PROCEDURE","PR_CHECK_INWARD_VALID_PASS","SCHEME_MASTER"
"1617","PROCEDURE","PR_CHECK_INWARD_VALID_VERIFY","SCHEME_MASTER"
"1618","PROCEDURE","PR_CRM_LOAN_RPAY_SCHED_MICHART","SCHEME_MASTER"
"1619","PROCEDURE","PR_CTS_FILE","SCHEME_MASTER"
"1620","PROCEDURE","PR_CTS_FILE_GENERATE","SCHEME_MASTER"
"1621","PROCEDURE","PR_DAILY_INT_ACCRUAL_ACWISE","SCHEME_MASTER"
"1622","PROCEDURE","PR_DAILY_INT_ACCRUAL_NEW","SCHEME_MASTER"
"1623","PROCEDURE","PR_DAILY_INT_FORNONPOSTED","SCHEME_MASTER"
"1624","PROCEDURE","PR_DAYWISEINTCALC","SCHEME_MASTER"
"1625","PROCEDURE","PR_DCB_GEN_CLOSEAC_RPT","SCHEME_MASTER"
"1626","PROCEDURE","PR_DCB_LN_AUDIT_RPT","SCHEME_MASTER"
"1627","PROCEDURE","PR_DCB_STATEMENT","SCHEME_MASTER"
"1628","PROCEDURE","PR_DELETE_TRANSACTION","SCHEME_MASTER"
"1629","PROCEDURE","PR_DEPOSITENQUIRY","SCHEME_MASTER"
"1630","PROCEDURE","PR_DIFF_LOAN_INTCAL","SCHEME_MASTER"
"1631","PROCEDURE","PR_DIFF_LOAN_INTCAL2","SCHEME_MASTER"
"1632","PROCEDURE","PR_DISBURSETRAN","SCHEME_MASTER"
"1633","PROCEDURE","PR_DIVIDEND_CALC","SCHEME_MASTER"
"1634","PROCEDURE","PR_EMAIL_STATEMENTOFAC","SCHEME_MASTER"
"1635","PROCEDURE","PR_FDINTCALC_DAYBEGIN","SCHEME_MASTER"
"1636","PROCEDURE","PR_FDINTCALC_TDS","SCHEME_MASTER"
"1637","PROCEDURE","PR_FDINTERESTCALC","SCHEME_MASTER"
"1638","PROCEDURE","PR_FDINTERESTCALC_MATU","SCHEME_MASTER"
"1639","PROCEDURE","PR_FDINT_WITH_LIENINT","SCHEME_MASTER"
"1640","PROCEDURE","PR_FD_MATURITY","SCHEME_MASTER"
"1641","PROCEDURE","PR_FIX_INST_CHART","SCHEME_MASTER"
"1642","PROCEDURE","PR_FLAT_LOANINTCALC_ACCLO","SCHEME_MASTER"
"1643","PROCEDURE","PR_FLEXIINTCALCULATION","SCHEME_MASTER"
"1644","PROCEDURE","PR_GENERATE_FIXLOANCHART","SCHEME_MASTER"
"1645","PROCEDURE","PR_GENERATE_FIXLOANCHART_OLD","SCHEME_MASTER"
"1646","PROCEDURE","PR_GEN_CHART_MULTIPLEINST","SCHEME_MASTER"
"1647","PROCEDURE","PR_GEN_CHART_MULTIPLEINST_OLD","SCHEME_MASTER"
"1648","PROCEDURE","PR_GEN_LOANCHART","SCHEME_MASTER"
"1649","PROCEDURE","PR_GEN_LOANCHART_JAI","SCHEME_MASTER"
"1650","PROCEDURE","PR_GEN_LOANCHART_OLD","SCHEME_MASTER"
"1651","PROCEDURE","PR_GEN_MONTHEND_BAL","SCHEME_MASTER"
"1652","PROCEDURE","PR_GETACCDETAILS","SCHEME_MASTER"
"1653","PROCEDURE","PR_GETACDETAILS","SCHEME_MASTER"
"1654","PROCEDURE","PR_GETINTPLRDET","SCHEME_MASTER"
"1655","PROCEDURE","PR_GETMATUDET","SCHEME_MASTER"
"1656","PROCEDURE","PR_GETMATUDET_TEMP","SCHEME_MASTER"
"1657","PROCEDURE","PR_GETPREMATMATURATE","SCHEME_MASTER"
"1658","PROCEDURE","PR_GETSCHEMEDET","SCHEME_MASTER"
"1659","PROCEDURE","PR_GET_BALANCING","SCHEME_MASTER"
"1660","PROCEDURE","PR_GET_BALANCING1","SCHEME_MASTER"
"1661","PROCEDURE","PR_GET_BALANCING_FOR_LOANS","SCHEME_MASTER"
"1662","PROCEDURE","PR_GET_BALANCING_NEW","SCHEME_MASTER"
"1663","PROCEDURE","PR_GET_INV_MATUDET","SCHEME_MASTER"
"1664","PROCEDURE","PR_GET_MATURITYAMT","SCHEME_MASTER"
"1665","PROCEDURE","PR_GET_OVDDETAILS","SCHEME_MASTER"
"1666","PROCEDURE","PR_GET_RTGS_COMDET","SCHEME_MASTER"
"1667","PROCEDURE","PR_IFRS9_DCB_REPORT","SCHEME_MASTER"
"1668","PROCEDURE","PR_INSERTCHART","SCHEME_MASTER"
"1669","PROCEDURE","PR_INSERTCHART_RSCH","SCHEME_MASTER"
"1670","PROCEDURE","PR_INTCALRULE78","SCHEME_MASTER"
"1671","PROCEDURE","PR_INTERBRANCH_TRANSACTION","SCHEME_MASTER"
"1672","PROCEDURE","PR_INTEREST_POSTING","SCHEME_MASTER"
"1673","PROCEDURE","PR_INTREC_ZERO","SCHEME_MASTER"
"1674","PROCEDURE","PR_INT_ACCRUAL_SINGLE","SCHEME_MASTER"
"1675","PROCEDURE","PR_INT_SLAB_DET","SCHEME_MASTER"
"1676","PROCEDURE","PR_INT_SLAB_DET_OLD","SCHEME_MASTER"
"1677","PROCEDURE","PR_INVCALL_PROVISION","SCHEME_MASTER"
"1678","PROCEDURE","PR_INV_INTEREST_CALC","SCHEME_MASTER"
"1679","PROCEDURE","PR_INV_INTEREST_STAT","SCHEME_MASTER"
"1680","PROCEDURE","PR_LN_INTCAL_ACCRUAL","SCHEME_MASTER"
"1681","PROCEDURE","PR_LN_INTCAL_CHARTBASE","SCHEME_MASTER"
"1682","PROCEDURE","PR_LOANCHART_BY_INSTAMT","SCHEME_MASTER"
"1683","PROCEDURE","PR_LOANCHART_BY_INSTAMT_1","SCHEME_MASTER"
"1684","PROCEDURE","PR_LOANCHART_BY_INSTAMT_NEW","SCHEME_MASTER"
"1685","PROCEDURE","PR_LOAN_INTCAL_DLY_SINGLE","SCHEME_MASTER"
"1686","PROCEDURE","PR_LOAN_INTCAL_MON_SINGLE","SCHEME_MASTER"
"1687","PROCEDURE","PR_LOAN_INTCAL_SINGLE","SCHEME_MASTER"
"1688","PROCEDURE","PR_LOAN_INT_CALC","SCHEME_MASTER"
"1689","PROCEDURE","PR_LOAN_INT_CALC_DAILY","SCHEME_MASTER"
"1690","PROCEDURE","PR_LOAN_INT_CALC_FLAT","SCHEME_MASTER"
"1691","PROCEDURE","PR_LOAN_INT_CALC_MONTHLY","SCHEME_MASTER"
"1692","PROCEDURE","PR_MANUAL_ACCOUNT_OPENING","SCHEME_MASTER"
"1693","PROCEDURE","PR_MANUAL_SANC_DISB_ENTRY","SCHEME_MASTER"
"1694","PROCEDURE","PR_MODIFY_INST_CHART","SCHEME_MASTER"
"1695","PROCEDURE","PR_MONTHLY_SBINT_TEMP","SCHEME_MASTER"
"1696","PROCEDURE","PR_OP_RENEW_AC","SCHEME_MASTER"
"1697","PROCEDURE","PR_OVERDUE_CALC","SCHEME_MASTER"
"1698","PROCEDURE","PR_OVERDUE_CALC_FIXLOAN","SCHEME_MASTER"
"1699","PROCEDURE","PR_PIGMY_INT_CAL","SCHEME_MASTER"
"1700","PROCEDURE","PR_PIGMY_INT_MATU","SCHEME_MASTER"
"1701","PROCEDURE","PR_PIGMY_MATURITY","SCHEME_MASTER"
"1702","PROCEDURE","PR_PLR_MASTER_RATE","SCHEME_MASTER"
"1703","PROCEDURE","PR_POST_CURRENT_INT","SCHEME_MASTER"
"1704","PROCEDURE","PR_POST_INT_TEMP","SCHEME_MASTER"
"1705","PROCEDURE","PR_POST_PAYFREQCHARGES","SCHEME_MASTER"
"1706","PROCEDURE","PR_RDMATURITY","SCHEME_MASTER"
"1707","PROCEDURE","PR_RD_INTEREST_CALC","SCHEME_MASTER"
"1708","PROCEDURE","PR_RD_INTEREST_MATU","SCHEME_MASTER"
"1709","PROCEDURE","PR_RECEIVABL_POSTING","SCHEME_MASTER"
"1710","PROCEDURE","PR_RECEIVABL_POSTING_TEMP","SCHEME_MASTER"
"1711","PROCEDURE","PR_SALARY_AGINST_LOAN","SCHEME_MASTER"
"1712","PROCEDURE","PR_SAVING_INT_CALC_MULTI","SCHEME_MASTER"
"1713","PROCEDURE","PR_SB_INTEREST_CALC","SCHEME_MASTER"
"1714","PROCEDURE","PR_SB_INTEREST_CALC_FRDT","SCHEME_MASTER"
"1715","PROCEDURE","PR_SB_INT_PROD","SCHEME_MASTER"
"1716","PROCEDURE","PR_SB_INT_PRODUCT","SCHEME_MASTER"
"1717","PROCEDURE","PR_SCHEME_MASTER","SCHEME_MASTER"
"1718","PROCEDURE","PR_SETLOANCHART","SCHEME_MASTER"
"1719","PROCEDURE","PR_SMS_MANUAL","SCHEME_MASTER"
"1720","PROCEDURE","PR_SOSC_SHAREDEDUCT_INFO","SCHEME_MASTER"
"1721","PROCEDURE","PR_SUNDRY_ACOPEN","SCHEME_MASTER"
"1722","PROCEDURE","PR_TOD_INT_CAL","SCHEME_MASTER"
"1723","PROCEDURE","PR_TOD_REPORT","SCHEME_MASTER"
"1724","PROCEDURE","PR_TRANSACTIONENTRY","SCHEME_MASTER"
"1725","PROCEDURE","PR_UPDATE_AC_BAL","SCHEME_MASTER"
"1726","PROCEDURE","PR_UPDATE_AC_BAL_ACWISE","SCHEME_MASTER"
"1727","PROCEDURE","PR_UPDATE_FIXLOANCHART","SCHEME_MASTER"
"1728","PROCEDURE","PR_UPDATE_OVERCHARGED_INT","SCHEME_MASTER"
"1729","PROCEDURE","PR_WRONG_CHART_INSERT","SCHEME_MASTER"
"1730","PROCEDURE","R_OTHER_MAST","SCHEME_MASTER"
"1731","PROCEDURE","TPR_ACCOUNTCLOSURE","SCHEME_MASTER"
