"   ","OWNER","TABLE_NAME","NUM_ROWS","STATS_DATE"
"1","VGCBS","ACCOUNT_BALANCE","75607","2026-08-07"
"2","VGCBS","ACLOANMASTER","7154","2026-06-13"
"3","VGCBS","ACMASTER","10862","2026-09-28"
"4","VGCBS","CUMVOUCH","395162","2026-09-02"
"5","VGCBS","CUSTOMER_MAST","4885","2026-06-30"
"6","VGCBS","FIXLOAN_INST_CHART","95609","2026-08-03"
"7","VGCBS","GLMASTER","533","2026-10-05"
"8","VGCBS","LOAN_DISBURSMENT_SCHEDULE","6880","2026-06-13"
"9","VGCBS","LOAN_RESCHEDULE_DETAILS","0","2026-06-13"
"10","VGCBS","LOAN_WRITEOFF_MASTER","0","2026-06-13"
"11","VGCBS","LOAN_WRITEOFF_TRANS","0","2026-06-13"
"12","VGCBS","MULTI_INST_DETAILS","8544","2026-06-13"
"13","VGCBS","SCHEME_MASTER","114","2026-06-13"
