"   ","AC_GLCODE","GLTITLE","TRANTYPE","POSTINGS","NET_AMOUNT","FIRST_POSTING","LAST_POSTING"
"1","1050101","MAIIC Agricultural Loans","120","3","2983603.62","2025-12-31","2025-12-31"
"2","1050101","MAIIC Agricultural Loans","300","1","10244624.69","2024-08-31","2024-08-31"
"3","1050101","MAIIC Agricultural Loans","301","17","-2096152586.64","2024-07-31","2025-09-05"
"4","1050101","MAIIC Agricultural Loans","303","299","-1905193772.55","2024-07-31","2026-08-31"
"5","1050101","MAIIC Agricultural Loans","305","108","3066629435.65","2024-07-31","2026-09-30"
"6","1050101","MAIIC Agricultural Loans","306","5","-313715149.46","2025-05-31","2026-05-01"
"7","1050101","MAIIC Agricultural Loans","900","1","-10350000","2025-05-06","2025-05-06"
"8","1050101","MAIIC Agricultural Loans","901","1","10350000","2025-05-12","2025-05-12"
"9","1050102","MAIIC Industrial Loans","120","3","82183079.69","2025-12-31","2025-12-31"
"10","1050102","MAIIC Industrial Loans","301","55","-8987931809.17","2024-07-31","2026-06-30"
"11","1050102","MAIIC Industrial Loans","303","414","-3327549422.9","2022-09-01","2026-08-31"
"12","1050102","MAIIC Industrial Loans","305","247","7564857265.61","2024-07-31","2026-09-30"
"13","1050102","MAIIC Industrial Loans","306","4","-401582668","2024-12-23","2026-09-29"
"14","1050102","MAIIC Industrial Loans","400","1","-21295000","2024-10-23","2024-10-23"
"15","1050201","FInES Agricultural Loans","300","1","12041809.63","2024-08-31","2024-08-31"
"16","1050201","FInES Agricultural Loans","301","36","-2697890905","2024-07-31","2026-08-25"
"17","1050201","FInES Agricultural Loans","303","606","-511994992.59","2024-07-31","2026-08-31"
"18","1050201","FInES Agricultural Loans","305","370","2025394180.83","2024-07-31","2026-09-30"
"19","1050201","FInES Agricultural Loans","306","10","-381262023.27","2024-11-05","2026-05-29"
"20","1050202","FInES Industrial Loans","301","64","-5671966037.13","2024-07-31","2026-03-31"
"21","1050202","FInES Industrial Loans","303","764","-820446999.35","2024-07-31","2026-08-31"
"22","1050202","FInES Industrial Loans","305","459","2770639902.18","2024-07-31","2026-09-30"
"23","1050202","FInES Industrial Loans","306","15","-48113128.01","2025-02-25","2026-03-31"
"24","1050202","FInES Industrial Loans","343","1","9009942.39","2026-03-12","2026-03-12"
"25","1050401","MAIIC Term Loan","301","42","-11434177765.93","2025-11-07","2026-08-31"
"26","1050401","MAIIC Term Loan","303","76","-1637257714.17","2025-12-31","2026-08-31"
"27","1050401","MAIIC Term Loan","305","28","2089111663.23","2025-12-30","2026-09-30"
"28","1050401","MAIIC Term Loan","306","3","-132785048.76","2026-03-31","2026-08-31"
"29","1050401","MAIIC Term Loan","343","1","65444499.06","2026-03-12","2026-03-12"
"30","3065","NASCOMEX Limited","401","5","535714287","2024-12-31","2026-01-31"
