"   ","CODE_COLUMN","CODE_VALUE","ROWS_USING_IT"
"1","ACLOANMASTER.IMOROTORIUM_UNIT","M","6743"
"2","ACLOANMASTER.IMOROTORIUM_UNIT","Y","1"
"3","ACLOANMASTER.IMOROTORIUM_UNIT","","414"
"4","ACLOANMASTER.PMOROTORIUM_UNIT","M","6762"
"5","ACLOANMASTER.PMOROTORIUM_UNIT","","396"
"6","MULTI_INST_DETAILS.INSTALLMENT_PAY_MODE","H","49"
"7","MULTI_INST_DETAILS.INSTALLMENT_PAY_MODE","M","3956"
"8","MULTI_INST_DETAILS.INSTALLMENT_PAY_MODE","Q","25"
"9","MULTI_INST_DETAILS.INSTALLMENT_PAY_MODE","X","404"
"10","MULTI_INST_DETAILS.INSTALLMENT_PAY_MODE","Y","9"
