"   ","TRANTYPE","POSTINGS","POSITIVE_ROWS","NEGATIVE_ROWS","NET_AMOUNT","ROWS_ON_LOAN_GL","FIRST_POSTING","LAST_POSTING"
"1","120","6","6","0","85166683.31","6","2025-12-31","2025-12-31"
"2","300","2","2","0","22286434.32","2","2024-08-31","2024-08-31"
"3","301","214","0","214","-30888119103.87","214","2024-07-31","2026-08-31"
"4","303","2159","0","2158","-8202442901.56","2159","2022-09-01","2026-08-31"
"5","305","1212","1210","0","17516632447.5","1212","2024-07-31","2026-09-30"
"6","306","37","0","37","-1277458017.5","37","2024-11-05","2026-09-29"
"7","343","2","2","0","74454441.45","2","2026-03-12","2026-03-12"
"8","400","1","0","1","-21295000","1","2024-10-23","2024-10-23"
"9","401","5","5","0","535714287","5","2024-12-31","2026-01-31"
"10","900","1","0","1","-10350000","1","2025-05-06","2025-05-06"
"11","901","1","1","0","10350000","1","2025-05-12","2025-05-12"
