"   ","ACCOUNT_BAL_MST_ID","GLCODE","NEW_AC_NUMBER","SUB_AC_NUMBER","TRANSACTION_DATE","PRINCIPAL_BALANCE","RECEIPT_AMOUNT","PAYMENT_AMOUNT","OD_INT_REC_PAY","INT_REC","SANCTION_AMOUNT","REPORT_BALANCE","ALNX_TYPE","OD_INT_RECEIPT","OD_INT_PAYMENT","INT_RECEIPT","INT_PAYMENT","AC_PRINCIPAL_BALANCE","AC_RECEIPT_AMOUNT","AC_PAYMENT_AMOUNT","AC_OD_INT_REC_PAY","AC_INT_REC","AC_OD_INT_RECEIPT","AC_OD_INT_PAYMENT","AC_INT_RECEIPT","AC_INT_PAYMENT","AC_INT_PAID","BR_INT_PAID","AC_RECOVERY","TDS_DEDUCTED","AMORT_CHG_BALANCE","MONTHLY_RECOVERY","AC_CHG_AMORTZ_BAL","BR_CHG_AMORTZ_BAL"
"1","260832","1050102","000104430000084","1","8/31/2025","-321319701.92","0.00","-321319701.92","0.00","0.00","314900900.00","-321319701.92","LN","0.00","0.00","0.00","0.00","-321319701.92","0.00","-321319701.92","0.00","0.00","0.00","0.00","0.00","0.00","","","","","","","0.00","0.00"
"2","268425","1050102","000104430000084","1","9/30/2025","-318881092.33","10440990.60","-8002381.01","0.00","0.00","314900900.00","-318881092.33","LN","0.00","0.00","0.00","0.00","-318881092.33","10440990.60","-8002381.01","0.00","0.00","0.00","0.00","0.00","0.00","","","","","","","0.00","0.00"
"3","289024","1050102","000104430000084","1","10/31/2025","-299571053.46","27172439.52","-7862400.65","0.00","0.00","314900900.00","-299571053.46","LN","0.00","0.00","0.00","0.00","-299571053.46","27172439.52","-7862400.65","0.00","0.00","0.00","0.00","0.00","0.00","","","","","","","0.00","0.00"
"4","292818","1050102","000104430000084","1","11/30/2025","-296684297.92","10442000.00","-7555244.46","0.00","0.00","314900900.00","-296684297.92","LN","0.00","0.00","0.00","0.00","-296684297.92","10442000.00","-7555244.46","0.00","0.00","0.00","0.00","0.00","0.00","","","","","","","0.00","0.00"
"5","325211","1050102","000104430000084","1","12/31/2025","-304864196.88","0.00","-8179898.96","0.00","0.00","314900900.00","-304864196.88","LN","0.00","0.00","0.00","0.00","-304864196.88","0.00","-8179898.96","0.00","0.00","0.00","0.00","0.00","0.00","","","","","","","0.00","0.00"
"6","329009","1050102","000104430000084","1","1/31/2026","-302323191.43","10440991.00","-7899985.55","0.00","0.00","314900900.00","-302323191.43","LN","0.00","0.00","0.00","0.00","-302323191.43","10440991.00","-7899985.55","0.00","0.00","0.00","0.00","0.00","0.00","","","","","","","0.00","0.00"
"7","332823","1050102","000104430000084","1","2/28/2026","-298897549.84","10440991.00","-7015349.41","0.00","0.00","314900900.00","-298897549.84","LN","0.00","0.00","0.00","0.00","-298897549.84","10440991.00","-7015349.41","0.00","0.00","0.00","0.00","0.00","0.00","","","","","","","0.00","0.00"
"8","336622","1050102","000104430000084","1","3/31/2026","-306199657.84","0.00","-7302108.00","0.00","0.00","314900900.00","-306199657.84","LN","0.00","0.00","0.00","0.00","-306199657.84","0.00","-7302108.00","0.00","0.00","0.00","0.00","0.00","0.00","","","","","","","0.00","0.00"
"9","340403","1050102","000104430000084","1","4/30/2026","-302702757.25","10440991.00","-6944090.41","0.00","0.00","314900900.00","-302702757.25","LN","0.00","0.00","0.00","0.00","-302702757.25","10440991.00","-6944090.41","0.00","0.00","0.00","0.00","0.00","0.00","","","","","","","0.00","0.00"
"10","344183","1050102","000104430000084","1","5/31/2026","-298991970.29","10441000.00","-6730213.04","0.00","0.00","314900900.00","-298991970.29","LN","0.00","0.00","0.00","0.00","-298991970.29","10441000.00","-6730213.04","0.00","0.00","0.00","0.00","0.00","0.00","","","","","","","0.00","0.00"
"11","347964","1050102","000104430000084","1","6/30/2026","-305458388.41","0.00","-6466418.12","0.00","0.00","314900900.00","-305458388.41","LN","0.00","0.00","0.00","0.00","-305458388.41","0.00","-6466418.12","0.00","0.00","0.00","0.00","0.00","0.00","","","","","","","0.00","0.00"
"12","351744","1050102","000104430000084","1","7/31/2026","-272016362.54","40000000.00","-6557974.13","0.00","0.00","314900900.00","-272016362.54","LN","0.00","0.00","0.00","0.00","-272016362.54","40000000.00","-6557974.13","0.00","0.00","0.00","0.00","0.00","0.00","","","","","","","0.00","0.00"
"13","355509","1050102","000104430000084","1","8/31/2026","-278175856.27","0.00","-6159493.73","0.00","0.00","314900900.00","-278175856.27","LN","0.00","0.00","0.00","0.00","-278175856.27","0.00","-6159493.73","0.00","0.00","0.00","0.00","0.00","0.00","","","","","","","0.00","0.00"
