"   ","CUMVOUCH_DET_ID","CB_GLCODE","AC_GLCODE","NEW_AC_NUMBER","SUB_ACCOUNT_NO","TRANSACTION_DATE","TRANSAMT","DBCR","TRANTYPE","BATCH_TYPE","BATCH_NUMBER","VSCRNO","PARTICULARS"
"1","299011","1050101","1050101","000104420000052","1","12/31/2025","913541.02","CR","120","INTP","41","14625","By Trf Diff Int. Credit From 01/01/2025 To 31/12/2025 By ROI 33.3 %"
"2","299012","1050101","1050101","000104420000064","1","12/31/2025","-7919807.58","DR","303","INTP","41","14626","To Trf Diff Int. Debit From 05/09/2025 To 31/12/2025 By ROI 33.3 %"
"3","299013","1050101","1050101","000104420000043","1","12/31/2025","-27841180.80","DR","303","INTP","41","14627","To Trf Diff Int. Debit From 01/01/2025 To 30/12/2025 By ROI 33.3 %"
"4","299014","1050101","1050101","000104420000062","1","12/31/2025","2018700.44","CR","120","INTP","41","14628","By Trf Diff Int. Credit From 01/01/2025 To 31/12/2025 By ROI 33.3 %"
"5","299015","1050101","1050101","000104420000010","1","12/31/2025","-85108.73","DR","303","INTP","41","14629","To Trf Diff Int. Debit From 01/01/2025 To 31/12/2025 By ROI 31.3 %"
"6","299016","1050101","1050101","000104420000012","1","12/31/2025","-94182.06","DR","303","INTP","41","14630","To Trf Diff Int. Debit From 01/01/2025 To 31/12/2025 By ROI 31.3 %"
"7","299017","1050101","1050101","000104420000032","1","12/31/2025","51362.16","CR","120","INTP","41","14631","By Trf Diff Int. Credit From 01/01/2025 To 31/12/2025 By ROI 33.3 %"
"8","299018","4215","4215","000104520000001","1","12/31/2025","32956675.55","CR","401","INTP","41","14632","By Trf Total Diff Int. Credit From 01-JAN-25 To 31-DEC-25 For Gl 1050101"
"9","299019","1050102","1050102","000104430000079","1","12/31/2025","-151672.28","DR","303","INTP","42","14633","To Trf Diff Int. Debit From 10/07/2025 To 31/12/2025 By ROI 32.3 %"
"10","299020","1050102","1050102","000104430000070","1","12/31/2025","-19186605.60","DR","303","INTP","42","14634","To Trf Diff Int. Debit From 31/01/2025 To 31/12/2025 By ROI 31.3 %"
"11","299021","1050102","1050102","000104430000071","1","12/31/2025","-8720915.81","DR","303","INTP","42","14635","To Trf Diff Int. Debit From 02/05/2025 To 31/12/2025 By ROI 30.2 %"
"12","299022","1050102","1050102","000104430000086","1","12/31/2025","-277288.57","DR","303","INTP","42","14636","To Trf Diff Int. Debit From 27/08/2025 To 31/12/2025 By ROI 31.3 %"
"13","299023","1050102","1050102","000104430000087","1","12/31/2025","-8596496.57","DR","303","INTP","42","14637","To Trf Diff Int. Debit From 04/08/2025 To 31/12/2025 By ROI 33.3 %"
"14","299024","1050102","1050102","000104430000072","1","12/31/2025","-662170.49","DR","303","INTP","42","14638","To Trf Diff Int. Debit From 07/05/2025 To 31/12/2025 By ROI 30.2 %"
"15","299025","1050102","1050102","000104430000076","1","12/31/2025","-114333.34","DR","303","INTP","42","14639","To Trf Diff Int. Debit From 18/06/2025 To 31/12/2025 By ROI 33.3 %"
"16","299026","1050102","1050102","000104430000074","1","12/31/2025","-133609.69","DR","303","INTP","42","14640","To Trf Diff Int. Debit From 31/05/2025 To 31/12/2025 By ROI 30.2 %"
"17","299027","1050102","1050102","000104430000054","1","12/31/2025","-2824184.05","DR","303","INTP","42","14641","To Trf Diff Int. Debit From 01/01/2025 To 31/12/2025 By ROI 33.3 %"
"18","299028","1050102","1050102","000104430000064","1","12/31/2025","-2903082.81","DR","303","INTP","42","14642","To Trf Diff Int. Debit From 01/01/2025 To 31/12/2025 By ROI 33 %"
"19","299029","1050102","1050102","000104430000082","1","12/31/2025","-484016.00","DR","303","INTP","42","14643","To Trf Diff Int. Debit From 31/07/2025 To 31/12/2025 By ROI 31.2 %"
"20","299030","1050102","1050102","000104430000077","1","12/31/2025","-109251.35","DR","303","INTP","42","14644","To Trf Diff Int. Debit From 19/06/2025 To 31/12/2025 By ROI 30.3 %"
"21","299031","1050102","1050102","000104430000085","1","12/31/2025","-278880.46","DR","303","INTP","42","14645","To Trf Diff Int. Debit From 08/08/2025 To 31/12/2025 By ROI 33.1 %"
"22","299032","1050102","1050102","000104430000078","1","12/31/2025","-24115.15","DR","303","INTP","42","14646","To Trf Diff Int. Debit From 30/06/2025 To 31/12/2025 By ROI 32.3 %"
"23","299033","1050102","1050102","000104430000002","1","12/31/2025","10457152.33","CR","120","INTP","42","14647","By Trf Diff Int. Credit From 01/01/2025 To 31/12/2025 By ROI 31.09 %"
"24","299034","1050102","1050102","000104430000069","1","12/31/2025","-14204999.05","DR","303","INTP","42","14648","To Trf Diff Int. Debit From 01/01/2025 To 31/12/2025 By ROI 29.8 %"
"25","299035","1050102","1050102","000104430000084","1","12/31/2025","-386449.55","DR","303","INTP","42","14649","To Trf Diff Int. Debit From 08/08/2025 To 31/12/2025 By ROI 31.2 %"
"26","299036","1050102","1050102","000104430000068","1","12/31/2025","69330809.54","CR","120","INTP","42","14650","By Trf Diff Int. Credit From 01/01/2025 To 31/12/2025 By ROI 33.3 %"
"27","299037","1050102","1050102","000104430000062","1","12/31/2025","-1232388.67","DR","303","INTP","42","14651","To Trf Diff Int. Debit From 01/01/2025 To 31/12/2025 By ROI 33.3 %"
"28","299038","1050102","1050102","000104430000073","1","12/31/2025","2395117.82","CR","120","INTP","42","14652","By Trf Diff Int. Credit From 16/05/2025 To 31/12/2025 By ROI 30.3 %"
"29","299039","1050102","1050102","000104430000075","1","12/31/2025","-159357.55","DR","303","INTP","42","14653","To Trf Diff Int. Debit From 23/05/2025 To 31/12/2025 By ROI 32.3 %"
"30","299040","4216","4216","000104530000001","1","12/31/2025","-21733262.70","DR","400","INTP","42","14654","To Trf Total Diff Int. Debited From 01-JAN-25 To 31-DEC-25 For Gl 1050102"
