"   ","NEW_AC_NUMBER","LOS_REQ_ID","TRANSACTION_DATE","TRANSACTION_TIME","LOS_KEYWORD","UNIQUE_REF_NO","REQUEST_STRING","RESPONCE_STRING"
"1","000104420000063","41945","8/10/2024","07:08:15","ACOPEN","MA202400001","<CLOB>","Customer Onboarding Process Successfully Complete With Customer ID - 1342 And QUASI Account Number - 1050101#000104420000063 And EQUITY Account Number - "
"2","000104420000064","191427","9/3/2025 10:57:57 AM","10:09:03","ACOPEN","FI202400001","<CLOB>","Customer Onboarding Process Successfully Complete With Customer ID - 872 And QUASI Account Number - 1050101#000104420000064 And EQUITY Account Number - "
"3","000104430000055","34247","7/15/2024","12:07:27","ACOPEN","MI202400002","<CLOB>","Customer Onboarding Process Successfully Complete With Customer ID - 887 And QUASI Account Number - 1050102#000104430000055 And EQUITY Account Number - "
"4","000104430000056","34251","7/15/2024","12:07:18","ACOPEN","MI202400003","<CLOB>","Customer Onboarding Process Successfully Complete With Customer ID - 325 And QUASI Account Number - 1050102#000104430000056 And EQUITY Account Number - "
"5","000104430000057","34394","7/15/2024","04:07:27","ACOPEN","MI202400004","<CLOB>","Customer Onboarding Process Successfully Complete With Customer ID - 325 And QUASI Account Number - 1050102#000104430000057 And EQUITY Account Number - "
"6","000104430000058","35919","7/18/2024","08:07:06","ACOPEN","MI202400010","<CLOB>","Customer Onboarding Process Successfully Complete With Customer ID - 514 And QUASI Account Number - 1050102#000104430000058 And EQUITY Account Number - "
"7","000104430000059","36958","7/22/2024","12:07:08","ACOPEN","MI202400013","<CLOB>","Customer Onboarding Process Successfully Complete With Customer ID - 1398 And QUASI Account Number - 1050102#000104430000059 And EQUITY Account Number - "
"8","000104430000060","39136","8/2/2024","10:08:46","ACOPEN","MI202400014","<CLOB>","Customer Onboarding Process Successfully Complete With Customer ID - 1407 And QUASI Account Number - 1050102#000104430000060 And EQUITY Account Number - "
"9","000104430000061","41958","8/11/2024","11:08:07","ACOPEN","MI202400015","<CLOB>","Customer Onboarding Process Successfully Complete With Customer ID - 100 And QUASI Account Number - 1050102#000104430000061 And EQUITY Account Number - "
"10","000104430000062","25077","5/6/2024","12:05:16","ACOPEN","HF202400001","<CLOB>","Customer Onboarding Process Successfully Complete With Customer ID - 1282 And QUASI Account Number - 1050102#000104430000062 And EQUITY Account Number - "
"11","000104430000063","44945","10/24/2024 11:41:37 AM","11:10:37","ACOPEN","FI202400001","<CLOB>","Customer Onboarding Process Successfully Complete With Customer ID - 1532 And QUASI Account Number - 1050102#000104430000063 And EQUITY Account Number - "
"12","000104430000064","45203","10/29/2024 9:50:14 AM","09:10:16","ACOPEN","FI202400001","<CLOB>","Customer Onboarding Process Successfully Complete With Customer ID - 1555 And QUASI Account Number - 1050102#000104430000064 And EQUITY Account Number - "
"13","000104430000065","45304","11/4/2024 10:08:33 AM","10:11:33","ACOPEN","FI202400001","<CLOB>","Customer Onboarding Process Successfully Complete With Customer ID - 1557 And QUASI Account Number - 1050102#000104430000065 And EQUITY Account Number - "
"14","000104430000066","45710","11/12/2024 6:09:08 PM","06:11:08","ACOPEN","FI202400001","<CLOB>","Customer Onboarding Process Successfully Complete With Customer ID - 1584 And QUASI Account Number - 1050102#000104430000066 And EQUITY Account Number - "
"15","000104430000067","46851","11/25/2024 5:19:40 PM","05:11:36","ACOPEN","FI202400001","<CLOB>","Customer Onboarding Process Successfully Complete With Customer ID - 1586 And QUASI Account Number - 1050102#000104430000067 And EQUITY Account Number - "
"16","000104430000068","46852","11/29/2024 11:49:43 AM","11:11:38","ACOPEN","FI202400001","<CLOB>","Customer Onboarding Process Successfully Complete With Customer ID - 1586 And QUASI Account Number - 1050102#000104430000068 And EQUITY Account Number - "
"17","000104430000069","56055","1/3/2025 5:11:55 PM","05:01:55","ACOPEN","FI202400001","<CLOB>","Customer Onboarding Process Successfully Complete With Customer ID - 1810 And QUASI Account Number - 1050102#000104430000069 And EQUITY Account Number - "
"18","000104430000070","66686","2/24/2025 6:33:08 PM","04:02:20","ACOPEN","FI202400001","<CLOB>","Customer Onboarding Process Successfully Complete With Customer ID - 1588 And QUASI Account Number - 1050102#000104430000070 And EQUITY Account Number - "
"19","000104430000071","96666","5/2/2025 7:04:54 PM","07:05:35","ACOPEN","FI202400001","<CLOB>","Customer Onboarding Process Successfully Complete With Customer ID - 2679 And QUASI Account Number - 1050102#000104430000071 And EQUITY Account Number - "
"20","000104430000072","97759","5/7/2025 8:32:41 AM","08:05:20","ACOPEN","FI202400001","<CLOB>","Customer Onboarding Process Successfully Complete With Customer ID - 2664 And QUASI Account Number - 1050102#000104430000072 And EQUITY Account Number - "
"21","000104430000073","117503","5/16/2025 4:17:07 PM","04:05:40","ACOPEN","FI202400001","<CLOB>","Customer Onboarding Process Successfully Complete With Customer ID - 2638 And QUASI Account Number - 1050102#000104430000073 And EQUITY Account Number - "
"22","000104430000074","117504","5/16/2025 4:17:20 PM","04:05:53","ACOPEN","FI202400001","<CLOB>","Customer Onboarding Process Successfully Complete With Customer ID - 2709 And QUASI Account Number - 1050102#000104430000074 And EQUITY Account Number - "
"23","000104430000075","145021","5/23/2025 3:01:54 PM","03:05:23","ACOPEN","FI202400001","<CLOB>","Customer Onboarding Process Successfully Complete With Customer ID - 1907 And QUASI Account Number - 1050102#000104430000075 And EQUITY Account Number - "
"24","000104430000076","163927","6/11/2025 9:33:18 AM","09:06:10","ACOPEN","FI202400001","<CLOB>","Customer Onboarding Process Successfully Complete With Customer ID - 2705 And QUASI Account Number - 1050102#000104430000076 And EQUITY Account Number - "
"25","000104430000077","184367","6/19/2025 3:57:53 PM","03:06:41","ACOPEN","FI202400001","<CLOB>","Customer Onboarding Process Successfully Complete With Customer ID - 3230 And QUASI Account Number - 1050102#000104430000077 And EQUITY Account Number - "
"26","000104430000078","187607","6/30/2025 3:27:28 PM","03:06:09","ACOPEN","FI202400001","<CLOB>","Customer Onboarding Process Successfully Complete With Customer ID - 3179 And QUASI Account Number - 1050102#000104430000078 And EQUITY Account Number - "
"27","000104430000079","188183","7/10/2025 1:26:16 PM","01:07:52","ACOPEN","FI202400001","<CLOB>","Customer Onboarding Process Successfully Complete With Customer ID - 2707 And QUASI Account Number - 1050102#000104430000079 And EQUITY Account Number - "
"28","000104430000080","188752","7/18/2025 3:39:26 PM","03:07:57","ACOPEN","FI202400001","<CLOB>","Customer Onboarding Process Successfully Complete With Customer ID - 3252 And QUASI Account Number - 1050102#000104430000080 And EQUITY Account Number - "
"29","000104430000081","189127","7/24/2025 12:00:11 PM","11:07:39","ACOPEN","FI202400001","<CLOB>","Customer Onboarding Process Successfully Complete With Customer ID - 2635 And QUASI Account Number - 1050102#000104430000081 And EQUITY Account Number - "
"30","000104430000082","189430","7/24/2025 5:21:59 PM","05:07:27","ACOPEN","FI202400001","<CLOB>","Customer Onboarding Process Successfully Complete With Customer ID - 2635 And QUASI Account Number - 1050102#000104430000082 And EQUITY Account Number - "
"31","000104430000082","203324","7/2/2026 4:31:42 PM","04:07:37","ACCWISE_DISBURS_DET","","<CLOB>","Successfully Complete"
"32","000104430000082","203344","7/3/2026 10:34:36 AM","10:07:31","ACCWISE_DISBURS_DET","","<CLOB>","Successfully Complete"
"33","000104430000082","203345","7/3/2026 10:35:34 AM","10:07:29","ACWISE_SAN_FORWARD","","<CLOB>","Successfully Complete"
"34","000104430000082","203346","7/3/2026 10:35:34 AM","10:07:29","ACCWISE_DISBURS_DET","","<CLOB>","Successfully Complete"
"35","000104430000082","203347","7/3/2026 10:35:40 AM","10:07:36","LOAN_FORWARD","","<CLOB>","Successfully Complete"
"36","000104430000082","203348","7/3/2026 10:35:40 AM","10:07:36","ACCWISE_DISBURS_DET","","<CLOB>","Successfully Complete"
"37","000104430000083","189983","8/5/2025 8:30:26 AM","08:08:58","ACOPEN","FI202400001","<CLOB>","Customer Onboarding Process Successfully Complete With Customer ID - 5012 And QUASI Account Number - 1050102#000104430000083 And EQUITY Account Number - "
"38","000104430000084","190242","8/8/2025 12:22:46 PM","12:08:05","ACOPEN","FI202400001","<CLOB>","Customer Onboarding Process Successfully Complete With Customer ID - 1588 And QUASI Account Number - 1050102#000104430000084 And EQUITY Account Number - "
"39","000104430000085","190243","8/8/2025 12:23:01 PM","12:08:20","ACOPEN","FI202400001","<CLOB>","Customer Onboarding Process Successfully Complete With Customer ID - 5316 And QUASI Account Number - 1050102#000104430000085 And EQUITY Account Number - "
"40","000104430000086","191001","8/27/2025 9:06:58 AM","09:08:08","ACOPEN","FI202400001","<CLOB>","Customer Onboarding Process Successfully Complete With Customer ID - 5317 And QUASI Account Number - 1050102#000104430000086 And EQUITY Account Number - "
"41","000104430000087","192537","9/30/2025 10:50:47 AM","10:09:38","ACOPEN","FI202400001","<CLOB>","Customer Onboarding Process Successfully Complete With Customer ID - 5012 And QUASI Account Number - 1050102#000104430000087 And EQUITY Account Number - "
"42","000104430000088","193995","10/29/2025 7:10:10 PM","05:10:57","ACOPEN","FI202400001","<CLOB>","Customer Onboarding Process Successfully Complete With Customer ID - 2637 And QUASI Account Number - 1050102#000104430000088 And EQUITY Account Number - "
"43","000104430000089","194094","10/30/2025 6:46:52 PM","04:10:41","ACOPEN","FI202400001","<CLOB>","Customer Onboarding Process Successfully Complete With Customer ID - 2637 And QUASI Account Number - 1050102#000104430000089 And EQUITY Account Number - "
"44","000104440000005","44884","10/24/2024 8:42:32 AM","08:10:32","ACOPEN","FI202400001","<CLOB>","Customer Onboarding Process Successfully Complete With Customer ID - 1535 And QUASI Account Number - 1050103#000104440000005 And EQUITY Account Number - "
"45","000104440000006","44947","10/24/2024 11:42:14 AM","11:10:14","ACOPEN","FI202400001","<CLOB>","Customer Onboarding Process Successfully Complete With Customer ID - 1541 And QUASI Account Number - 1050103#000104440000006 And EQUITY Account Number - "
"46","000104450000096","44885","10/24/2024 8:44:23 AM","08:10:23","ACOPEN","FI202400001","<CLOB>","Customer Onboarding Process Successfully Complete With Customer ID - 1536 And QUASI Account Number - 1050201#000104450000096 And EQUITY Account Number - "
"47","000104450000097","44948","10/24/2024 11:42:27 AM","11:10:27","ACOPEN","FI202400001","<CLOB>","Customer Onboarding Process Successfully Complete With Customer ID - 1542 And QUASI Account Number - 1050201#000104450000097 And EQUITY Account Number - "
"48","000104450000098","205236","8/19/2026 4:19:45 PM","04:08:39","ACOPEN","FI202400001","<CLOB>","Customer Onboarding Process Successfully Complete With Customer ID - 5415 And QUASI Account Number - 1050201#000104450000098 And EQUITY Account Number - "
"49","000104450000098","205571","8/26/2026 12:00:12 PM","12:08:05","ACCWISE_DISBURS_DET","","<CLOB>","Successfully Complete"
"50","000104450000098","205620","8/26/2026 12:22:11 PM","12:08:04","ACCWISE_DISBURS_DET","","<CLOB>","Successfully Complete"
"51","000104450000098","205642","8/26/2026 12:35:30 PM","12:08:23","LOAN_FORWARD","","<CLOB>","Successfully Complete"
"52","000104450000098","205643","8/26/2026 12:35:30 PM","12:08:23","ACCWISE_DISBURS_DET","","<CLOB>","Successfully Complete"
"53","000104460000098","29067","6/4/2024","04:06:46","ACOPEN","FI202400001","<CLOB>","Customer Onboarding Process Successfully Complete With Customer ID - 1364 And QUASI Account Number - 1050202#000104460000098 And EQUITY Account Number - "
"54","000104460000099","35911","7/17/2024","03:07:15","ACOPEN","FI202400002","<CLOB>","Customer Onboarding Process Successfully Complete With Customer ID - 1390 And QUASI Account Number - 1050202#000104460000099 And EQUITY Account Number - "
"55","000104460000100","36189","7/18/2024","11:07:51","ACOPEN","FI202400003","<CLOB>","Customer Onboarding Process Successfully Complete With Customer ID - 113 And QUASI Account Number - 1050202#000104460000100 And EQUITY Account Number - "
"56","000104460000102","44634","9/3/2024","07:09:23","ACOPEN","FI202400004","<CLOB>","Customer Onboarding Process Successfully Complete With Customer ID - 1434 And QUASI Account Number - 1050202#000104460000102 And EQUITY Account Number - "
"57","000104460000103","44883","10/24/2024 8:40:31 AM","08:10:31","ACOPEN","FI202400001","<CLOB>","Customer Onboarding Process Successfully Complete With Customer ID - 1534 And QUASI Account Number - 1050202#000104460000103 And EQUITY Account Number - "
"58","000104460000104","45170","10/29/2024 9:44:15 AM","09:10:18","ACOPEN","FI202400001","<CLOB>","Customer Onboarding Process Successfully Complete With Customer ID - 1554 And QUASI Account Number - 1050202#000104460000104 And EQUITY Account Number - "
"59","000104460000105","45530","11/9/2024 2:15:02 PM","02:11:02","ACOPEN","FI202400001","<CLOB>","Customer Onboarding Process Successfully Complete With Customer ID - 1582 And QUASI Account Number - 1050202#000104460000105 And EQUITY Account Number - "
"60","000104460000106","45571","11/11/2024 3:43:12 PM","03:11:12","ACOPEN","FI202400001","<CLOB>","Customer Onboarding Process Successfully Complete With Customer ID - 1583 And QUASI Account Number - 1050202#000104460000106 And EQUITY Account Number - "
"61","000104460000107","57140","1/22/2025 3:05:12 PM","03:01:02","ACOPEN","FI202400001","<CLOB>","Customer Onboarding Process Successfully Complete With Customer ID - 1604 And QUASI Account Number - 1050202#000104460000107 And EQUITY Account Number - "
"62","000104460000108","66687","2/24/2025 6:33:22 PM","04:02:33","ACOPEN","FI202400001","<CLOB>","Customer Onboarding Process Successfully Complete With Customer ID - 1584 And QUASI Account Number - 1050202#000104460000108 And EQUITY Account Number - "
"63","000104460000109","99819","5/9/2025 5:08:09 PM","05:05:46","ACOPEN","FI202400001","<CLOB>","Customer Onboarding Process Successfully Complete With Customer ID - 3225 And QUASI Account Number - 1050202#000104460000109 And EQUITY Account Number - "
"64","000104460000110","99820","5/9/2025 5:08:19 PM","05:05:56","ACOPEN","FI202400001","<CLOB>","Customer Onboarding Process Successfully Complete With Customer ID - 3230 And QUASI Account Number - 1050202#000104460000110 And EQUITY Account Number - "
"65","000104460000111","145955","5/26/2025 9:45:48 AM","09:05:49","ACOPEN","FI202400001","<CLOB>","Customer Onboarding Process Successfully Complete With Customer ID - 3217 And QUASI Account Number - 1050202#000104460000111 And EQUITY Account Number - "
"66","000104460000112","188698","7/17/2025 12:31:31 PM","12:07:03","ACOPEN","FI202400001","<CLOB>","Customer Onboarding Process Successfully Complete With Customer ID - 1906 And QUASI Account Number - 1050202#000104460000112 And EQUITY Account Number - "
"67","000104460000113","195477","12/5/2025 3:47:56 PM","03:12:59","ACOPEN","FI202400001","<CLOB>","Customer Onboarding Process Successfully Complete With Customer ID - 5330 And QUASI Account Number - 1050202#000104460000113 And EQUITY Account Number - "
"68","000104460000114","195651","12/8/2025 4:12:16 PM","04:12:19","ACOPEN","FI202400001","<CLOB>","Customer Onboarding Process Successfully Complete With Customer ID - 5328 And QUASI Account Number - 1050202#000104460000114 And EQUITY Account Number - "
"69","000104460000115","196433","12/12/2025 2:22:52 PM","02:12:56","ACOPEN","FI202400001","<CLOB>","Customer Onboarding Process Successfully Complete With Customer ID - 5327 And QUASI Account Number - 1050202#000104460000115 And EQUITY Account Number - "
"70","000104460000116","196496","12/16/2025 8:28:08 AM","08:12:12","ACOPEN","FI202400001","<CLOB>","Customer Onboarding Process Successfully Complete With Customer ID - 1810 And QUASI Account Number - 1050202#000104460000116 And EQUITY Account Number - "
"71","000104460000117","196783","12/18/2025 6:22:08 PM","06:12:12","ACOPEN","FI202400001","<CLOB>","Customer Onboarding Process Successfully Complete With Customer ID - 5329 And QUASI Account Number - 1050202#000104460000117 And EQUITY Account Number - "
"72","000104460000118","197009","12/23/2025 9:28:21 AM","09:12:26","ACOPEN","FI202400001","<CLOB>","Customer Onboarding Process Successfully Complete With Customer ID - 1555 And QUASI Account Number - 1050202#000104460000118 And EQUITY Account Number - "
"73","000104460000119","197226","1/9/2026 3:15:07 PM","03:01:13","ACOPEN","FI202400001","<CLOB>","Customer Onboarding Process Successfully Complete With Customer ID - 5326 And QUASI Account Number - 1050202#000104460000119 And EQUITY Account Number - "
"74","000104460000120","199432","3/30/2026 4:01:39 PM","04:03:48","ACOPEN","FI202400001","<CLOB>","Customer Onboarding Process Successfully Complete With Customer ID - 3225 And QUASI Account Number - 1050202#000104460000120 And EQUITY Account Number - "
"75","000105810000001","44886","10/24/2024 8:46:17 AM","08:10:17","ACOPEN","FI202400001","<CLOB>","Customer Onboarding Process Successfully Complete With Customer ID - 1537 And QUASI Account Number - 1050203#000105810000001 And EQUITY Account Number - "
"76","000105810000002","56119","1/3/2025 5:29:50 PM","05:01:50","ACOPEN","FI202400001","<CLOB>","Customer Onboarding Process Successfully Complete With Customer ID - 1604 And QUASI Account Number - 1050203#000105810000002 And EQUITY Account Number - "
"77","000105810000003","116122","5/16/2025 12:34:53 PM","12:05:26","ACOPEN","FI202400001","<CLOB>","Customer Onboarding Process Successfully Complete With Customer ID - 3217 And QUASI Account Number - 1050203#000105810000003 And EQUITY Account Number - "
"78","000105810000004","141763","5/22/2025 11:28:35 AM","11:05:08","ACOPEN","FI202400001","<CLOB>","Customer Onboarding Process Successfully Complete With Customer ID - 3217 And QUASI Account Number - 1050203#000105810000004 And EQUITY Account Number - "
"79","000106050000001","196090","12/9/2025 12:18:53 PM","12:12:56","ACOPEN","FI202400001","<CLOB>","Customer Onboarding Process Successfully Complete With Customer ID - 5320 And QUASI Account Number - 1050401#000106050000001 And EQUITY Account Number - "
"80","000106050000001","201755","5/27/2026 11:12:24 AM","11:05:23","ACCWISE_DISBURS_DET","","<CLOB>","Successfully Complete"
"81","000106050000001","201762","5/27/2026 11:40:34 AM","11:05:32","ACCWISE_DISBURS_DET","","<CLOB>","Successfully Complete"
"82","000106050000001","201764","5/27/2026 11:50:58 AM","11:05:57","ACCWISE_DISBURS_DET","","<CLOB>","Successfully Complete"
"83","000106050000001","201768","5/27/2026 12:05:17 PM","12:05:15","ACCWISE_DISBURS_DET","","<CLOB>","Successfully Complete"
"84","000106050000001","201770","5/27/2026 12:15:31 PM","12:05:29","ACCWISE_DISBURS_DET","","<CLOB>","Successfully Complete"
"85","000106050000002","196091","12/9/2025 12:25:11 PM","12:12:14","ACOPEN","FI202400001","<CLOB>","Customer Onboarding Process Successfully Complete With Customer ID - 5319 And QUASI Account Number - 1050401#000106050000002 And EQUITY Account Number - "
"86","000106050000002","201757","5/27/2026 11:22:47 AM","11:05:45","ACCWISE_DISBURS_DET","","<CLOB>","Successfully Complete"
"87","000106050000002","201760","5/27/2026 11:30:02 AM","11:05:00","ACCWISE_DISBURS_DET","","<CLOB>","Successfully Complete"
"88","000106050000002","201766","5/27/2026 12:04:45 PM","12:05:43","ACCWISE_DISBURS_DET","","<CLOB>","Successfully Complete"
"89","000106050000003","196092","12/9/2025 1:22:36 PM","01:12:48","ACOPEN","FI202400001","<CLOB>","Customer Onboarding Process Successfully Complete With Customer ID - 4315 And QUASI Account Number - 1050401#000106050000003 And EQUITY Account Number - "
"90","000106050000003","203329","7/2/2026 4:33:32 PM","04:07:27","ACCWISE_DISBURS_DET","","<CLOB>","Successfully Complete"
"91","000106050000003","203330","7/2/2026 4:44:13 PM","04:07:08","STATMENTAC","","<CLOB>","Successfully Complete"
"92","000106050000003","203331","7/2/2026 4:44:27 PM","04:07:22","DISBURSCHART","","<CLOB>","Successfully Complete"
"93","000106050000003","203392","7/3/2026 3:45:46 PM","03:07:42","ACCWISE_DISBURS_DET","","<CLOB>","Successfully Complete"
"94","000106050000003","203394","7/3/2026 4:00:58 PM","04:07:53","ACCWISE_DISBURS_DET","","<CLOB>","Successfully Complete"
"95","000106050000003","203397","7/3/2026 4:04:59 PM","04:07:54","ACCWISE_DISBURS_DET","","<CLOB>","Successfully Complete"
"96","000106050000003","203398","7/3/2026 4:07:43 PM","04:07:38","LOAN_FORWARD","","<CLOB>","Successfully Complete"
"97","000106050000003","203399","7/3/2026 4:07:43 PM","04:07:39","ACCWISE_DISBURS_DET","","<CLOB>","Successfully Complete"
"98","000106050000004","196093","12/9/2025 1:22:56 PM","01:12:59","ACOPEN","FI202400001","<CLOB>","Customer Onboarding Process Successfully Complete With Customer ID - 5331 And QUASI Account Number - 1050401#000106050000004 And EQUITY Account Number - "
"99","000106050000005","196926","12/19/2025 5:32:45 PM","05:12:49","ACOPEN","FI202400001","<CLOB>","Customer Onboarding Process Successfully Complete With Customer ID - 5332 And QUASI Account Number - 1050401#000106050000005 And EQUITY Account Number - "
"100","000106050000006","197483","1/26/2026 5:26:39 PM","05:01:48","ACOPEN","FI202400001","<CLOB>","Customer Onboarding Process Successfully Complete With Customer ID - 2664 And QUASI Account Number - 1050401#000106050000006 And EQUITY Account Number - "
"101","000106050000006","201753","5/27/2026 11:10:24 AM","11:05:22","ACCWISE_DISBURS_DET","","<CLOB>","Successfully Complete"
"102","000106050000006","202282","6/16/2026 9:24:27 AM","09:06:24","ACCWISE_DISBURS_DET","","<CLOB>","Successfully Complete"
"103","000106050000006","202283","6/16/2026 9:24:34 AM","09:06:31","STATMENTAC","","<CLOB>","Successfully Complete"
"104","000106050000007","198901","3/16/2026 11:10:15 AM","11:03:19","ACOPEN","FI202400001","<CLOB>","Customer Onboarding Process Successfully Complete With Customer ID - 5323 And QUASI Account Number - 1050401#000106050000007 And EQUITY Account Number - "
"105","000106050000007","201690","5/26/2026 8:45:54 AM","08:05:53","ACCWISE_DISBURS_DET","","<CLOB>","Successfully Complete"
"106","000106050000007","201692","5/26/2026 8:59:18 AM","08:05:16","ACCWISE_DISBURS_DET","","<CLOB>","Successfully Complete"
"107","000106050000007","201705","5/26/2026 9:07:29 AM","09:05:27","ACCWISE_DISBURS_DET","","<CLOB>","Successfully Complete"
"108","000106050000007","201718","5/26/2026 9:27:00 AM","09:05:58","ACCWISE_DISBURS_DET","","<CLOB>","Successfully Complete"
"109","000106050000007","201720","5/26/2026 2:50:43 PM","02:05:41","ACCWISE_DISBURS_DET","","<CLOB>","Successfully Complete"
"110","000106050000007","201779","5/27/2026","01:05:16","LOAN_FORWARD","","<CLOB>","Successfully Complete"
"111","000106050000007","201734","5/27/2026 8:43:32 AM","08:05:30","ACCWISE_DISBURS_DET","","<CLOB>","Successfully Complete"
"112","000106050000007","201736","5/27/2026 8:53:14 AM","08:05:12","ACCWISE_DISBURS_DET","","<CLOB>","Successfully Complete"
"113","000106050000007","201738","5/27/2026 9:26:34 AM","09:05:32","ACCWISE_DISBURS_DET","","<CLOB>","Successfully Complete"
"114","000106050000007","201741","5/27/2026 10:18:06 AM","10:05:04","ACCWISE_DISBURS_DET","","<CLOB>","Successfully Complete"
"115","000106050000007","201743","5/27/2026 10:22:43 AM","10:05:41","ACCWISE_DISBURS_DET","","<CLOB>","Successfully Complete"
"116","000106050000007","201744","5/27/2026 10:24:36 AM","10:05:34","ACCWISE_DISBURS_DET","","<CLOB>","Successfully Complete"
"117","000106050000007","201746","5/27/2026 10:27:30 AM","10:05:28","ACCWISE_DISBURS_DET","","<CLOB>","Successfully Complete"
"118","000106050000007","201747","5/27/2026 10:32:28 AM","10:05:26","ACCWISE_DISBURS_DET","","<CLOB>","Successfully Complete"
"119","000106050000007","201749","5/27/2026 10:44:50 AM","10:05:48","ACCWISE_DISBURS_DET","","<CLOB>","Successfully Complete"
"120","000106050000007","201751","5/27/2026 11:09:40 AM","11:05:38","ACCWISE_DISBURS_DET","","<CLOB>","Successfully Complete"
"121","000106050000007","201772","5/27/2026 12:38:13 PM","12:05:11","ACCWISE_DISBURS_DET","","<CLOB>","Successfully Complete"
"122","000106050000007","201773","5/27/2026 12:45:57 PM","12:05:55","LOAN_FORWARD","","<CLOB>",""
"123","000106050000007","201774","5/27/2026 12:49:33 PM","12:05:32","LOAN_FORWARD","","<CLOB>",""
"124","000106050000007","201775","5/27/2026 12:50:53 PM","12:05:51","LOAN_FORWARD","","<CLOB>",""
"125","000106050000007","201777","5/27/2026 1:05:08 PM","01:05:06","ACCWISE_DISBURS_DET","","<CLOB>","Successfully Complete"
"126","000106050000007","201778","5/27/2026 1:06:05 PM","01:05:03","LOAN_FORWARD","","<CLOB>",""
"127","000106050000007","201781","5/27/2026 1:21:41 PM","01:05:40","ACCWISE_DISBURS_DET","","<CLOB>","Successfully Complete"
"128","000106050000007","201782","5/27/2026 1:21:50 PM","01:05:48","ACWISE_SAN_FORWARD","","<CLOB>","Successfully Complete"
"129","000106050000007","201783","5/27/2026 1:21:50 PM","01:05:48","ACCWISE_DISBURS_DET","","<CLOB>","Successfully Complete"
"130","000106050000007","201784","5/27/2026 1:22:35 PM","01:05:33","LOAN_FORWARD","","<CLOB>","Successfully Complete"
"131","000106050000007","201786","5/27/2026 1:26:31 PM","01:05:29","ACCWISE_DISBURS_DET","","<CLOB>","Successfully Complete"
"132","000106050000007","201787","5/27/2026 1:27:20 PM","01:05:18","ACWISE_SAN_FORWARD","","<CLOB>","Successfully Complete"
"133","000106050000007","201788","5/27/2026 1:27:20 PM","01:05:19","ACCWISE_DISBURS_DET","","<CLOB>","Successfully Complete"
"134","000106050000007","201790","5/27/2026 1:46:45 PM","01:05:44","ACCWISE_DISBURS_DET","","<CLOB>","Successfully Complete"
"135","000106050000007","201791","5/27/2026 1:47:19 PM","01:05:17","LOAN_FORWARD","","<CLOB>","Successfully Complete"
"136","000106050000007","201792","5/27/2026 1:47:56 PM","01:05:54","LOAN_FORWARD","","<CLOB>","Successfully Complete"
"137","000106050000007","201794","5/27/2026 1:49:38 PM","01:05:36","ACCWISE_DISBURS_DET","","<CLOB>","Successfully Complete"
"138","000106050000007","201795","5/27/2026 1:49:52 PM","01:05:50","ACWISE_SAN_FORWARD","","<CLOB>","Successfully Complete"
"139","000106050000007","201796","5/27/2026 1:49:52 PM","01:05:50","ACCWISE_DISBURS_DET","","<CLOB>","Successfully Complete"
"140","000106050000007","201797","5/27/2026 1:50:14 PM","01:05:12","ACWISE_SAN_FORWARD","","<CLOB>","Successfully Complete"
"141","000106050000007","201798","5/27/2026 1:50:14 PM","01:05:12","ACCWISE_DISBURS_DET","","<CLOB>","Successfully Complete"
"142","000106050000007","201802","5/27/2026 1:58:13 PM","01:05:11","ACCWISE_DISBURS_DET","","<CLOB>","Successfully Complete"
"143","000106050000007","201803","5/27/2026 2:05:36 PM","02:05:34","LOAN_FORWARD","","<CLOB>","Successfully Complete"
"144","000106050000007","201805","5/27/2026 2:07:08 PM","02:05:06","ACCWISE_DISBURS_DET","","<CLOB>","Successfully Complete"
"145","000106050000007","201806","5/27/2026 2:07:52 PM","02:05:50","ACWISE_SAN_FORWARD","","<CLOB>","Successfully Complete"
"146","000106050000007","201807","5/27/2026 2:07:52 PM","02:05:50","ACCWISE_DISBURS_DET","","<CLOB>","Successfully Complete"
"147","000106050000007","201808","5/27/2026 2:08:34 PM","02:05:32","LOAN_FORWARD","","<CLOB>","Successfully Complete"
"148","000106050000007","201809","5/27/2026 2:08:34 PM","02:05:32","ACCWISE_DISBURS_DET","","<CLOB>","Successfully Complete"
"149","000106050000007","201810","5/27/2026 2:09:17 PM","02:05:15","ACWISE_SAN_FORWARD","","<CLOB>","Successfully Complete"
"150","000106050000007","201811","5/27/2026 2:09:17 PM","02:05:15","ACCWISE_DISBURS_DET","","<CLOB>","Successfully Complete"
"151","000106050000007","201812","5/27/2026 2:10:11 PM","02:05:09","LOAN_FORWARD","","<CLOB>","Successfully Complete"
"152","000106050000007","201813","5/27/2026 2:10:11 PM","02:05:09","ACCWISE_DISBURS_DET","","<CLOB>","Successfully Complete"
"153","000106050000007","201815","5/27/2026 3:11:53 PM","03:05:52","ACCWISE_DISBURS_DET","","<CLOB>","Successfully Complete"
"154","000106050000007","201816","5/27/2026 3:12:01 PM","03:05:59","STATMENTAC","","<CLOB>","Successfully Complete"
"155","000106050000007","201817","5/27/2026 3:12:30 PM","03:05:28","STATMENTAC","","<CLOB>","Successfully Complete"
"156","000106050000008","200343","4/22/2026 10:56:17 AM","10:04:19","ACOPEN","FI202400001","<CLOB>","Customer Onboarding Process Successfully Complete With Customer ID - 5374 And QUASI Account Number - 1050401#000106050000008 And EQUITY Account Number - "
"157","000106050000008","201745","5/27/2026 10:26:47 AM","10:05:46","ACCWISE_DISBURS_DET","","<CLOB>","Successfully Complete"
"158","000106050000009","200583","4/24/2026 9:24:53 AM","09:04:55","ACOPEN","FI202400001","<CLOB>","Customer Onboarding Process Successfully Complete With Customer ID - 5396 And QUASI Account Number - 1050401#000106050000009 And EQUITY Account Number - "
"159","000106050000009","201800","5/27/2026 1:51:27 PM","01:05:25","ACCWISE_DISBURS_DET","","<CLOB>","Successfully Complete"
"160","000106050000010","201078","5/13/2026 12:55:04 PM","12:05:04","ACOPEN","FI202400001","<CLOB>","Customer Onboarding Process Successfully Complete With Customer ID - 5395 And QUASI Account Number - 1050401#000106050000010 And EQUITY Account Number - "
"161","000106050000010","201922","5/28/2026 11:46:15 AM","11:05:14","ACCWISE_DISBURS_DET","","<CLOB>","Successfully Complete"
"162","000106050000010","201936","5/28/2026 12:06:20 PM","12:05:18","ACCWISE_DISBURS_DET","","<CLOB>","Successfully Complete"
"163","000106050000010","201937","5/28/2026 12:07:23 PM","12:05:21","LOAN_FORWARD","","<CLOB>","Successfully Complete"
"164","000106050000010","201938","5/28/2026 12:07:23 PM","12:05:21","ACCWISE_DISBURS_DET","","<CLOB>","Successfully Complete"
"165","000106050000011","201559","5/21/2026 3:34:17 PM","03:05:16","ACOPEN","FI202400001","<CLOB>","Customer Onboarding Process Successfully Complete With Customer ID - 4882 And QUASI Account Number - 1050401#000106050000011 And EQUITY Account Number - "
"166","000106050000011","202182","6/11/2026 3:16:11 PM","03:06:08","ACCWISE_DISBURS_DET","","<CLOB>","Successfully Complete"
"167","000106050000011","202183","6/11/2026 3:16:29 PM","03:06:27","LOAN_FORWARD","","<CLOB>","Successfully Complete"
"168","000106050000011","202184","6/11/2026 3:16:30 PM","03:06:27","ACCWISE_DISBURS_DET","","<CLOB>","Successfully Complete"
"169","000106050000011","202192","6/11/2026 3:33:52 PM","03:06:48","ACCWISE_DISBURS_DET","","<CLOB>","Successfully Complete"
"170","000106050000011","202217","6/11/2026 4:39:56 PM","04:06:53","ACCWISE_DISBURS_DET","","<CLOB>","Successfully Complete"
"171","000106050000011","202222","6/11/2026 4:47:26 PM","04:06:23","ACCWISE_DISBURS_DET","","<CLOB>","Successfully Complete"
"172","000106050000011","202223","6/11/2026 4:48:11 PM","04:06:08","ACWISE_SAN_FORWARD","","<CLOB>","Successfully Complete"
"173","000106050000011","202224","6/11/2026 4:48:11 PM","04:06:08","ACCWISE_DISBURS_DET","","<CLOB>","Successfully Complete"
"174","000106050000011","202225","6/11/2026 4:49:04 PM","04:06:01","LOAN_FORWARD","","<CLOB>","Successfully Complete"
"175","000106050000011","202226","6/11/2026 4:49:04 PM","04:06:01","ACCWISE_DISBURS_DET","","<CLOB>","Successfully Complete"
"176","000106050000011","202229","6/11/2026 4:57:53 PM","04:06:49","ACCWISE_DISBURS_DET","","<CLOB>","Successfully Complete"
"177","000106050000011","202230","6/11/2026 4:57:56 PM","04:06:53","ACWISE_SAN_FORWARD","","<CLOB>","Successfully Complete"
"178","000106050000011","202231","6/11/2026 4:57:56 PM","04:06:53","ACCWISE_DISBURS_DET","","<CLOB>","Successfully Complete"
"179","000106050000012","201688","5/25/2026 4:49:11 PM","04:05:09","ACOPEN","FI202400001","<CLOB>","Customer Onboarding Process Successfully Complete With Customer ID - 5394 And QUASI Account Number - 1050401#000106050000012 And EQUITY Account Number - "
"180","000106050000012","202187","6/11/2026 3:16:50 PM","03:06:47","ACCWISE_DISBURS_DET","","<CLOB>","Successfully Complete"
"181","000106050000012","202188","6/11/2026 3:17:05 PM","03:06:03","LOAN_FORWARD","","<CLOB>","Successfully Complete"
"182","000106050000012","202189","6/11/2026 3:17:06 PM","03:06:03","ACCWISE_DISBURS_DET","","<CLOB>","Successfully Complete"
"183","000106050000012","202195","6/11/2026 3:34:22 PM","03:06:19","ACCWISE_DISBURS_DET","","<CLOB>","Successfully Complete"
"184","000106050000012","202220","6/11/2026 4:40:53 PM","04:06:50","ACCWISE_DISBURS_DET","","<CLOB>","Successfully Complete"
"185","000106050000012","202234","6/11/2026 4:58:08 PM","04:06:05","ACCWISE_DISBURS_DET","","<CLOB>","Successfully Complete"
"186","000106050000012","202235","6/11/2026 4:58:13 PM","04:06:10","ACWISE_SAN_FORWARD","","<CLOB>","Successfully Complete"
"187","000106050000012","202236","6/11/2026 4:58:13 PM","04:06:10","ACCWISE_DISBURS_DET","","<CLOB>","Successfully Complete"
"188","000106050000012","202247","6/11/2026 4:58:24 PM","04:06:21","ACCWISE_DISBURS_DET","","<CLOB>","Successfully Complete"
"189","000106050000013","203032","6/30/2026 9:22:29 AM","09:06:25","ACOPEN","FI202400001","<CLOB>","Customer Onboarding Process Successfully Complete With Customer ID - 5406 And QUASI Account Number - 1050401#000106050000013 And EQUITY Account Number - "
"190","000106050000014","204918","8/10/2026 9:59:13 AM","09:08:07","ACOPEN","FI202400001","<CLOB>","Customer Onboarding Process Successfully Complete With Customer ID - 5316 And QUASI Account Number - 1050401#000106050000014 And EQUITY Account Number - "
"191","000106050000015","205924","8/28/2026 9:11:50 AM","09:08:43","ACOPEN","FI202400001","<CLOB>","Customer Onboarding Process Successfully Complete With Customer ID - 5413 And QUASI Account Number - 1050401#000106050000015 And EQUITY Account Number - "
"192","000106050000015","205926","8/28/2026 9:16:10 AM","09:08:03","ACCWISE_DISBURS_DET","","<CLOB>","Successfully Complete"
"193","000106050000015","205948","8/31/2026 4:34:01 PM","04:08:53","ACCWISE_DISBURS_DET","","<CLOB>","Successfully Complete"
"194","000106050000015","205951","8/31/2026 4:37:36 PM","04:08:28","ACCWISE_DISBURS_DET","","<CLOB>","Successfully Complete"
"195","000106050000015","205952","8/31/2026 4:39:08 PM","04:08:00","LOAN_FORWARD","","<CLOB>","Successfully Complete"
"196","000106050000015","205953","8/31/2026 4:39:08 PM","04:08:01","ACCWISE_DISBURS_DET","","<CLOB>","Successfully Complete"
"197","000106050000015","205954","8/31/2026 4:39:39 PM","04:08:32","ACWISE_SAN_FORWARD","","<CLOB>","Successfully Complete"
"198","000106050000015","205955","8/31/2026 4:39:39 PM","04:08:32","ACCWISE_DISBURS_DET","","<CLOB>","Successfully Complete"
"199","000106050000015","205956","8/31/2026 4:40:32 PM","04:08:25","LOAN_FORWARD","","<CLOB>","Successfully Complete"
"200","000106050000015","205957","8/31/2026 4:40:33 PM","04:08:25","ACCWISE_DISBURS_DET","","<CLOB>","Successfully Complete"
