"   ","GUARANTER_MST_ID","NEW_AC_NUMBER","SUB_ACCOUNT_NO","CUSTOMER_ID","GUARANTER_SRNO","REL_WITH_AC_FLAG","REL_WITH_ACHOLDER","ACTIVE_FLAG","DELETE_FLAG","OPERATION_ID","OPERATION_DATE","ENTER_USER_ID","ENTER_DESC","DELETE_USER_ID","DELETE_DESC","PASS_USER_ID","PASS_DESC","OLD_PRIMARY_KEY"
"1","3359","000104420000064","1","872","1","N","","Y","N","","9/3/2025","9999","Request From LOS Module","","","9999","Request From LOS Module",""
"2","7","000104430000063","1","1532","1","N","","Y","N","","10/1/2024","9999","Request From LOS Module","","","9999","Request From LOS Module",""
"3","13","000104430000064","1","0","1","N","","Y","N","","10/28/2024","9999","Request From LOS Module","","","9999","Request From LOS Module",""
"4","14","000104430000065","1","1557","1","N","","Y","N","","10/31/2024","9999","Request From LOS Module","","","9999","Request From LOS Module",""
"5","18","000104430000066","1","1584","1","N","","Y","N","","11/12/2024","9999","Request From LOS Module","","","9999","Request From LOS Module",""
"6","44","000104430000067","1","1586","1","N","","Y","N","","11/20/2024","9999","Request From LOS Module","","","9999","Request From LOS Module",""
"7","45","000104430000068","1","1586","1","N","","Y","N","","11/27/2024","9999","Request From LOS Module","","","9999","Request From LOS Module",""
"8","278","000104430000069","1","1810","1","N","","Y","N","","12/19/2024","9999","Request From LOS Module","","","9999","Request From LOS Module",""
"9","637","000104430000070","1","1588","1","N","","Y","N","","1/23/2025","9999","Request From LOS Module","","","9999","Request From LOS Module",""
"10","1170","000104430000071","1","2679","1","N","","Y","N","","5/2/2025","9999","Request From LOS Module","","","9999","Request From LOS Module",""
"11","1171","000104430000072","1","2664","1","N","0","Y","N","M2","1/12/2026","9999","Request From LOS Module","","","22","0-1-20/01/2026-14:38:30-192.168.002.001",""
"12","1175","000104430000073","1","2638","1","N","","Y","N","","5/16/2025","9999","Request From LOS Module","","","9999","Request From LOS Module",""
"13","1176","000104430000074","1","2709","1","N","","Y","N","","5/16/2025","9999","Request From LOS Module","","","9999","Request From LOS Module",""
"14","1227","000104430000075","1","1907","1","N","","Y","N","","5/23/2025","9999","Request From LOS Module","","","9999","Request From LOS Module",""
"15","2053","000104430000076","1","2705","1","N","","Y","N","","6/11/2025","9999","Request From LOS Module","","","9999","Request From LOS Module",""
"16","3248","000104430000077","1","3230","1","N","","Y","N","","6/19/2025","9999","Request From LOS Module","","","9999","Request From LOS Module",""
"17","3347","000104430000078","1","3179","1","N","","Y","N","","6/30/2025","9999","Request From LOS Module","","","9999","Request From LOS Module",""
"18","3348","000104430000079","1","2707","1","N","","Y","N","","7/10/2025","9999","Request From LOS Module","","","9999","Request From LOS Module",""
"19","3350","000104430000080","1","3252","1","N","0","Y","N","M12","12/30/2025","9999","Request From LOS Module","","","22","0-1-03/01/2026-11:37:57-192.168.002.001",""
"20","3351","000104430000081","1","2635","1","N","","Y","N","","7/24/2025","9999","Request From LOS Module","","","9999","Request From LOS Module",""
"21","3352","000104430000082","1","2635","1","N","","Y","N","","7/25/2025","9999","Request From LOS Module","","","9999","Request From LOS Module",""
"22","3354","000104430000083","1","5012","1","N","","Y","N","","8/5/2025","9999","Request From LOS Module","","","9999","Request From LOS Module",""
"23","3355","000104430000084","1","1588","1","N","","Y","N","","8/8/2025","9999","Request From LOS Module","","","9999","Request From LOS Module",""
"24","3356","000104430000085","1","5316","1","N","","Y","N","","8/8/2025","9999","Request From LOS Module","","","9999","Request From LOS Module",""
"25","3357","000104430000086","1","5317","1","N","","Y","N","","8/27/2025","9999","Request From LOS Module","","","9999","Request From LOS Module",""
"26","3360","000104430000087","1","5012","1","N","","Y","N","","9/30/2025","9999","Request From LOS Module","","","9999","Request From LOS Module",""
"27","3361","000104430000088","1","2637","1","N","","Y","N","","10/29/2025","9999","Request From LOS Module","","","9999","Request From LOS Module",""
"28","3362","000104430000089","1","2637","1","N","","Y","N","","10/30/2025","9999","Request From LOS Module","","","9999","Request From LOS Module",""
"29","3","000104440000005","1","1535","1","N","","Y","N","","10/1/2024","9999","Request From LOS Module","","","9999","Request From LOS Module",""
"30","9","000104440000006","1","1541","1","N","","Y","N","","10/1/2024","9999","Request From LOS Module","","","9999","Request From LOS Module",""
"31","4","000104450000096","1","1536","1","N","","Y","N","","10/1/2024","9999","Request From LOS Module","","","9999","Request From LOS Module",""
"32","10","000104450000097","1","1542","1","N","","Y","N","","10/1/2024","9999","Request From LOS Module","","","9999","Request From LOS Module",""
"33","3385","000104450000098","1","5415","1","N","","Y","N","","8/19/2026","9999","Request From LOS Module","","","9999","Request From LOS Module",""
"34","1","000104460000102","1","52","1","N","","Y","N","","8/1/2024","9999","Request From LOS Module","","","9999","Request From LOS Module",""
"35","2","000104460000103","1","1534","1","N","","Y","N","","10/1/2024","9999","Request From LOS Module","","","9999","Request From LOS Module",""
"36","12","000104460000104","1","0","1","N","","Y","N","","10/28/2024","9999","Request From LOS Module","","","9999","Request From LOS Module",""
"37","16","000104460000105","1","1582","1","N","","Y","N","","10/31/2024","9999","Request From LOS Module","","","9999","Request From LOS Module",""
"38","17","000104460000106","1","0","1","N","","Y","N","","11/5/2024","9999","Request From LOS Module","","","9999","Request From LOS Module",""
"39","372","000104460000107","1","1604","1","N","","Y","N","","12/31/2024","9999","Request From LOS Module","","","9999","Request From LOS Module",""
"40","638","000104460000108","1","1584","1","N","","Y","N","","1/23/2025","9999","Request From LOS Module","","","9999","Request From LOS Module",""
"41","1172","000104460000109","1","3225","1","N","","Y","N","","5/9/2025","9999","Request From LOS Module","","","9999","Request From LOS Module",""
"42","1173","000104460000110","1","3230","1","N","","Y","N","","5/9/2025","9999","Request From LOS Module","","","9999","Request From LOS Module",""
"43","1228","000104460000111","1","3217","1","N","","Y","N","","5/26/2025","9999","Request From LOS Module","","","9999","Request From LOS Module",""
"44","3349","000104460000112","1","1906","1","N","","Y","N","","7/17/2025","9999","Request From LOS Module","","","9999","Request From LOS Module",""
"45","3363","000104460000113","1","5330","1","N","","Y","N","","11/30/2025","9999","Request From LOS Module","","","9999","Request From LOS Module",""
"46","3364","000104460000114","1","5328","1","N","","Y","N","","11/30/2025","9999","Request From LOS Module","","","9999","Request From LOS Module",""
"47","3369","000104460000115","1","5327","1","N","","Y","N","","12/12/2025","9999","Request From LOS Module","","","9999","Request From LOS Module",""
"48","3370","000104460000116","1","1810","1","N","","Y","N","","12/16/2025","9999","Request From LOS Module","","","9999","Request From LOS Module",""
"49","3371","000104460000117","1","5329","1","N","","Y","N","","12/17/2025","9999","Request From LOS Module","","","9999","Request From LOS Module",""
"50","3373","000104460000118","1","1555","1","N","","Y","N","","12/23/2025","9999","Request From LOS Module","","","9999","Request From LOS Module",""
"51","3374","000104460000119","1","5326","1","N","","Y","N","","12/31/2025","9999","Request From LOS Module","","","9999","Request From LOS Module",""
"52","3377","000104460000120","1","3225","1","N","","Y","N","","3/30/2026","9999","Request From LOS Module","","","9999","Request From LOS Module",""
"53","5","000105810000001","1","1537","1","N","","Y","N","","10/1/2024","9999","Request From LOS Module","","","9999","Request From LOS Module",""
"54","331","000105810000002","1","1604","1","N","","Y","N","","12/19/2024","9999","Request From LOS Module","","","9999","Request From LOS Module",""
"55","1174","000105810000003","1","3217","1","N","","Y","N","","5/16/2025","9999","Request From LOS Module","","","9999","Request From LOS Module",""
"56","1177","000105810000004","1","3217","1","N","","Y","N","","5/22/2025","9999","Request From LOS Module","","","9999","Request From LOS Module",""
"57","3365","000106050000001","1","5320","1","N","","Y","N","","11/30/2025","9999","Request From LOS Module","","","9999","Request From LOS Module",""
"58","3366","000106050000002","1","5319","1","N","","Y","N","","11/30/2025","9999","Request From LOS Module","","","9999","Request From LOS Module",""
"59","3367","000106050000003","1","4315","1","N","","Y","N","","11/30/2025","9999","Request From LOS Module","","","9999","Request From LOS Module",""
"60","3368","000106050000004","1","5331","1","N","","Y","N","","11/30/2025","9999","Request From LOS Module","","","9999","Request From LOS Module",""
"61","3372","000106050000005","1","5332","1","N","","Y","N","","12/18/2025","9999","Request From LOS Module","","","9999","Request From LOS Module",""
"62","3375","000106050000006","1","2664","1","N","","Y","N","","1/16/2026","9999","Request From LOS Module","","","9999","Request From LOS Module",""
"63","3376","000106050000007","1","5323","1","N","","Y","N","","3/16/2026","9999","Request From LOS Module","","","9999","Request From LOS Module",""
"64","3378","000106050000008","1","5374","1","N","","Y","N","","4/20/2026","9999","Request From LOS Module","","","9999","Request From LOS Module",""
"65","3379","000106050000009","1","0","1","N","","Y","N","","4/20/2026","9999","Request From LOS Module","","","9999","Request From LOS Module",""
"66","3380","000106050000010","1","5395","1","N","","Y","N","","5/13/2026","9999","Request From LOS Module","","","9999","Request From LOS Module",""
"67","3381","000106050000011","1","4882","1","N","","Y","N","","5/15/2026","9999","Request From LOS Module","","","9999","Request From LOS Module",""
"68","3382","000106050000012","1","5394","1","N","","Y","N","","5/19/2026","9999","Request From LOS Module","","","9999","Request From LOS Module",""
"69","3383","000106050000013","1","5406","1","N","","Y","N","","6/29/2026","9999","Request From LOS Module","","","9999","Request From LOS Module",""
"70","3384","000106050000014","1","5316","1","N","","Y","N","","8/1/2026","9999","Request From LOS Module","","","9999","Request From LOS Module",""
"71","3386","000106050000015","1","5413","1","N","","Y","N","","8/28/2026","9999","Request From LOS Module","","","9999","Request From LOS Module",""
