"   ","NEW_AC_NUMBER","CUSTOMER_ID","CUST_SEC_DET_ID","OP_BRMST_ID","TRANSACTION_DATE","CUSTOMER_ID","SECURITY_DESCRIPTION","SECURITY_VALUE","SECURITY_TYPE","REF_OF_SECURITY","ACTIVE_FLAG","DELETE_FLAG","OPERATION_ID","OPERATION_DATE","ENTER_USER_ID","ENTER_DESC","MODIFY_USER_ID","MODIFY_DESC","PASS_FLAG","PASS_USER_ID","PASS_DESC","LOS_SECURITY_ID"
"1","000104420000063","1342","16","1","8/6/2024","1342","HORTINET FOODS LIMITED-DEPOSIT-HORTINET FOODS LIMITED, LILONGWE","10000000.00","P","xxxxxxxxx","Y","N","","8/6/2024","9999","Request From LOS Module","","","Y","9999","Request From LOS Module","18"
"2","000104420000064","872","1206","1","9/3/2025","872","BY NAMALOWE ECO FARM’S EXISTING PROPERTY (VALUED AT MK734.5 MILLION, TITLE NO. 87189) ","514150000.00","P","xxxxxxxxx","Y","N","","9/3/2025","9999","Request From LOS Module","","","Y","9999","Request From LOS Module","3900"
"3","000104430000055","887","9","1","6/3/2024","887","NASCOMEX LTD--AREA 28, LILONGWE","783000000.00","P","xxxxxxxxx","Y","N","","6/3/2024","9999","Request From LOS Module","","","Y","9999","Request From LOS Module","4"
"4","000104430000056","325","10","1","6/3/2024","325","GUY PICKERING-HOUSE, STAFF HOUSES-CAPITAL HILL, DAIRY FARM, PLOT 923, AREA 44","342000000.00","P","xxxxxxxxx","Y","N","","6/3/2024","9999","Request From LOS Module","","","Y","9999","Request From LOS Module","5"
"5","000104430000056","325","12","1","6/3/2024","325","GUY PICKERING-HOUSES-AREA 44","570000000.00","P","xxxxxxxxx","Y","N","","6/3/2024","9999","Request From LOS Module","","","Y","9999","Request From LOS Module","6"
"6","000104430000057","325","10","1","6/3/2024","325","GUY PICKERING-HOUSE, STAFF HOUSES-CAPITAL HILL, DAIRY FARM, PLOT 923, AREA 44","342000000.00","P","xxxxxxxxx","Y","N","","6/3/2024","9999","Request From LOS Module","","","Y","9999","Request From LOS Module","5"
"7","000104430000057","325","12","1","6/3/2024","325","GUY PICKERING-HOUSES-AREA 44","570000000.00","P","xxxxxxxxx","Y","N","","6/3/2024","9999","Request From LOS Module","","","Y","9999","Request From LOS Module","6"
"8","000104430000059","1398","15","1","6/18/2024","1398","TREVOR HIWA--LILONGWE AREA 10","180000000.00","P","xxxxxxxxx","Y","N","","6/18/2024","9999","Request From LOS Module","","","Y","9999","Request From LOS Module","15"
"9","000104430000061","100","17","1","8/7/2024","100","ESTHER KATHUMBA--P.O BOX 307, LILONGWE","300000000.00","P","xxxxxxxxx","Y","N","","8/7/2024","9999","Request From LOS Module","","","Y","9999","Request From LOS Module","17"
"10","000104430000062","1434","18","1","8/1/2024","1434","TEST NAME-TEST  DESC-LILONGWE, MALAWE","6929292928.60","P","xxxxxxxxx","Y","N","","8/1/2024","9999","Request From LOS Module","","","Y","9999","Request From LOS Module","20"
"11","000104430000063","1532","24","1","10/1/2024","1532","TEST","3600.00","P","xxxxxxxxx","Y","N","","10/1/2024","9999","Request From LOS Module","","","Y","9999","Request From LOS Module","19"
"12","000104430000063","1532","237","1","12/19/2024","1532","BALAKA","3600000.00","P","xxxxxxxxx","Y","N","","12/19/2024","9999","Request From LOS Module","","","Y","9999","Request From LOS Module","33"
"13","000104430000064","1555","30","1","10/28/2024","1555","RESIDENTIAL PROPERTY","23700000.00","P","xxxxxxxxx","Y","N","","10/28/2024","9999","Request From LOS Module","","","Y","9999","Request From LOS Module","37"
"14","000104430000064","1555","1227","1","12/23/2025","1555","RESIDENTIAL PROPERTY","98840000.00","P","xxxxxxxxx","Y","N","","12/23/2025","9999","Request From LOS Module","","","Y","9999","Request From LOS Module","3923"
"15","000104430000065","1557","31","1","10/31/2024","1557","PLOT ","13500000.00","P","xxxxxxxxx","Y","N","","10/31/2024","9999","Request From LOS Module","","","Y","9999","Request From LOS Module","38"
"16","000104430000066","1584","34","1","11/12/2024","1584","RESIDENTIAL PROPERTY","31500000.00","P","xxxxxxxxx","Y","N","","11/12/2024","9999","Request From LOS Module","","","Y","9999","Request From LOS Module","49"
"17","000104430000066","1584","580","1","1/23/2025","1584","RESIDENTIAL PROPERTY","35000000.00","P","xxxxxxxxx","Y","N","","1/23/2025","9999","Request From LOS Module","","","Y","9999","Request From LOS Module","502"
"18","000104430000067","1586","59","1","11/20/2024","1586","RESIDENTIAL PROPERTY","87500000.00","P","xxxxxxxxx","Y","N","","11/20/2024","9999","Request From LOS Module","","","Y","9999","Request From LOS Module","62"
"19","000104430000067","1586","60","1","11/27/2024","1586","RESIDENTIAL  PROPERTY","191800000.00","P","xxxxxxxxx","Y","N","","11/27/2024","9999","Request From LOS Module","","","Y","9999","Request From LOS Module","50"
"20","000104430000068","1586","59","1","11/20/2024","1586","RESIDENTIAL PROPERTY","87500000.00","P","xxxxxxxxx","Y","N","","11/20/2024","9999","Request From LOS Module","","","Y","9999","Request From LOS Module","62"
"21","000104430000068","1586","60","1","11/27/2024","1586","RESIDENTIAL  PROPERTY","191800000.00","P","xxxxxxxxx","Y","N","","11/27/2024","9999","Request From LOS Module","","","Y","9999","Request From LOS Module","50"
"22","000104430000069","1810","245","1","12/19/2024","1810","A VEHICLE","29000000.00","P","xxxxxxxxx","Y","N","","12/19/2024","9999","Request From LOS Module","","","Y","9999","Request From LOS Module","359"
"23","000104430000069","1810","246","1","12/19/2024","1810"," A VEHICLE","20000000.00","P","xxxxxxxxx","Y","N","","12/19/2024","9999","Request From LOS Module","","","Y","9999","Request From LOS Module","357"
"24","000104430000069","1810","247","1","12/19/2024","1810","A VEHICLE","89750000.00","P","xxxxxxxxx","Y","N","","12/19/2024","9999","Request From LOS Module","","","Y","9999","Request From LOS Module","358"
"25","000104430000069","1810","248","1","12/19/2024","1810","A VEHICLE","24950000.00","P","xxxxxxxxx","Y","N","","12/19/2024","9999","Request From LOS Module","","","Y","9999","Request From LOS Module","361"
"26","000104430000069","1810","249","1","12/19/2024","1810","A COMMERCIAL PROPERTY","132650000.00","P","xxxxxxxxx","Y","N","","12/19/2024","9999","Request From LOS Module","","","Y","9999","Request From LOS Module","356"
"27","000104430000069","1810","250","1","12/19/2024","1810","A VEHICLE","24950000.00","P","xxxxxxxxx","Y","N","","12/19/2024","9999","Request From LOS Module","","","Y","9999","Request From LOS Module","360"
"28","000104430000069","1810","1222","1","12/16/2025","1810","CREATION OF 7.1% LINE OVER PERFORMING LOAN BOOK VALUED AT MK 7051467424","493602719.68","P","xxxxxxxxx","Y","N","","12/16/2025","9999","Request From LOS Module","","","Y","9999","Request From LOS Module","3933"
"29","000104430000070","1588","41","1","11/14/2024","1588","COMMERCIAL PROPERTY","1400000000.00","P","xxxxxxxxx","Y","N","","11/14/2024","9999","Request From LOS Module","","","Y","9999","Request From LOS Module","52"
"30","000104430000070","1588","43","1","11/14/2024","1588","COMMERCIAL PROPERTY","1400000000.00","P","xxxxxxxxx","Y","N","","11/14/2024","9999","Request From LOS Module","","","Y","9999","Request From LOS Module","52"
"31","000104430000070","1588","44","1","11/14/2024","1588","COMMERCIAL PROPERTY","1400000000.00","P","xxxxxxxxx","Y","N","","11/14/2024","9999","Request From LOS Module","","","Y","9999","Request From LOS Module","52"
"32","000104430000070","1588","577","1","1/23/2025","1588","RESIDENTIAL PROPERTY","127890000.00","P","xxxxxxxxx","Y","N","","1/23/2025","9999","Request From LOS Module","","","Y","9999","Request From LOS Module","508"
"33","000104430000070","1588","578","1","1/23/2025","1588","COMMERCIAL PROPERTY","81900000.00","P","xxxxxxxxx","Y","N","","1/23/2025","9999","Request From LOS Module","","","Y","9999","Request From LOS Module","507"
"34","000104430000070","1588","579","1","1/23/2025","1588","RESIDENTIAL PROPERTY","143500000.00","P","xxxxxxxxx","Y","N","","1/23/2025","9999","Request From LOS Module","","","Y","9999","Request From LOS Module","506"
"35","000104430000070","1588","1199","1","8/8/2025","1588","COMMERCIAL PROPERTY IN AREA 49 LILONGWE","117000000.00","P","xxxxxxxxx","Y","N","","8/8/2025","9999","Request From LOS Module","","","Y","9999","Request From LOS Module","3821"
"36","000104430000070","1588","1200","1","8/8/2025","1588","REGISTRATION OF FINANCING STATEMENT OVER EXISTING AND EQUIPMENT TO BE PURCHASED","218694594.50","P","xxxxxxxxx","Y","N","","8/8/2025","9999","Request From LOS Module","","","Y","9999","Request From LOS Module","3826"
"37","000104430000070","1588","1201","1","8/8/2025","1588","RESIDENTIAL PROPERTY IN AREA 49 LILONGWE","143500000.00","P","xxxxxxxxx","Y","N","","8/8/2025","9999","Request From LOS Module","","","Y","9999","Request From LOS Module","3820"
"38","000104430000070","1588","1202","1","8/8/2025","1588","RESIDENTIAL PROPERTY IN AREA 49 NEW GULLIVER LILONGWE","182700000.00","P","xxxxxxxxx","Y","N","","8/8/2025","9999","Request From LOS Module","","","Y","9999","Request From LOS Module","3822"
"39","000104430000070","1588","1203","1","8/8/2025","1588","COMMERCIAL PROPERTY IN AREA 6, LILONGWE CITY","455000000.00","P","xxxxxxxxx","Y","N","","8/8/2025","9999","Request From LOS Module","","","Y","9999","Request From LOS Module","3823"
"40","000104430000071","2679","817","1","5/2/2025","2679","DWELLING HOUSE SITUATED IN AREA 17","260157800.00","P","xxxxxxxxx","Y","N","","5/2/2025","9999","Request From LOS Module","","","Y","9999","Request From LOS Module","1281"
"41","000104430000072","2664","1230","1","1/16/2026","2664","LOAN BOOK FLOATING LIEN","3500000000.10","P","xxxxxxxxx","Y","N","","1/16/2026","9999","Request From LOS Module","","","Y","9999","Request From LOS Module","3940"
"42","000104430000073","2638","825","1","5/16/2025","2638","THE FACILITY WILL BE SECURED, A LIEN WILL BE PLACED ON THE LOAN BOOK, WHICH STOOD AT MWK4 BILLION AS OF DECEMBER 2024","685081615.20","P","xxxxxxxxx","Y","N","","5/16/2025","9999","Request From LOS Module","","","Y","9999","Request From LOS Module","1111"
"43","000104430000074","2709","826","1","5/16/2025","2709","THE PROPERTY CONSISTS OF SINGLE-STOREY SPLIT-LEVEL FOUR-BEDROOMED (MASTER AND GUEST BEDROOMS WITH BATHROOMS EN-SUITE) DWELLING HOUSE, STAFF QUARTERS FOR TWO, DOUBLE CARPORTS AND GATE HOUSE. THE PROPERTY IS LOCATED ALONG CHISI ROAD, SUNNYSIDE LOW-DENSITY","290500000.00","P","xxxxxxxxx","Y","N","","5/16/2025","9999","Request From LOS Module","","","Y","9999","Request From LOS Module","1288"
"44","000104430000075","1907","829","1","5/23/2025","1907","RESIDENTIAL PROPERTY LOCATED IN AREA 18B","79945600.00","P","xxxxxxxxx","Y","N","","5/23/2025","9999","Request From LOS Module","","","Y","9999","Request From LOS Module","1105"
"45","000104430000076","2705","980","1","6/11/2025","2705","SURETY CHARGE OVER A RESIDENTIAL PROPERTY WITH TITLE NUMBER KATOTO-21/15, REGISTERED IN THE NAME OF HARRY MKANDAWIRE, LOCATED AT KATOTO IN THE CITY OF MZUZU VALUED AT MK175 MILLION BY J.J. KANTEMA OF REAL PROPERTY AND DEVELOPMENT CONSULTANTS","122500000.00","P","xxxxxxxxx","Y","N","","6/11/2025","9999","Request From LOS Module","","","Y","9999","Request From LOS Module","1282"
"46","000104430000076","2705","981","1","6/11/2025","2705","REGISTRATION OF FINANCING STATEMENT ON THE EQUIPMENT BEING PURCHASED","35771250.00","P","xxxxxxxxx","Y","N","","6/11/2025","9999","Request From LOS Module","","","Y","9999","Request From LOS Module","1283"
"47","000104430000077","3230","821","1","5/9/2025","3230","THE FACILITY WILL BE SECURED BY A CHARGE OVER AREA 43 PROPERTY TITLE NUMBER 43/89. ","140000000.00","P","xxxxxxxxx","Y","N","","5/9/2025","9999","Request From LOS Module","","","Y","9999","Request From LOS Module","1812"
"48","000104430000077","3230","822","1","5/9/2025","3230","THE SECURITY POSITION WILL BE ENHANCED BY REGISTRATION OF FINANCING STATEMENT OVER THE COLD CHAIN EQUIPMENT BEING PURCHASED.","97500000.00","P","xxxxxxxxx","Y","N","","5/9/2025","9999","Request From LOS Module","","","Y","9999","Request From LOS Module","1813"
"49","000104430000077","3230","1170","1","6/19/2025","3230","COMMERCIAL PROPERTY","140000000.00","P","xxxxxxxxx","Y","N","","6/19/2025","9999","Request From LOS Module","","","Y","9999","Request From LOS Module","3824"
"50","000104430000077","3230","1171","1","6/19/2025","3230","REGISTRATION OF FINANCING STATEMENT OVER THE COLD CHAIN EQUIPMENT TO BE PURCHASED.","78000000.00","P","xxxxxxxxx","Y","N","","6/19/2025","9999","Request From LOS Module","","","Y","9999","Request From LOS Module","3825"
"51","000104430000078","3179","1190","1","6/30/2025","3179","A RESIDENTIAL PROPERTY WITH DEED NUMBER 93285. THE SUBJECT PROPERTY IS SITUATED IN MCHINJI DISTRICT ","46500000.00","P","xxxxxxxxx","Y","N","","6/30/2025","9999","Request From LOS Module","","","Y","9999","Request From LOS Module","1744"
"52","000104430000079","2707","1191","1","7/10/2025","2707","LIEN, OVER $50,000 HELD AT STANDARD BANK","86625000.00","P","xxxxxxxxx","Y","N","","7/10/2025","9999","Request From LOS Module","","","Y","9999","Request From LOS Module","1306"
"53","000104430000080","3252","1193","1","7/18/2025","3252","RESIDENTIAL PROPERTY WITH TITLE NUMBER MKOMACHI-49/853 LOCATED IN AREA 49 DUBAI, LILONGWE, CLOSE TO MWAMA POLICE, NYIKA STREET","50400000.00","P","xxxxxxxxx","Y","N","","7/18/2025","9999","Request From LOS Module","","","Y","9999","Request From LOS Module","1811"
"54","000104430000081","2635","1194","1","7/24/2025","2635","RESIDENTIAL PROPERTY NYAMBADWE 316 WITH 99 YEAR LEASE FROM 1ST JULY 1959","455000000.00","P","xxxxxxxxx","Y","N","","7/24/2025","9999","Request From LOS Module","","","Y","9999","Request From LOS Module","1143"
"55","000104430000081","2635","1195","1","7/25/2025","2635","RESIDENTIAL PROPERTY NYAMBADWE 316 WITH 99 YEAR LEASE FROM 1ST JULY 1959","455000000.00","P","xxxxxxxxx","Y","N","","7/25/2025","9999","Request From LOS Module","","","Y","9999","Request From LOS Module","3896"
"56","000104430000082","2635","1194","1","7/24/2025","2635","RESIDENTIAL PROPERTY NYAMBADWE 316 WITH 99 YEAR LEASE FROM 1ST JULY 1959","455000000.00","P","xxxxxxxxx","Y","N","","7/24/2025","9999","Request From LOS Module","","","Y","9999","Request From LOS Module","1143"
"57","000104430000082","2635","1195","1","7/25/2025","2635","RESIDENTIAL PROPERTY NYAMBADWE 316 WITH 99 YEAR LEASE FROM 1ST JULY 1959","455000000.00","P","xxxxxxxxx","Y","N","","7/25/2025","9999","Request From LOS Module","","","Y","9999","Request From LOS Module","3896"
"58","000104430000083","5012","1196","1","8/5/2025","5012","THE PROPERTY COMPRISES A WAREHOUSE AND STORAGE STRUCTURE. THE PROPERTY IS HELD UNDER FREEHOLD INTEREST AND IS REGISTERED IN THE NAME OF JAT INVESTMENTS. ","109900000.00","P","xxxxxxxxx","Y","N","","8/5/2025","9999","Request From LOS Module","","","Y","9999","Request From LOS Module","3789"
"59","000104430000083","5012","1197","1","8/5/2025","5012",". THE PROPERTY COMPRISES OF A THREE-BEDROOM DWELLING HOUSES AND STORAGE STRUCTURE. THE PROPERTY IS ENCLOSED BY A BRICK WALL PERIMETER FENCE.THE PROPERTY STANDS ON A 0.0525 HECTARE","38500000.00","P","xxxxxxxxx","Y","N","","8/5/2025","9999","Request From LOS Module","","","Y","9999","Request From LOS Module","3790"
"60","000104430000083","5012","1198","1","8/5/2025","5012","THE PLOT EXTENDS TO 0.2994HA AND IS RECTANGULAR IN SHAPE IDEAL FOR PROPERTY DEVELOPMENT","130200000.00","P","xxxxxxxxx","Y","N","","8/5/2025","9999","Request From LOS Module","","","Y","9999","Request From LOS Module","3791"
"61","000104430000083","5012","1207","1","9/30/2025","5012","RESIDENTAIL PROPERTY","94570000.00","P","xxxxxxxxx","Y","N","","9/30/2025","9999","Request From LOS Module","","","Y","9999","Request From LOS Module","3910"
"62","000104430000083","5012","1208","1","9/30/2025","5012","COMMERCIAL PROPERTY","130200000.00","P","xxxxxxxxx","Y","N","","9/30/2025","9999","Request From LOS Module","","","Y","9999","Request From LOS Module","3911"
"63","000104430000084","1588","41","1","11/14/2024","1588","COMMERCIAL PROPERTY","1400000000.00","P","xxxxxxxxx","Y","N","","11/14/2024","9999","Request From LOS Module","","","Y","9999","Request From LOS Module","52"
"64","000104430000084","1588","43","1","11/14/2024","1588","COMMERCIAL PROPERTY","1400000000.00","P","xxxxxxxxx","Y","N","","11/14/2024","9999","Request From LOS Module","","","Y","9999","Request From LOS Module","52"
"65","000104430000084","1588","44","1","11/14/2024","1588","COMMERCIAL PROPERTY","1400000000.00","P","xxxxxxxxx","Y","N","","11/14/2024","9999","Request From LOS Module","","","Y","9999","Request From LOS Module","52"
"66","000104430000084","1588","577","1","1/23/2025","1588","RESIDENTIAL PROPERTY","127890000.00","P","xxxxxxxxx","Y","N","","1/23/2025","9999","Request From LOS Module","","","Y","9999","Request From LOS Module","508"
"67","000104430000084","1588","578","1","1/23/2025","1588","COMMERCIAL PROPERTY","81900000.00","P","xxxxxxxxx","Y","N","","1/23/2025","9999","Request From LOS Module","","","Y","9999","Request From LOS Module","507"
"68","000104430000084","1588","579","1","1/23/2025","1588","RESIDENTIAL PROPERTY","143500000.00","P","xxxxxxxxx","Y","N","","1/23/2025","9999","Request From LOS Module","","","Y","9999","Request From LOS Module","506"
"69","000104430000084","1588","1199","1","8/8/2025","1588","COMMERCIAL PROPERTY IN AREA 49 LILONGWE","117000000.00","P","xxxxxxxxx","Y","N","","8/8/2025","9999","Request From LOS Module","","","Y","9999","Request From LOS Module","3821"
"70","000104430000084","1588","1200","1","8/8/2025","1588","REGISTRATION OF FINANCING STATEMENT OVER EXISTING AND EQUIPMENT TO BE PURCHASED","218694594.50","P","xxxxxxxxx","Y","N","","8/8/2025","9999","Request From LOS Module","","","Y","9999","Request From LOS Module","3826"
"71","000104430000084","1588","1201","1","8/8/2025","1588","RESIDENTIAL PROPERTY IN AREA 49 LILONGWE","143500000.00","P","xxxxxxxxx","Y","N","","8/8/2025","9999","Request From LOS Module","","","Y","9999","Request From LOS Module","3820"
"72","000104430000084","1588","1202","1","8/8/2025","1588","RESIDENTIAL PROPERTY IN AREA 49 NEW GULLIVER LILONGWE","182700000.00","P","xxxxxxxxx","Y","N","","8/8/2025","9999","Request From LOS Module","","","Y","9999","Request From LOS Module","3822"
"73","000104430000084","1588","1203","1","8/8/2025","1588","COMMERCIAL PROPERTY IN AREA 6, LILONGWE CITY","455000000.00","P","xxxxxxxxx","Y","N","","8/8/2025","9999","Request From LOS Module","","","Y","9999","Request From LOS Module","3823"
"74","000104430000085","5316","1244","1","8/1/2026","5316","LOAN BOOK","2657977290.50","P","xxxxxxxxx","Y","N","","8/1/2026","9999","Request From LOS Module","","","Y","9999","Request From LOS Module","3976"
"75","000104430000086","5317","1204","1","8/27/2025","5317","LIEN OVER LOAN BOOK","220500000.00","P","xxxxxxxxx","Y","N","","8/27/2025","9999","Request From LOS Module","","","Y","9999","Request From LOS Module","3899"
"76","000104430000086","5317","1205","1","8/27/2025","5317","COMMERCIAL PROPERTY LOCATED AT MCHINJI BOMA, REGISTERED UNDER TITLE DEED NUMBER 97635. THE PROPERTY, WHICH SERVES AS THE SACCO’S MAIN OFFICE AND OPERATIONAL CENTER","57500000.00","P","xxxxxxxxx","Y","N","","8/27/2025","9999","Request From LOS Module","","","Y","9999","Request From LOS Module","3898"
"77","000104430000087","5012","1196","1","8/5/2025","5012","THE PROPERTY COMPRISES A WAREHOUSE AND STORAGE STRUCTURE. THE PROPERTY IS HELD UNDER FREEHOLD INTEREST AND IS REGISTERED IN THE NAME OF JAT INVESTMENTS. ","109900000.00","P","xxxxxxxxx","Y","N","","8/5/2025","9999","Request From LOS Module","","","Y","9999","Request From LOS Module","3789"
"78","000104430000087","5012","1197","1","8/5/2025","5012",". THE PROPERTY COMPRISES OF A THREE-BEDROOM DWELLING HOUSES AND STORAGE STRUCTURE. THE PROPERTY IS ENCLOSED BY A BRICK WALL PERIMETER FENCE.THE PROPERTY STANDS ON A 0.0525 HECTARE","38500000.00","P","xxxxxxxxx","Y","N","","8/5/2025","9999","Request From LOS Module","","","Y","9999","Request From LOS Module","3790"
"79","000104430000087","5012","1198","1","8/5/2025","5012","THE PLOT EXTENDS TO 0.2994HA AND IS RECTANGULAR IN SHAPE IDEAL FOR PROPERTY DEVELOPMENT","130200000.00","P","xxxxxxxxx","Y","N","","8/5/2025","9999","Request From LOS Module","","","Y","9999","Request From LOS Module","3791"
"80","000104430000087","5012","1207","1","9/30/2025","5012","RESIDENTAIL PROPERTY","94570000.00","P","xxxxxxxxx","Y","N","","9/30/2025","9999","Request From LOS Module","","","Y","9999","Request From LOS Module","3910"
"81","000104430000087","5012","1208","1","9/30/2025","5012","COMMERCIAL PROPERTY","130200000.00","P","xxxxxxxxx","Y","N","","9/30/2025","9999","Request From LOS Module","","","Y","9999","Request From LOS Module","3911"
"82","000104430000088","2637","1209","1","10/29/2025","2637","THE SUBJECT PROPERTY IS A TWO-STOREY RESIDENTIAL HOUSE WITH FIVE BEDROOMS (FOUR ENSUITE) AND A GUARD OFFICE, ENCLOSED IN A BRICK WALL PERIMETER FENCE WITH A STEEL SLIDING GATE AND RAZOR BLADE SECURITY WIRE. THE HOUSE IS MADE UP OF BRICK MASONRY CONSTRUC","262500000.00","P","xxxxxxxxx","Y","N","","10/29/2025","9999","Request From LOS Module","","","Y","9999","Request From LOS Module","1106"
"83","000104430000088","2637","1210","1","10/29/2025","2637","REGISTRATION OF FINANCING STATEMENT OVER THE EQUIPMENT TO BE PURCHASED. (US$152,250)","133294500.00","P","xxxxxxxxx","Y","N","","10/29/2025","9999","Request From LOS Module","","","Y","9999","Request From LOS Module","1107"
"84","000104430000088","2637","1211","1","10/30/2025","2637","THE SUBJECT PROPERTY IS A TWO-STOREY RESIDENTIAL HOUSE WITH FIVE BEDROOMS (FOUR ENSUITE) AND A GUARD OFFICE, ENCLOSED IN A BRICK WALL PERIMETER FENCE WITH A STEEL SLIDING GATE AND RAZOR BLADE SECURITY WIRE. THE HOUSE IS MADE UP OF BRICK MASONRY CONSTRUC","262500000.00","P","xxxxxxxxx","Y","N","","10/30/2025","9999","Request From LOS Module","","","Y","9999","Request From LOS Module","3915"
"85","000104430000088","2637","1212","1","10/30/2025","2637","FINANCING STATEMENT ","133294500.00","P","xxxxxxxxx","Y","N","","10/30/2025","9999","Request From LOS Module","","","Y","9999","Request From LOS Module","3916"
"86","000104430000089","2637","1209","1","10/29/2025","2637","THE SUBJECT PROPERTY IS A TWO-STOREY RESIDENTIAL HOUSE WITH FIVE BEDROOMS (FOUR ENSUITE) AND A GUARD OFFICE, ENCLOSED IN A BRICK WALL PERIMETER FENCE WITH A STEEL SLIDING GATE AND RAZOR BLADE SECURITY WIRE. THE HOUSE IS MADE UP OF BRICK MASONRY CONSTRUC","262500000.00","P","xxxxxxxxx","Y","N","","10/29/2025","9999","Request From LOS Module","","","Y","9999","Request From LOS Module","1106"
"87","000104430000089","2637","1210","1","10/29/2025","2637","REGISTRATION OF FINANCING STATEMENT OVER THE EQUIPMENT TO BE PURCHASED. (US$152,250)","133294500.00","P","xxxxxxxxx","Y","N","","10/29/2025","9999","Request From LOS Module","","","Y","9999","Request From LOS Module","1107"
"88","000104430000089","2637","1211","1","10/30/2025","2637","THE SUBJECT PROPERTY IS A TWO-STOREY RESIDENTIAL HOUSE WITH FIVE BEDROOMS (FOUR ENSUITE) AND A GUARD OFFICE, ENCLOSED IN A BRICK WALL PERIMETER FENCE WITH A STEEL SLIDING GATE AND RAZOR BLADE SECURITY WIRE. THE HOUSE IS MADE UP OF BRICK MASONRY CONSTRUC","262500000.00","P","xxxxxxxxx","Y","N","","10/30/2025","9999","Request From LOS Module","","","Y","9999","Request From LOS Module","3915"
"89","000104430000089","2637","1212","1","10/30/2025","2637","FINANCING STATEMENT ","133294500.00","P","xxxxxxxxx","Y","N","","10/30/2025","9999","Request From LOS Module","","","Y","9999","Request From LOS Module","3916"
"90","000104440000005","1535","20","1","10/1/2024","1535","PLOT","10200000.00","P","xxxxxxxxx","Y","N","","10/1/2024","9999","Request From LOS Module","","","Y","9999","Request From LOS Module","21"
"91","000104440000006","1541","26","1","10/1/2024","1541","COMPLETED","189600.00","P","xxxxxxxxx","Y","N","","10/1/2024","9999","Request From LOS Module","","","Y","9999","Request From LOS Module","29"
"92","000104440000008","1601","55","1","11/18/2024","1601","FARM","1000000.00","P","xxxxxxxxx","Y","N","","11/18/2024","9999","Request From LOS Module","","","Y","9999","Request From LOS Module","61"
"93","000104450000095","1342","16","1","8/6/2024","1342","HORTINET FOODS LIMITED-DEPOSIT-HORTINET FOODS LIMITED, LILONGWE","10000000.00","P","xxxxxxxxx","Y","N","","8/6/2024","9999","Request From LOS Module","","","Y","9999","Request From LOS Module","18"
"94","000104450000096","1536","21","1","10/1/2024","1536","TEST","13500000.00","P","xxxxxxxxx","Y","N","","10/1/2024","9999","Request From LOS Module","","","Y","9999","Request From LOS Module","22"
"95","000104450000097","1542","27","1","10/1/2024","1542","SHARE21212","4815000.00","P","xxxxxxxxx","Y","N","","10/1/2024","9999","Request From LOS Module","","","Y","9999","Request From LOS Module","30"
"96","000104450000098","5415","1245","1","8/19/2026","5415","THE SUBJECT RESIDENTIAL PROPERTY COMPRISES A WELL-DEVELOPED SINGLE DETACHED DWELLING HOUSE SITUATED ON APPROXIMATELY 0.0905 HECTARES OF LAND IN AREA 45, LILONGWE, A MIXED-USE AREA LOCATED OFF THE LILONGWE BYPASS (-14.026107546965873, 33.76765197711049","364700000.00","P","xxxxxxxxx","Y","N","","8/19/2026","9999","Request From LOS Module","","","Y","9999","Request From LOS Module","3970"
"97","000104460000058","100","17","1","8/7/2024","100","ESTHER KATHUMBA--P.O BOX 307, LILONGWE","300000000.00","P","xxxxxxxxx","Y","N","","8/7/2024","9999","Request From LOS Module","","","Y","9999","Request From LOS Module","17"
"98","000104460000098","1364","6","1","5/31/2024","1364","  GREAT LAKES TRUST-THE PLOT MEASURES 0.0481 HECTARES AND IS FREE FROM ENCUMBRANCES. THE BUILDING STRUCTURES ON THE PLOT CONSIST OF A MODERN SINGLE TWO STOREY DWELLING HOUSE AND SERVANTS’ QUARTERS.-AREA 17","120750000.00","P","xxxxxxxxx","Y","N","","5/31/2024","9999","Request From LOS Module","","","Y","9999","Request From LOS Module","1"
"99","000104460000098","1364","7","1","5/31/2024","1364","INFRAWORKS--INFRAWORKS","168541571.00","P","xxxxxxxxx","Y","N","","5/31/2024","9999","Request From LOS Module","","","Y","9999","Request From LOS Module","2"
"100","000104460000099","1390","13","1","6/5/2024","1390","BIO-ENERGY RESOURCES LIMITED-RESIDENTIAL STRUCTURE-MOYO DRIVE ,CHITIPI","39600000.00","P","xxxxxxxxx","Y","N","","6/5/2024","9999","Request From LOS Module","","","Y","9999","Request From LOS Module","13"
"101","000104460000100","113","14","1","6/5/2024","113","MCHINJI CIVIL SERVANTS SACCO BUILDING-COMMERCIAL BUILDING-MCHINJI COMMUNITY GROUND, BOMA","33500000.00","P","xxxxxxxxx","Y","N","","6/5/2024","9999","Request From LOS Module","","","Y","9999","Request From LOS Module","14"
"102","000104460000101","1434","18","1","8/1/2024","1434","TEST NAME-TEST  DESC-LILONGWE, MALAWE","6929292928.60","P","xxxxxxxxx","Y","N","","8/1/2024","9999","Request From LOS Module","","","Y","9999","Request From LOS Module","20"
"103","000104460000102","1434","18","1","8/1/2024","1434","TEST NAME-TEST  DESC-LILONGWE, MALAWE","6929292928.60","P","xxxxxxxxx","Y","N","","8/1/2024","9999","Request From LOS Module","","","Y","9999","Request From LOS Module","20"
"104","000104460000103","1534","19","1","10/1/2024","1534","PLOT","42500000.00","P","xxxxxxxxx","Y","N","","10/1/2024","9999","Request From LOS Module","","","Y","9999","Request From LOS Module","20"
"105","000104460000104","1554","29","1","10/28/2024","1554","BUILDING","135000000.00","P","xxxxxxxxx","Y","N","","10/28/2024","9999","Request From LOS Module","","","Y","9999","Request From LOS Module","36"
"106","000104460000105","1582","32","1","10/31/2024","1582","COMMERCIAL PROPERTY","105000000.00","P","xxxxxxxxx","Y","N","","10/31/2024","9999","Request From LOS Module","","","Y","9999","Request From LOS Module","46"
"107","000104460000106","1554","29","1","10/28/2024","1554","BUILDING","135000000.00","P","xxxxxxxxx","Y","N","","10/28/2024","9999","Request From LOS Module","","","Y","9999","Request From LOS Module","36"
"108","000104460000107","1604","292","1","12/19/2024","1604","AGRICULTURAL PROPERTY WITH SEVERAL STRUCTURESG","77500000.00","P","xxxxxxxxx","Y","N","","12/19/2024","9999","Request From LOS Module","","","Y","9999","Request From LOS Module","69"
"109","000104460000107","1604","332","1","12/31/2024","1604","LANDED PROPERTY","108500000.00","P","xxxxxxxxx","Y","N","","12/31/2024","9999","Request From LOS Module","","","Y","9999","Request From LOS Module","400"
"110","000104460000108","1584","34","1","11/12/2024","1584","RESIDENTIAL PROPERTY","31500000.00","P","xxxxxxxxx","Y","N","","11/12/2024","9999","Request From LOS Module","","","Y","9999","Request From LOS Module","49"
"111","000104460000108","1584","580","1","1/23/2025","1584","RESIDENTIAL PROPERTY","35000000.00","P","xxxxxxxxx","Y","N","","1/23/2025","9999","Request From LOS Module","","","Y","9999","Request From LOS Module","502"
"112","000104460000109","3225","818","1","5/9/2025","3225","SHARED INTEREST GUARANTEE","63700560.00","P","xxxxxxxxx","Y","N","","5/9/2025","9999","Request From LOS Module","","","Y","9999","Request From LOS Module","1792"
"113","000104460000109","3225","819","1","5/9/2025","3225","COMMERCIAL PROPERRTY AT KATONA VILLAGE IN CHITEDZE IN LILONGWE DISTRICT","189750000.00","P","xxxxxxxxx","Y","N","","5/9/2025","9999","Request From LOS Module","","","Y","9999","Request From LOS Module","1788"
"114","000104460000109","3225","820","1","5/9/2025","3225","FINANCING STATEMENT OVER MACHINERY","86300000.00","P","xxxxxxxxx","Y","N","","5/9/2025","9999","Request From LOS Module","","","Y","9999","Request From LOS Module","1791"
"115","000104460000109","3225","1234","1","3/30/2026","3225","COMMERCIAL WAREHOUSE/FACTORY LOCATED ON TITLE DEED NUMBER CHITIPI 2/2/500 IN KATONA VILLAGE, LILONGWE DISTRICT. ","713500000.00","P","xxxxxxxxx","Y","N","","3/30/2026","9999","Request From LOS Module","","","Y","9999","Request From LOS Module","3949"
"116","000104460000110","3230","821","1","5/9/2025","3230","THE FACILITY WILL BE SECURED BY A CHARGE OVER AREA 43 PROPERTY TITLE NUMBER 43/89. ","140000000.00","P","xxxxxxxxx","Y","N","","5/9/2025","9999","Request From LOS Module","","","Y","9999","Request From LOS Module","1812"
"117","000104460000110","3230","822","1","5/9/2025","3230","THE SECURITY POSITION WILL BE ENHANCED BY REGISTRATION OF FINANCING STATEMENT OVER THE COLD CHAIN EQUIPMENT BEING PURCHASED.","97500000.00","P","xxxxxxxxx","Y","N","","5/9/2025","9999","Request From LOS Module","","","Y","9999","Request From LOS Module","1813"
"118","000104460000110","3230","1170","1","6/19/2025","3230","COMMERCIAL PROPERTY","140000000.00","P","xxxxxxxxx","Y","N","","6/19/2025","9999","Request From LOS Module","","","Y","9999","Request From LOS Module","3824"
"119","000104460000110","3230","1171","1","6/19/2025","3230","REGISTRATION OF FINANCING STATEMENT OVER THE COLD CHAIN EQUIPMENT TO BE PURCHASED.","78000000.00","P","xxxxxxxxx","Y","N","","6/19/2025","9999","Request From LOS Module","","","Y","9999","Request From LOS Module","3825"
"120","000104460000111","3217","823","1","5/16/2025","3217","THE FACILITY WILL BE SECURED BY A CASH COVER OF USD 35,000 DEPOSITED WITH NATIONAL BANK, AND CUSTOMER WILL OPEN A USD FOREIGN CURRENCY FIXED DEPOSIT TO BE PLEDGED TO MAIIC FOR THE PERIOD OF THE FACILITY. ADDITIONALLY, THE SECURITY WILL BE ENHANCED THROU","89144550.00","P","xxxxxxxxx","Y","N","","5/16/2025","9999","Request From LOS Module","","","Y","9999","Request From LOS Module","1760"
"121","000104460000111","3217","824","1","5/16/2025","3217","SHARED INTEREST GUARANTEE ","28507050.00","P","xxxxxxxxx","Y","N","","5/16/2025","9999","Request From LOS Module","","","Y","9999","Request From LOS Module","1810"
"122","000104460000111","3217","827","1","5/22/2025","3217",", THE SECURITY WILL BE ENHANCED THROUGH A SHARED INTEREST GUARANTEE AMOUNTING TO MK28.795 MILLION, WHICH COVERS 86% OF THE TOTAL EXPOSURE.","28507050.00","P","xxxxxxxxx","Y","N","","5/22/2025","9999","Request From LOS Module","","","Y","9999","Request From LOS Module","3213"
"123","000104460000111","3217","828","1","5/22/2025","3217","THE FACILITY WILL BE SECURED BY A CASH COVER OF USD 35,000 DEPOSITED WITH NATIONAL BANK, AND CUSTOMER WILL OPEN A USD FOREIGN CURRENCY FIXED DEPOSIT TO BE PLEDGED TO MAIIC FOR THE PERIOD OF THE FACILITY. ADDITIONALLY, THE SECURITY WILL BE ENHANCED THROU","60637500.00","P","xxxxxxxxx","Y","N","","5/22/2025","9999","Request From LOS Module","","","Y","9999","Request From LOS Module","3210"
"124","000104460000111","3217","830","1","5/26/2025","3217","CASH COVER","60637500.00","P","xxxxxxxxx","Y","N","","5/26/2025","9999","Request From LOS Module","","","Y","9999","Request From LOS Module","3736"
"125","000104460000111","3217","831","1","5/26/2025","3217","SHARED INTEREST GUARANTEE ","28507050.00","P","xxxxxxxxx","Y","N","","5/26/2025","9999","Request From LOS Module","","","Y","9999","Request From LOS Module","3737"
"126","000104460000112","1906","1192","1","7/17/2025","1906","THE BUILDING STRUCTURES ON THIS PLOT COMPRISES OF 4 BUILDING BLOCKS EACH  BLOCK MEASURING APPROXIMATELY 82M2 WITH 2 IDENTICAL ENSUITE BEDROOMS","85000000.00","P","xxxxxxxxx","Y","N","","7/17/2025","9999","Request From LOS Module","","","Y","9999","Request From LOS Module","1708"
"127","000104460000113","5330","1213","1","11/30/2025","5330","COMMERCIAL PROPERTY WITH DEED NUMBER 96965 SITUATED ALONG M2 ROAD AT MULANJE BOMA","264000000.00","P","xxxxxxxxx","Y","N","","11/30/2025","9999","Request From LOS Module","","","Y","9999","Request From LOS Module","3922"
"128","000104460000114","5328","1214","1","11/30/2025","5328","RESIDENTIAL PROPERTY","266019600.00","P","xxxxxxxxx","Y","N","","11/30/2025","9999","Request From LOS Module","","","Y","9999","Request From LOS Module","3920"
"129","000104460000115","5327","1221","1","12/12/2025","5327","LIEN OF LOANBOOK VALUED AT MK 838 MILLION","209500000.00","P","xxxxxxxxx","Y","N","","12/12/2025","9999","Request From LOS Module","","","Y","9999","Request From LOS Module","3919"
"130","000104460000116","1810","245","1","12/19/2024","1810","A VEHICLE","29000000.00","P","xxxxxxxxx","Y","N","","12/19/2024","9999","Request From LOS Module","","","Y","9999","Request From LOS Module","359"
"131","000104460000116","1810","246","1","12/19/2024","1810"," A VEHICLE","20000000.00","P","xxxxxxxxx","Y","N","","12/19/2024","9999","Request From LOS Module","","","Y","9999","Request From LOS Module","357"
"132","000104460000116","1810","247","1","12/19/2024","1810","A VEHICLE","89750000.00","P","xxxxxxxxx","Y","N","","12/19/2024","9999","Request From LOS Module","","","Y","9999","Request From LOS Module","358"
"133","000104460000116","1810","248","1","12/19/2024","1810","A VEHICLE","24950000.00","P","xxxxxxxxx","Y","N","","12/19/2024","9999","Request From LOS Module","","","Y","9999","Request From LOS Module","361"
"134","000104460000116","1810","249","1","12/19/2024","1810","A COMMERCIAL PROPERTY","132650000.00","P","xxxxxxxxx","Y","N","","12/19/2024","9999","Request From LOS Module","","","Y","9999","Request From LOS Module","356"
"135","000104460000116","1810","250","1","12/19/2024","1810","A VEHICLE","24950000.00","P","xxxxxxxxx","Y","N","","12/19/2024","9999","Request From LOS Module","","","Y","9999","Request From LOS Module","360"
"136","000104460000116","1810","1222","1","12/16/2025","1810","CREATION OF 7.1% LINE OVER PERFORMING LOAN BOOK VALUED AT MK 7051467424","493602719.68","P","xxxxxxxxx","Y","N","","12/16/2025","9999","Request From LOS Module","","","Y","9999","Request From LOS Module","3933"
"137","000104460000117","5329","1223","1","12/17/2025","5329","THE PROPERTY ON PLOT NO. LUPASO 4/38 IN LUWINGA INDUSTRIAL AREA COMPRISES A FACTORY/WAREHOUSE BLOCK, AN OFFICE BUILDING, AND STAFF QUARTERS IN GOOD STRUCTURAL CONDITION.","397600000.00","P","xxxxxxxxx","Y","N","","12/17/2025","9999","Request From LOS Module","","","Y","9999","Request From LOS Module","3921"
"138","000104460000118","1555","30","1","10/28/2024","1555","RESIDENTIAL PROPERTY","23700000.00","P","xxxxxxxxx","Y","N","","10/28/2024","9999","Request From LOS Module","","","Y","9999","Request From LOS Module","37"
"139","000104460000118","1555","1227","1","12/23/2025","1555","RESIDENTIAL PROPERTY","98840000.00","P","xxxxxxxxx","Y","N","","12/23/2025","9999","Request From LOS Module","","","Y","9999","Request From LOS Module","3923"
"140","000104460000119","5326","1228","1","12/31/2025","5326","CASH IN MONEY MARKET","19800000.00","P","xxxxxxxxx","Y","N","","12/31/2025","9999","Request From LOS Module","","","Y","9999","Request From LOS Module","3918"
"141","000104460000119","5326","1229","1","12/31/2025","5326","CASH COVER HELD IN CDH BANK ACCOUNT","39600000.00","P","xxxxxxxxx","Y","N","","12/31/2025","9999","Request From LOS Module","","","Y","9999","Request From LOS Module","3917"
"142","000104460000120","3225","818","1","5/9/2025","3225","SHARED INTEREST GUARANTEE","63700560.00","P","xxxxxxxxx","Y","N","","5/9/2025","9999","Request From LOS Module","","","Y","9999","Request From LOS Module","1792"
"143","000104460000120","3225","819","1","5/9/2025","3225","COMMERCIAL PROPERRTY AT KATONA VILLAGE IN CHITEDZE IN LILONGWE DISTRICT","189750000.00","P","xxxxxxxxx","Y","N","","5/9/2025","9999","Request From LOS Module","","","Y","9999","Request From LOS Module","1788"
"144","000104460000120","3225","820","1","5/9/2025","3225","FINANCING STATEMENT OVER MACHINERY","86300000.00","P","xxxxxxxxx","Y","N","","5/9/2025","9999","Request From LOS Module","","","Y","9999","Request From LOS Module","1791"
"145","000104460000120","3225","1234","1","3/30/2026","3225","COMMERCIAL WAREHOUSE/FACTORY LOCATED ON TITLE DEED NUMBER CHITIPI 2/2/500 IN KATONA VILLAGE, LILONGWE DISTRICT. ","713500000.00","P","xxxxxxxxx","Y","N","","3/30/2026","9999","Request From LOS Module","","","Y","9999","Request From LOS Module","3949"
"146","000104470000004","887","9","1","6/3/2024","887","NASCOMEX LTD--AREA 28, LILONGWE","783000000.00","P","xxxxxxxxx","Y","N","","6/3/2024","9999","Request From LOS Module","","","Y","9999","Request From LOS Module","4"
"147","000105810000001","1537","22","1","10/1/2024","1537","LILONGWE","23800000.00","P","xxxxxxxxx","Y","N","","10/1/2024","9999","Request From LOS Module","","","Y","9999","Request From LOS Module","23"
"148","000105810000002","1604","292","1","12/19/2024","1604","AGRICULTURAL PROPERTY WITH SEVERAL STRUCTURESG","77500000.00","P","xxxxxxxxx","Y","N","","12/19/2024","9999","Request From LOS Module","","","Y","9999","Request From LOS Module","69"
"149","000105810000002","1604","332","1","12/31/2024","1604","LANDED PROPERTY","108500000.00","P","xxxxxxxxx","Y","N","","12/31/2024","9999","Request From LOS Module","","","Y","9999","Request From LOS Module","400"
"150","000105810000003","3217","823","1","5/16/2025","3217","THE FACILITY WILL BE SECURED BY A CASH COVER OF USD 35,000 DEPOSITED WITH NATIONAL BANK, AND CUSTOMER WILL OPEN A USD FOREIGN CURRENCY FIXED DEPOSIT TO BE PLEDGED TO MAIIC FOR THE PERIOD OF THE FACILITY. ADDITIONALLY, THE SECURITY WILL BE ENHANCED THROU","89144550.00","P","xxxxxxxxx","Y","N","","5/16/2025","9999","Request From LOS Module","","","Y","9999","Request From LOS Module","1760"
"151","000105810000003","3217","824","1","5/16/2025","3217","SHARED INTEREST GUARANTEE ","28507050.00","P","xxxxxxxxx","Y","N","","5/16/2025","9999","Request From LOS Module","","","Y","9999","Request From LOS Module","1810"
"152","000105810000003","3217","827","1","5/22/2025","3217",", THE SECURITY WILL BE ENHANCED THROUGH A SHARED INTEREST GUARANTEE AMOUNTING TO MK28.795 MILLION, WHICH COVERS 86% OF THE TOTAL EXPOSURE.","28507050.00","P","xxxxxxxxx","Y","N","","5/22/2025","9999","Request From LOS Module","","","Y","9999","Request From LOS Module","3213"
"153","000105810000003","3217","828","1","5/22/2025","3217","THE FACILITY WILL BE SECURED BY A CASH COVER OF USD 35,000 DEPOSITED WITH NATIONAL BANK, AND CUSTOMER WILL OPEN A USD FOREIGN CURRENCY FIXED DEPOSIT TO BE PLEDGED TO MAIIC FOR THE PERIOD OF THE FACILITY. ADDITIONALLY, THE SECURITY WILL BE ENHANCED THROU","60637500.00","P","xxxxxxxxx","Y","N","","5/22/2025","9999","Request From LOS Module","","","Y","9999","Request From LOS Module","3210"
"154","000105810000003","3217","830","1","5/26/2025","3217","CASH COVER","60637500.00","P","xxxxxxxxx","Y","N","","5/26/2025","9999","Request From LOS Module","","","Y","9999","Request From LOS Module","3736"
"155","000105810000003","3217","831","1","5/26/2025","3217","SHARED INTEREST GUARANTEE ","28507050.00","P","xxxxxxxxx","Y","N","","5/26/2025","9999","Request From LOS Module","","","Y","9999","Request From LOS Module","3737"
"156","000105810000004","3217","823","1","5/16/2025","3217","THE FACILITY WILL BE SECURED BY A CASH COVER OF USD 35,000 DEPOSITED WITH NATIONAL BANK, AND CUSTOMER WILL OPEN A USD FOREIGN CURRENCY FIXED DEPOSIT TO BE PLEDGED TO MAIIC FOR THE PERIOD OF THE FACILITY. ADDITIONALLY, THE SECURITY WILL BE ENHANCED THROU","89144550.00","P","xxxxxxxxx","Y","N","","5/16/2025","9999","Request From LOS Module","","","Y","9999","Request From LOS Module","1760"
"157","000105810000004","3217","824","1","5/16/2025","3217","SHARED INTEREST GUARANTEE ","28507050.00","P","xxxxxxxxx","Y","N","","5/16/2025","9999","Request From LOS Module","","","Y","9999","Request From LOS Module","1810"
"158","000105810000004","3217","827","1","5/22/2025","3217",", THE SECURITY WILL BE ENHANCED THROUGH A SHARED INTEREST GUARANTEE AMOUNTING TO MK28.795 MILLION, WHICH COVERS 86% OF THE TOTAL EXPOSURE.","28507050.00","P","xxxxxxxxx","Y","N","","5/22/2025","9999","Request From LOS Module","","","Y","9999","Request From LOS Module","3213"
"159","000105810000004","3217","828","1","5/22/2025","3217","THE FACILITY WILL BE SECURED BY A CASH COVER OF USD 35,000 DEPOSITED WITH NATIONAL BANK, AND CUSTOMER WILL OPEN A USD FOREIGN CURRENCY FIXED DEPOSIT TO BE PLEDGED TO MAIIC FOR THE PERIOD OF THE FACILITY. ADDITIONALLY, THE SECURITY WILL BE ENHANCED THROU","60637500.00","P","xxxxxxxxx","Y","N","","5/22/2025","9999","Request From LOS Module","","","Y","9999","Request From LOS Module","3210"
"160","000105810000004","3217","830","1","5/26/2025","3217","CASH COVER","60637500.00","P","xxxxxxxxx","Y","N","","5/26/2025","9999","Request From LOS Module","","","Y","9999","Request From LOS Module","3736"
"161","000105810000004","3217","831","1","5/26/2025","3217","SHARED INTEREST GUARANTEE ","28507050.00","P","xxxxxxxxx","Y","N","","5/26/2025","9999","Request From LOS Module","","","Y","9999","Request From LOS Module","3737"
"162","000106050000001","5320","1215","1","11/30/2025","5320","RESIDENTIAL PROPERTY","1260000000.00","P","xxxxxxxxx","Y","N","","11/30/2025","9999","Request From LOS Module","","","Y","9999","Request From LOS Module","3926"
"163","000106050000002","5319","1216","1","11/30/2025","5319","THE FACILITY IS A RESIDENTIAL PROPERTY TITLE NUMBER BWAILA-21/838 IN THE NAME OF EDITH DULLAH, VALUED AT MK135 MILLION BY PERFECT PROPERTY SOLUTIONS CO LTD, ON 22ND JULY, 2025. THE SUBJECT PROPERTY COMPRISES TWO DWELLING HOUSES, A STAFF QUARTERS, AND A ","94500000.00","P","xxxxxxxxx","Y","N","","11/30/2025","9999","Request From LOS Module","","","Y","9999","Request From LOS Module","3925"
"164","000106050000003","4315","1217","1","11/30/2025","4315","RICE MILLING PLANT","67500000.00","P","xxxxxxxxx","Y","N","","11/30/2025","9999","Request From LOS Module","","","Y","9999","Request From LOS Module","3930"
"165","000106050000003","4315","1218","1","11/30/2025","4315","MAIZE MILLING PLANT","76000000.00","P","xxxxxxxxx","Y","N","","11/30/2025","9999","Request From LOS Module","","","Y","9999","Request From LOS Module","3931"
"166","000106050000003","4315","1219","1","11/30/2025","4315","COMMERCIAL PROPERTY AT CHITIPI, 24/1/53 SITUATED NEAR MINIMBI VILLAGE, LILONGWE ","796600000.00","P","xxxxxxxxx","Y","N","","11/30/2025","9999","Request From LOS Module","","","Y","9999","Request From LOS Module","3932"
"167","000106050000004","5331","1220","1","11/30/2025","5331","FOUR 3 BEROOM TOWN HOUSES","544600000.00","P","xxxxxxxxx","Y","N","","11/30/2025","9999","Request From LOS Module","","","Y","9999","Request From LOS Module","3924"
"168","000106050000005","5332","1224","1","12/18/2025","5332","THE TITLEHOLDER IS WILLIE FARM COVERING 25.539 HECTARES, AND IMPROVEMENTS INCLUDE OFFICE BUILDING, 3 DWELLING HOUSES AND A SHED. THE PROPERTY IS SERVED WITH MAINS WATER AND ELECTRICITY SEWERAGE SYSTEM THROUGH SEPTIC TANKS. THE PROPERTY HAS A TERM OF 21 ","227812500.00","P","xxxxxxxxx","Y","N","","12/18/2025","9999","Request From LOS Module","","","Y","9999","Request From LOS Module","3934"
"169","000106050000005","5332","1225","1","12/18/2025","5332","COMMERCIAL PROPERTY LOCATED IN KARONGA, TOWN CENTRE TITLE KABWIRI 15/13/7 COVERING 423.21 SQUARE METRES","72944000.00","P","xxxxxxxxx","Y","N","","12/18/2025","9999","Request From LOS Module","","","Y","9999","Request From LOS Module","3935"
"170","000106050000005","5332","1226","1","12/18/2025","5332","FINANCING STATEMENT OVER EQUIPMENT TO BE ACQUIRED VALUED AT  MK 238,510,000.","95404000.00","P","xxxxxxxxx","Y","N","","12/18/2025","9999","Request From LOS Module","","","Y","9999","Request From LOS Module","3936"
"171","000106050000006","2664","1230","1","1/16/2026","2664","LOAN BOOK FLOATING LIEN","3500000000.10","P","xxxxxxxxx","Y","N","","1/16/2026","9999","Request From LOS Module","","","Y","9999","Request From LOS Module","3940"
"172","000106050000007","5323","1231","1","3/16/2026","5323","RESIDENTIAL PROPERTY AT KABULA HILL ROAD, TITLE  NUMBER LIKABULA 2339, SITUATED NEXT TO  CASA MIA LODGE, BLANTYRE ","350000000.00","P","xxxxxxxxx","Y","N","","3/16/2026","9999","Request From LOS Module","","","Y","9999","Request From LOS Module","3939"
"173","000106050000007","5323","1232","1","3/16/2026","5323","KANENGO WAREHOUSE TO BE BOUGHT UNDER AGCOM GRANT","478023000.00","P","xxxxxxxxx","Y","N","","3/16/2026","9999","Request From LOS Module","","","Y","9999","Request From LOS Module","3938"
"174","000106050000007","5323","1233","1","3/16/2026","5323","FINANCING STATEMENT ON EQUIPMENT","387073200.00","P","xxxxxxxxx","Y","N","","3/16/2026","9999","Request From LOS Module","","","Y","9999","Request From LOS Module","3937"
"175","000106050000008","5374","1235","1","4/20/2026","5374","A LODGE WITH 40 ROOMS","685000000.00","P","xxxxxxxxx","Y","N","","4/20/2026","9999","Request From LOS Module","","","Y","9999","Request From LOS Module","3950"
"176","000106050000009","5396","1236","1","4/20/2026","5396","LAKE MALAWI AQUACULTURE LTD FISH HATCHERY","323109500.00","P","xxxxxxxxx","Y","N","","4/20/2026","9999","Request From LOS Module","","","Y","9999","Request From LOS Module","3943"
"177","000106050000009","5396","1237","1","4/20/2026","5396","INSURED FISH BIOMASS","341666667.00","P","xxxxxxxxx","Y","N","","4/20/2026","9999","Request From LOS Module","","","Y","9999","Request From LOS Module","3944"
"178","000106050000009","5396","1238","1","4/20/2026","5396","COMMERCIAL PROPERTY IN SALIMA -PLOT NO.341","855000000.00","P","xxxxxxxxx","Y","N","","4/20/2026","9999","Request From LOS Module","","","Y","9999","Request From LOS Module","3941"
"179","000106050000009","5396","1239","1","4/20/2026","5396","HIGH-DENSITY POLYTHENE CIRCULAR FISH CAGES, WELDING MACHINE AND HAND TOOLS","347573500.00","P","xxxxxxxxx","Y","N","","4/20/2026","9999","Request From LOS Module","","","Y","9999","Request From LOS Module","3942"
"180","000106050000010","5395","1240","1","5/13/2026","5395","COMMERCIAL PROPERTY IN KANJEDZA FOREST BLANTYRE","1957500000.00","P","xxxxxxxxx","Y","N","","5/13/2026","9999","Request From LOS Module","","","Y","9999","Request From LOS Module","3952"
"181","000106050000011","4882","1241","1","5/15/2026","4882","THIS IS A COMMERCIAL PROPERTY, LOCATED 50M OFF BYPASS ROAD AT ZAMKUTU TRADING CENTRE LILONGWE, ON TITLE CHITSIME 4/6320 LILONGWE CITY, VALUED AT MWK1.16BN BY PRECIUS TEMBO IN JUNE 2025, SITS ON APPROXIMATELY 0.1420 HECTARES OF FREEHOLD LAND. IT CONSISTS","812000000.00","P","xxxxxxxxx","Y","N","","5/15/2026","9999","Request From LOS Module","","","Y","9999","Request From LOS Module","3958"
"182","000106050000012","5394","1242","1","5/19/2026","5394","LOAN BOOK","653800000.00","P","xxxxxxxxx","Y","N","","5/19/2026","9999","Request From LOS Module","","","Y","9999","Request From LOS Module","3951"
"183","000106050000013","5406","1243","1","6/29/2026","5406","COMMERCIAL PROPERTY WITH TITLE NUMBER ALIMAUNDE 25/1863 LOCATED IN AREA 25, LILONGWE VALUED AT MWK6.1 BILLION BY J.J. KAMTEMA OF REAL PROPERTY AND DEVELOPMENT CONSULTANTS, A REGISTERED VALUATION SURVEYOR ON 11 FEBRUARY 2026","4270000000.00","P","xxxxxxxxx","Y","N","","6/29/2026","9999","Request From LOS Module","","","Y","9999","Request From LOS Module","3959"
"184","000106050000014","5316","1244","1","8/1/2026","5316","LOAN BOOK","2657977290.50","P","xxxxxxxxx","Y","N","","8/1/2026","9999","Request From LOS Module","","","Y","9999","Request From LOS Module","3976"
"185","000106050000015","5413","1246","1","8/28/2026","5413","IT LIES WITHIN A WELL-ESTABLISHED MEDIUM-DENSITY RESIDENTIAL AREA CLOSE TO LIMBE CENTRAL BUSINESS DISTRICT, WITH GOOD ROAD ACCESS, RELIABLE UTILITIES, AND A GENERALLY SECURE NEIGHBORHOOD. THE SITE IS GENTLY SLOPING AND RECTANGULAR, SUPPORTING ORDERLY DE","1148000000.00","P","xxxxxxxxx","Y","N","","8/28/2026","9999","Request From LOS Module","","","Y","9999","Request From LOS Module","3962"
